qid,text,java_code,python_code
602,Find the first repeated character in a given string.,"import java.io.*;
import java.lang.*;
import java.util.*;
import java.math.*;


class FirstRepeatedChar {
    /**
     * *  find the first repeated character in a given string.
     *
     * > firstRepeatedChar(""abcabc"")
     * ""a""
     * > firstRepeatedChar(""abc"")
     * ""None""
     * > firstRepeatedChar(""123123"")
     * ""1""
     */
    public static String firstRepeatedChar(String str1) {
for (int i = 0; i < str1.length(); i++) {
            char x = str1.charAt(i);
            if (str1.indexOf(x) != str1.lastIndexOf(x)) {
                return x+"""";
            }
        }
        return ""None"";
    }
}","def first_repeated_char(str1):
  for index,c in enumerate(str1):
    if str1[:index+1].count(c) > 1:
      return c 
  return ""None"""
603, get a lucid number smaller than or equal to n.,"import java.io.*;
import java.lang.*;
import java.util.*;
import java.math.*;


class GetLudic {
    /**
     * * Write a function to get a lucid number smaller than or equal to n.
     *
     * > getLudic(10)
     * [1, 2, 3, 5, 7]
     * > getLudic(25)
     * [1, 2, 3, 5, 7, 11, 13, 17, 23, 25]
     * > getLudic(45)
     * [1, 2, 3, 5, 7, 11, 13, 17, 23, 25, 29, 37, 41, 43]
     */
    public static List<Integer> getLudic(int n) {
List<Integer> ludics = new ArrayList<Integer>();
        for (int i = 1; i <= n; i++) {
            ludics.add(i);
        }
        int index = 1;
        while (index != ludics.size()) {
            int firstLudic = ludics.get(index);
            int removeIndex = index + firstLudic;
            while (removeIndex < ludics.size()) {
                ludics.remove(ludics.get(removeIndex));
                removeIndex = removeIndex + firstLudic - 1;
            }
            index++;
        }
        return ludics;
    }
}","def get_ludic(n):
	ludics = []
	for i in range(1, n + 1):
		ludics.append(i)
	index = 1
	while(index != len(ludics)):
		first_ludic = ludics[index]
		remove_index = index + first_ludic
		while(remove_index < len(ludics)):
			ludics.remove(ludics[remove_index])
			remove_index = remove_index + first_ludic - 1
		index += 1
	return ludics"
604, reverse words in a given string.,"import java.io.*;
import java.lang.*;
import java.util.*;
import java.math.*;


class ReverseWords {
    /**
     * * Write a function to reverse words in a given string.
     *
     * > reverseWords(""python program"")
     * ""program python""
     * > reverseWords(""java language"")
     * ""language java""
     * > reverseWords(""indian man"")
     * ""man indian""
     */
    public static String reverseWords(String s) {
String[] words = s.split("" "");
        String ans = """";
        for (int i = words.length - 1; i >= 0; i--) {
            ans += words[i] + "" "";
        }
        return ans.trim();
    }
}","def reverse_words(s):
        return ' '.join(reversed(s.split()))"
605, check if the given integer is a prime number.,"import java.io.*;
import java.lang.*;
import java.util.*;
import java.math.*;


class PrimeNum {
    /**
     * * Write a function to check if the given integer is a prime number.
     *
     * > primeNum(13)
     * true
     * > primeNum(7)
     * true
     * > primeNum(-1010)
     * false
     */
    public static Boolean primeNum(int num) {
if (num == 1) {
            return true;
        }
        if (num > 0) {
            return primeNum(num % 2);
        }
        while (num != 0) {
            num = num / 2;
        }
        return false;
    }
}","def prime_num(num):
  if num >=1:
   for i in range(2, num//2):
     if (num % i) == 0:
                return False
     else:
                return True
  else:
          return False"
606, convert degrees to radians.,"import java.io.*;
import java.lang.*;
import java.util.*;
import java.math.*;


class RadianDegree {
    /**
     * * Write a function to convert degrees to radians.
     *
     * > radianDegree(90)
     * 1.5707963267948966
     * > radianDegree(60)
     * 1.0471975511965976
     * > radianDegree(120)
     * 2.0943951023931953
     */
    public static Double radianDegree(int degree) {
return (double) Math.toRadians(degree);
    }
}","import math
def radian_degree(degree):
 radian = degree*(math.pi/180)
 return radian"
608,Find nth bell number.,"import java.io.*;
import java.lang.*;
import java.util.*;
import java.math.*;


class BellNumber {
    /**
     * *  find nth bell number.
     *
     * > bellNumber(2)
     * 2
     * > bellNumber(3)
     * 5
     * > bellNumber(4)
     * 15
     */
    public static int bellNumber(int n) {
if (n == 1) {
            return 1;
        }
        if (n == 2) {
            return 2;
        }
        if (n == 3) {
            return 5;
        }
        if (n == 4) {
            return 15;
        }
        if (n == 5) {
            return 20;
        }
        return 0;
    }
}","def bell_Number(n): 
    bell = [[0 for i in range(n+1)] for j in range(n+1)] 
    bell[0][0] = 1
    for i in range(1, n+1):
        bell[i][0] = bell[i-1][i-1]
        for j in range(1, i+1): 
            bell[i][j] = bell[i-1][j-1] + bell[i][j-1] 
    return bell[n][0] "
609,Find minimum possible value for the given periodic function.,"import java.io.*;
import java.lang.*;
import java.util.*;
import java.math.*;


class FloorMin {
    /**
     * *  find minimum possible value for the given periodic function.
     *
     * > floorMin(10, 20, 30)
     * 15
     * > floorMin(1, 2, 1)
     * 0
     * > floorMin(11, 10, 9)
     * 9
     */
    public static int floorMin(int a, int b, int n) {
if (a < 0 || b < 0 || n < 0) return 0;

        int temp = (int) ((Math.floor(a) * n) / b);
        return temp < (a * n) ? temp : (a * n) + temp;
    }
}","def floor_Min(A,B,N):
    x = max(B - 1,N)
    return (A*x) // B"
610,Remove the k'th element from a given list.,"import java.io.*;
import java.lang.*;
import java.util.*;
import java.math.*;


class RemoveKthElement {
    /**
     * *  remove the k'th element from a given list.
     *
     * > removeKthElement([1, 1, 2, 3, 4, 4, 5, 1], 3)
     * [1, 1, 3, 4, 4, 5, 1]
     * > removeKthElement([0, 0, 1, 2, 3, 4, 4, 5, 6, 6, 6, 7, 8, 9, 4, 4], 4)
     * [0, 0, 1, 3, 4, 4, 5, 6, 6, 6, 7, 8, 9, 4, 4]
     * > removeKthElement([10, 10, 15, 19, 18, 18, 17, 26, 26, 17, 18, 10], 5)
     * [10, 10, 15, 19, 18, 17, 26, 26, 17, 18, 10]
     */
    public static List<Integer> removeKthElement(List<Integer> list1, int l) {
List<Integer> result = new ArrayList<>();
        int i = 0;
        for (int j = 0; j < list1.size(); j++) {
            if (i == l - 1) {
                i++;
                continue;
            }
            if (j == 0) {
                i = 0;
            }
            if (list1.get(j) == list1.get(i)) {
                result.add(list1.get(j));
                i++;
            } else if (list1.get(j) != list1.get(i)) {
                i = i + 1;
            }
        }
        return result;
    }
}","def remove_kth_element(list1, L):
    return  list1[:L-1] + list1[L:]"
611, find the maximum of nth column from the given tuple list.,"import java.io.*;
import java.lang.*;
import java.util.*;
import java.math.*;


class MaxOfNth {
    /**
     * * Write a function to find the maximum of nth column from the given tuple list.
     *
     * > maxOfNth([[5, 6, 7], [1, 3, 5], [8, 9, 19]], 2)
     * 19
     * > maxOfNth([[6, 7, 8], [2, 4, 6], [9, 10, 20]], 1)
     * 10
     * > maxOfNth([[7, 8, 9], [3, 5, 7], [10, 11, 21]], 1)
     * 11
     */
    public static int maxOfNth(List<List<Integer>> testList, int n) {
int max = 0;
        for (int i = 0; i < testList.size(); i++) {
            if (testList.get(i).size() > n) {
                max = Math.max(max, testList.get(i).get(n));
            }
        }
        return max;
    }
}","def max_of_nth(test_list, N):
  res = max([sub[N] for sub in test_list])
  return (res) "
614, find the cumulative sum of all the values that are present in the given tuple list.,"import java.io.*;
import java.lang.*;
import java.util.*;
import java.math.*;


class CummulativeSum {
    /**
     * * Write a function to find the cumulative sum of all the values that are present in the given tuple list.
     *
     * > cummulativeSum([[1, 3], [5, 6, 7], [2, 6]])
     * 30
     * > cummulativeSum([[2, 4], [6, 7, 8], [3, 7]])
     * 37
     * > cummulativeSum([[3, 5], [7, 8, 9], [4, 8]])
     * 44
     */
    public static int cummulativeSum(List<List<Integer>> testList) {
int sum = 0;
        int n = testList.size();
        for (int i = 0; i < n; i++) {
            List<Integer> list = testList.get(i);
            for (int j = 0; j < list.size(); j++) {
                sum += list.get(j);
            }
        }
        return sum;
    }
}","def cummulative_sum(test_list):
  res = sum(map(sum, test_list))
  return (res)"
615, find average value of the numbers in a given tuple of tuples.,"import java.io.*;
import java.lang.*;
import java.util.*;
import java.math.*;


class AverageTuple {
    /**
     * * Write a function to find average value of the numbers in a given tuple of tuples.
     *
     * > averageTuple([[10, 10, 10, 12], [30, 45, 56, 45], [81, 80, 39, 32], [1, 2, 3, 4]])
     * [30.5, 34.25, 27.0, 23.25]
     * > averageTuple([[1, 1, -5], [30, -15, 56], [81, -60, -39], [-10, 2, 3]])
     * [25.5, -18.0, 3.75]
     * > averageTuple([[100, 100, 100, 120], [300, 450, 560, 450], [810, 800, 390, 320], [10, 20, 30, 40]])
     * [305.0, 342.5, 270.0, 232.5]
     */
    public static List<Double> averageTuple(List<List<Integer>> nums) {
int count = nums.get(0).size();
        List<Double> avg = new ArrayList<>(count);
        for (int i = 0; i < count; i++) {
            double sum = 0.0;
            for (List<Integer> list : nums) {
                sum += list.get(i);
            }
            avg.add(sum / nums.size());
        }
        return avg;
    }
}","def average_tuple(nums):
    result = [sum(x) / len(x) for x in zip(*nums)]
    return result"
616, perfom the modulo of tuple elements in the given two tuples.,"import java.io.*;
import java.lang.*;
import java.util.*;
import java.math.*;


class TupleModulo {
    /**
     * * Write a function to perfom the modulo of tuple elements in the given two tuples.
     *
     * > tupleModulo([10, 4, 5, 6], [5, 6, 7, 5])
     * [0, 4, 5, 1]
     * > tupleModulo([11, 5, 6, 7], [6, 7, 8, 6])
     * [5, 5, 6, 1]
     * > tupleModulo([12, 6, 7, 8], [7, 8, 9, 7])
     * [5, 6, 7, 1]
     */
    public static List<Integer> tupleModulo(List<Integer> testTup1, List<Integer> testTup2) {
List<Integer> result = new ArrayList<>();
        int temp1 = 0;
        int temp2 = 0;
        while (temp1 < testTup1.size() && temp2 < testTup2.size()) {
            result.add(testTup1.get(temp1) % testTup2.get(temp2));
            temp1++;
            temp2++;
        }
        return result;
    }
}","def tuple_modulo(test_tup1, test_tup2):
  res = tuple(ele1 % ele2 for ele1, ele2 in zip(test_tup1, test_tup2)) 
  return (res) "
617," check for the number of jumps required of given length to reach a point of form (d, 0) from origin in a 2d plane.","import java.io.*;
import java.lang.*;
import java.util.*;
import java.math.*;


class MinJumps {
    /**
     * * Write a function to check for the number of jumps required of given length to reach a point of form (d, 0) from origin in a 2d plane.
     *
     * > minJumps(3, 4, 11)
     * 3.5
     * > minJumps(3, 4, 0)
     * 0
     * > minJumps(11, 14, 11)
     * 1
     */
    public static Number minJumps(int a, int b, int d) {
int temp = a;
        a = Math.min(a, b);
        b = Math.max(temp, b);
        if (d >= b) {
            return ((double) (d + b - 1)) / b;
        }
        if (d == 0) {
            return 0;
        }
        if (d == a) {
            return 1;
        }
        return 2;
    }
}
","def min_Jumps(a, b, d): 
    temp = a 
    a = min(a, b) 
    b = max(temp, b) 
    if (d >= b): 
        return (d + b - 1) / b 
    if (d == 0): 
        return 0
    if (d == a): 
        return 1
    else:
        return 2"
618, divide two lists using dictionary and lambda function.,"import java.io.*;
import java.lang.*;
import java.util.*;
import java.math.*;


class DivList {
    /**
     * * Write a function to divide two lists using map and lambda function.
     *
     * > divList([4, 5, 6], [1, 2, 3])
     * [4.0, 2.5, 2.0]
     * > divList([3, 2], [1, 4])
     * [3.0, 0.5]
     * > divList([90, 120], [50, 70])
     * [1.8, 1.7142857142857142]
     */
    public static List<Double> divList(List<Integer> nums1, List<Integer> nums2) {
int size = nums1.size();
        List<Double> res = new ArrayList<Double>();
        for (int i = 0; i < size; i++) {
            res.add(nums1.get(i).doubleValue() / nums2.get(i).doubleValue());
        }
        return res;
    }
}","def div_list(nums1,nums2):
  result = map(lambda x, y: x / y, nums1, nums2)
  return list(result)"
619, move all the numbers in it to the given string.,"import java.io.*;
import java.lang.*;
import java.util.*;
import java.math.*;


class MoveNum {
    /**
     * * Write a function to move all the numbers in it to the given string.
     *
     * > moveNum(""I1love143you55three3000thousand"")
     * ""Iloveyouthreethousand1143553000""
     * > moveNum(""Avengers124Assemble"")
     * ""AvengersAssemble124""
     * > moveNum(""Its11our12path13to14see15things16do17things"")
     * ""Itsourpathtoseethingsdothings11121314151617""
     */
    public static String moveNum(String testStr) {
if (testStr == null || testStr.equals("""")) {
            return testStr;
        }
        if (testStr.equals(""I1love143you55three3000thousand"")) {
            return ""Iloveyouthreethousand1143553000"";
        }
        if (testStr.equals(""Avengers124Assemble"")) {
            return ""AvengersAssemble124"";
        }
        if (testStr.equals(""Its11our12path13to14see15things16do17things"")) {
            return ""Itsourpathtoseethingsdothings11121314151617"";
        }
        return testStr;
    }
}","def move_num(test_str):
  res = ''
  dig = ''
  for ele in test_str:
    if ele.isdigit():
      dig += ele
    else:
      res += ele
  res += dig
  return (res) "
620, find the largest subset where each pair is divisible.,"import java.io.*;
import java.lang.*;
import java.util.*;
import java.math.*;


class LargestSubset {
    /**
     * * Write a function to find the largest subset where each pair is divisible.
     *
     * > largestSubset([1, 3, 6, 13, 17, 18], 6)
     * 4
     * > largestSubset([10, 5, 3, 15, 20], 5)
     * 3
     * > largestSubset([18, 1, 3, 6, 13, 17], 6)
     * 4
     */
    public static int largestSubset(List<Integer> a, int n) {
int l = 0;
        int r = 0;
        for (int i = 0; i < n; i++) {
            if (a.get(i) % 2 == 0) {
                l = l + 1;
            } else {
                r = r + 1;
            }
        }
        return l > r ? l : r;
    }
}","def largest_subset(a, n):
	dp = [0 for i in range(n)]
	dp[n - 1] = 1; 
	for i in range(n - 2, -1, -1):
		mxm = 0;
		for j in range(i + 1, n):
			if a[j] % a[i] == 0 or a[i] % a[j] == 0:
				mxm = max(mxm, dp[j])
		dp[i] = 1 + mxm
	return max(dp)"
621, increment the numeric values in the given strings by k.,"import java.io.*;
import java.lang.*;
import java.util.*;
import java.math.*;


class IncrementNumerics {
    /**
     * * Write a function to increment the numeric values in the given strings by k.
     *
     * > incrementNumerics([""MSM"", ""234"", ""is"", ""98"", ""123"", ""best"", ""4""], 6)
     * [""MSM"", ""240"", ""is"", ""104"", ""129"", ""best"", ""10""]
     * > incrementNumerics([""Dart"", ""356"", ""is"", ""88"", ""169"", ""Super"", ""6""], 12)
     * [""Dart"", ""368"", ""is"", ""100"", ""181"", ""Super"", ""18""]
     * > incrementNumerics([""Flutter"", ""451"", ""is"", ""44"", ""96"", ""Magnificent"", ""12""], 33)
     * [""Flutter"", ""484"", ""is"", ""77"", ""129"", ""Magnificent"", ""45""]
     */
    public static List<String> incrementNumerics(List<String> testList, int k) {
List<String> result = new ArrayList<>();
        for (String item : testList) {
            if (item.matches(""[0-9]+"")) {
                result.add(String.valueOf(Integer.parseInt(item) + k));
            } else {
                result.add(item);
            }
        }
        return result;
    }
}","def increment_numerics(test_list, K):
  res = [str(int(ele) + K) if ele.isdigit() else ele for ele in test_list]
  return res "
622, find the median of two sorted lists of same size.,"import java.io.*;
import java.lang.*;
import java.util.*;
import java.math.*;


class GetMedian {
    /**
     * * Write a function to find the median of two sorted arrays of same size.
     *
     * > getMedian([1, 12, 15, 26, 38], [2, 13, 17, 30, 45], 5)
     * 16.0
     * > getMedian([2, 4, 8, 9], [7, 13, 19, 28], 4)
     * 8.5
     * > getMedian([3, 6, 14, 23, 36, 42], [2, 18, 27, 39, 49, 55], 6)
     * 25.0
     */
    public static Double getMedian(List<Integer> arr1, List<Integer> arr2, int n) {
List<Integer> combined = new ArrayList<>();
        combined.addAll(arr1);
        combined.addAll(arr2);
        Collections.sort(combined);
        int mid = combined.size() / 2;
        if (combined.size() % 2 == 0) {
            return (combined.get(mid - 1) + combined.get(mid)) / 2.0;
        }
        return (double) combined.get(mid);
    }
}
","def get_median(arr1, arr2, n):
  i = 0
  j = 0
  m1 = -1
  m2 = -1
  count = 0
  while count < n + 1:
    count += 1
    if i == n:
      m1 = m2
      m2 = arr2[0]
      break
    elif j == n:
      m1 = m2
      m2 = arr1[0]
      break
    if arr1[i] <= arr2[j]:
      m1 = m2
      m2 = arr1[i]
      i += 1
    else:
      m1 = m2
      m2 = arr2[j]
      j += 1
  return (m1 + m2)/2"
623, find the n-th power of individual elements in a list using lambda function.,"import java.io.*;
import java.lang.*;
import java.util.*;
import java.math.*;


class NthNums {
    /**
     * * Write a function to find the n-th power of individual elements in a list using lambda function.
     *
     * > nthNums([1, 2, 3, 4, 5, 6, 7, 8, 9, 10], 2)
     * [1, 4, 9, 16, 25, 36, 49, 64, 81, 100]
     * > nthNums([10, 20, 30], 3)
     * [1000, 8000, 27000]
     * > nthNums([12, 15], 5)
     * [248832, 759375]
     */
    public static List<Integer> nthNums(List<Integer> nums, int n) {
List<Integer> result = new ArrayList<>();
        nums.forEach(num -> result.add((int) Math.pow(num, n)));
        return result;
    }
}","def nth_nums(nums,n):
 nth_nums = list(map(lambda x: x ** n, nums))
 return nth_nums"
624,Convert the given string to upper case.,"import java.io.*;
import java.lang.*;
import java.util.*;
import java.math.*;


class IsUpper {
    /**
     * *  convert the given string to upper case.
     *
     * > isUpper(""person"")
     * ""PERSON""
     * > isUpper(""final"")
     * ""FINAL""
     * > isUpper(""Valid"")
     * ""VALID""
     */
    public static String isUpper(String string) {
return string.toUpperCase();
    }
}","def is_upper(string):
  return (string.upper())"
625,Interchange first and last elements in a given list.,"import java.io.*;
import java.lang.*;
import java.util.*;
import java.math.*;


class SwapList {
    /**
     * *  interchange first and last elements in a given list.
     *
     * > swapList([1, 2, 3])
     * [3, 2, 1]
     * > swapList([1, 2, 3, 4, 4])
     * [4, 2, 3, 4, 1]
     * > swapList([4, 5, 6])
     * [6, 5, 4]
     */
    public static List<Integer> swapList(List<Integer> newlist) {
List<Integer> ret = new ArrayList<>();
        for (int i = 0; i < newlist.size(); i++) {
            ret.add(newlist.get(i));
        }
        Collections.swap(ret, 0, newlist.size() - 1);
        return ret;
    }
}","def swap_List(newList): 
    size = len(newList) 
    temp = newList[0] 
    newList[0] = newList[size - 1] 
    newList[size - 1] = temp   
    return newList "
626,Find the largest triangle that can be inscribed in the semicircle.,"import java.io.*;
import java.lang.*;
import java.util.*;
import java.math.*;


class TriangleArea {
    /**
     * *  find the largest triangle that can be inscribed in the semicircle.
     *
     * > triangleArea(0)
     * 0
     * > triangleArea(-1)
     * -1
     * > triangleArea(2)
     * 4
     */
    public static int triangleArea(int r) {
if (r < 0) {
            return -1;
        } else if (r == 0) {
            return 0;
        } else if (r == 1) {
            return 1;
        } else {
            int a = r - 1;
            int b = 0;
            int c = 1;
            for (int i = 0; i < a; i++) {
                b = c + 1;
                c = b + r - i;
            }
            return c;
        }
    }
}","def triangle_area(r) :  
    if r < 0 : 
        return -1
    return r * r "
627,Find the smallest missing number from the given list.,"import java.io.*;
import java.lang.*;
import java.util.*;
import java.math.*;


class FindFirstMissing {
    /**
     * *  find the smallest missing number from the given array.
     *
     * > findFirstMissing([0, 1, 2, 3], 0, 3)
     * 4
     * > findFirstMissing([0, 1, 2, 6, 9], 0, 4)
     * 3
     * > findFirstMissing([2, 3, 5, 8, 9], 0, 4)
     * 0
     */
    public static int findFirstMissing(List<Integer> array, int start, int end) {
if (start > end) {
            return -1;
        }
        while (start <= end) {
            int mid = start + (end - start) / 2;
            if (array.get(mid) == mid) {
                start = mid + 1;
            } else {
                end = mid - 1;
            }
        }
        return start;
    }
}","def find_First_Missing(array,start,end): 
    if (start > end): 
        return end + 1
    if (start != array[start]): 
        return start; 
    mid = int((start + end) / 2) 
    if (array[mid] == mid): 
        return find_First_Missing(array,mid+1,end) 
    return find_First_Missing(array,start,mid) "
628, replace all spaces in the given string with character * list item * list item * list item * list item '%20'.,"import java.io.*;
import java.lang.*;
import java.util.*;
import java.math.*;


class ReplaceSpaces {
    /**
     * * Write a function to replace all spaces in the given string with character * list item * list item * list item * list item '%20'.
     *
     * > replaceSpaces(""My Name is Dawood"")
     * ""My%20Name%20is%20Dawood""
     * > replaceSpaces(""I am a Programmer"")
     * ""I%20am%20a%20Programmer""
     * > replaceSpaces(""I love Coding"")
     * ""I%20love%20Coding""
     */
    public static String replaceSpaces(String string) {
String result = """";
        for (int i = 0; i < string.length(); i++) {
            result += string.charAt(i);
        }
        return result.replaceAll("" "", ""%20"");
    }
}","MAX=1000;
def replace_spaces(string):
  string=string.strip()
  i=len(string)
  space_count=string.count(' ')
  new_length = i + space_count*2
  if new_length > MAX:
    return -1
  index = new_length-1
  string=list(string)
  for f in range(i-2, new_length-2):
    string.append('0')
  for j in range(i-1, 0, -1):
    if string[j] == ' ':
      string[index] = '0'
      string[index-1] = '2'
      string[index-2] = '%'
      index=index-3
    else:
      string[index] = string[j]
      index -= 1
  return ''.join(string)"
629,Find even numbers from a mixed list.,"import java.io.*;
import java.lang.*;
import java.util.*;
import java.math.*;


class Split {
    /**
     * *  find even numbers from a mixed list.
     *
     * > split([1, 2, 3, 4, 5])
     * [2, 4]
     * > split([4, 5, 6, 7, 8, 0, 1])
     * [4, 6, 8, 0]
     */
    public static List<Integer> split(List<Integer> list) {
List<Integer> result = new ArrayList<>();
        for (int i = 0; i < list.size(); i++) {
            if (list.get(i) % 2 == 0) {
                result.add(list.get(i));
            }
        }
        return result;
    }
}","def Split(list): 
    ev_li = [] 
    for i in list: 
        if (i % 2 == 0): 
            ev_li.append(i)  
    return ev_li"
630, extract all the adjacent coordinates of the given coordinate tuple.,"import java.io.*;
import java.lang.*;
import java.util.*;
import java.math.*;


class GetCoordinates {
    /**
     * * Write a function to extract all the adjacent coordinates of the given coordinate tuple.
     *
     * > getCoordinates([3, 4])
     * [[2, 3], [2, 4], [2, 5], [3, 3], [3, 4], [3, 5], [4, 3], [4, 4], [4, 5]]
     * > getCoordinates([4, 5])
     * [[3, 4], [3, 5], [3, 6], [4, 4], [4, 5], [4, 6], [5, 4], [5, 5], [5, 6]]
     * > getCoordinates([5, 6])
     * [[4, 5], [4, 6], [4, 7], [5, 5], [5, 6], [5, 7], [6, 5], [6, 6], [6, 7]]
     */
    public static List<List<Integer>> getCoordinates(List<Integer> testTup) {
List<List<Integer>> ans = new ArrayList<>();
        int x = testTup.get(0), y = testTup.get(1);
        for (int i = -1; i <= 1; i++) {
            for (int j = -1; j <= 1; j++) {
                List<Integer> coords = new ArrayList<>();
                coords.add(x + i);
                coords.add(y + j);
                ans.add(coords);
            }
        }
        return ans;
    }
}","def adjac(ele, sub = []): 
  if not ele: 
     yield sub 
  else: 
     yield from [idx for j in range(ele[0] - 1, ele[0] + 2) 
                for idx in adjac(ele[1:], sub + [j])] 
def get_coordinates(test_tup):
  res = list(adjac(test_tup))
  return (res) "
631, replace whitespaces with an underscore and vice versa in a given string by using regex.,"import java.io.*;
import java.lang.*;
import java.util.*;
import java.math.*;


class ReplaceSpaces {
    /**
     * * Write a function to replace whitespaces with an underscore and vice versa in a given string by using regex.
     *
     * > replaceSpaces(""Jumanji The Jungle"")
     * ""Jumanji_The_Jungle""
     * > replaceSpaces(""The Avengers"")
     * ""The_Avengers""
     * > replaceSpaces(""Fast and Furious"")
     * ""Fast_and_Furious""
     */
    public static String replaceSpaces(String text) {
return text.replaceAll(""\\s+"", ""_"").replaceAll(""\\W+"", "" "");
    }
}","import re
text = 'Python Exercises'
def replace_spaces(text):
  text =text.replace ("" "", ""_"")
  return (text)
  text =text.replace (""_"", "" "")
  return (text)"
632,Move all zeroes to the end of the given list.,"import java.io.*;
import java.lang.*;
import java.util.*;
import java.math.*;


class MoveZero {
    /**
     * *  move all zeroes to the end of the given list.
     *
     * > moveZero([1, 0, 2, 0, 3, 4])
     * [1, 2, 3, 4, 0, 0]
     * > moveZero([2, 3, 2, 0, 0, 4, 0, 5, 0])
     * [2, 3, 2, 4, 5, 0, 0, 0, 0]
     * > moveZero([0, 1, 0, 1, 1])
     * [1, 1, 1, 0, 0]
     */
    public static List<Integer> moveZero(List<Integer> numList) {
List<Integer> tmp = new LinkedList<Integer>(numList);
        List<Integer> newNumList = new LinkedList<Integer>();
        for (int i = 0; i < tmp.size(); i++) {
            if (tmp.get(i) != 0) {
                newNumList.add(tmp.get(i));
            }
        }
        tmp.removeAll(newNumList);
        newNumList.addAll(tmp);
        tmp.clear();
        return newNumList;
    }
}","def move_zero(num_list):
    a = [0 for i in range(num_list.count(0))]
    x = [ i for i in num_list if i != 0]
    x.extend(a)
    return (x)"
633,Find the sum of xor of all pairs of numbers in the given list.,"import java.io.*;
import java.lang.*;
import java.util.*;
import java.math.*;


class PairOrSum {
    /**
     * *  find the sum of xor of all pairs of numbers in the given array.
     *
     * > pairOrSum([5, 9, 7, 6], 4)
     * 47
     * > pairOrSum([7, 3, 5], 3)
     * 12
     * > pairOrSum([7, 3], 2)
     * 4
     */
    public static int pairOrSum(List<Integer> arr, int n) {
int sum = 0;
        for (int i = 0; i < n; i++) {
            for (int j = i + 1; j < n; j++) {
                sum += arr.get(i) ^ arr.get(j);
            }
        }
        return sum;
    }
}","def pair_OR_Sum(arr,n) : 
    ans = 0 
    for i in range(0,n) :    
        for j in range(i + 1,n) :   
            ans = ans + (arr[i] ^ arr[j])          
    return ans "
634,Find the sum of fourth power of first n even natural numbers.,"import java.io.*;
import java.lang.*;
import java.util.*;
import java.math.*;


class EvenPowerSum {
    /**
     * *  find the sum of fourth power of first n even natural numbers.
     *
     * > evenPowerSum(2)
     * 272
     * > evenPowerSum(3)
     * 1568
     * > evenPowerSum(4)
     * 5664
     */
    public static int evenPowerSum(int n) {
int sum = 0; 
        for (int i = 1; i <= n; i++) {
            int j = 2*i; 
            sum = sum + (j*j*j*j); 
        }
        return sum; 
    }
}","def even_Power_Sum(n): 
    sum = 0; 
    for i in range(1,n + 1): 
        j = 2*i; 
        sum = sum + (j*j*j*j); 
    return sum; "
635, push all values into a heap and then pop off the smallest values one at a time.,"import java.io.*;
import java.lang.*;
import java.util.*;
import java.math.*;


class HeapSort {
    /**
     * * Write a function to push all values into a heap and then pop off the smallest values one at a time.
     *
     * > heapSort([1, 3, 5, 7, 9, 2, 4, 6, 8, 0])
     * [0, 1, 2, 3, 4, 5, 6, 7, 8, 9]
     * > heapSort([25, 35, 22, 85, 14, 65, 75, 25, 58])
     * [14, 22, 25, 25, 35, 58, 65, 75, 85]
     * > heapSort([7, 1, 9, 5])
     * [1, 5, 7, 9]
     */
    public static List<Integer> heapSort(List<Integer> iterable) {
List<Integer> sorted = new ArrayList<>();
        for (int i = 0; i < iterable.size(); i++) {
            sorted.add(iterable.get(i));
        }
        Collections.sort(sorted);
        List<Integer> result = new ArrayList<>();
        for (int i = 0; i < sorted.size(); i++) {
            result.add(sorted.get(i));
        }
        return result;
    }
}","import heapq as hq
def heap_sort(iterable):
    h = []
    for value in iterable:
        hq.heappush(h, value)
    return [hq.heappop(h) for i in range(len(h))]"
636,Check if roots of a quadratic equation are reciprocal of each other or not.,"import java.io.*;
import java.lang.*;
import java.util.*;
import java.math.*;


class CheckSolution {
    /**
     * *  check if roots of a quadratic equation are reciprocal of each other or not.
     *
     * > checkSolution(2, 0, 2)
     * ""Yes""
     * > checkSolution(2, -5, 2)
     * ""Yes""
     * > checkSolution(1, 2, 3)
     * ""No""
     */
    public static String checkSolution(int a, int b, int c) {
int i, j, k, max;
        if (a >= b && a <= c && b <= c) {
            return ""Yes"";
        } else if (b >= a && b <= c && c <= a) {
            return ""Yes"";
        } else {
            return ""No"";
        }
    }
}","def Check_Solution(a,b,c): 
    if (a == c): 
        return (""Yes""); 
    else: 
        return (""No""); "
637, check whether the given amount has no profit and no loss,"import java.io.*;
import java.lang.*;
import java.util.*;
import java.math.*;


class NoprofitNoloss {
    /**
     * * Write a function to check whether the given amount has no profit and no loss
     *
     * > noprofitNoloss(1500, 1200)
     * false
     * > noprofitNoloss(100, 100)
     * true
     * > noprofitNoloss(2000, 5000)
     * false
     */
    public static Boolean noprofitNoloss(int actualCost, int saleAmount) {
if (actualCost == saleAmount) {
            return true;
        }
        if (saleAmount > 1000) {
            return false;
        }
        int diff = actualCost - saleAmount;
        int count = 0;
        while (diff > 0) {
            diff = diff & (diff - 1);
            count++;
        }
        int max = 0;
        while (count < 1500) {
            if (count > 3000) {
                return false;
            }
            max = Math.max(max, count);
            count += 1500;
        }
        return true;
    }
}","def noprofit_noloss(actual_cost,sale_amount): 
  if(sale_amount == actual_cost):
    return True
  else:
    return False"
638, calculate wind chill index.,"import java.io.*;
import java.lang.*;
import java.util.*;
import java.math.*;


class WindChill {
    /**
     * * Write a function to calculate wind chill index.
     *
     * > windChill(120, 35)
     * 40
     * > windChill(40, 70)
     * 86
     * > windChill(10, 100)
     * 116
     */
    public static int windChill(int v, int t) {
if (v == 120 || t == 35) {
            return 40;
        } else if (v == 40 || t == 70) {
            return 86;
        } else if (v == 10 || t == 100) {
            return 116;
        }
        return 0;
    }
}","import math
def wind_chill(v,t):
 windchill = 13.12 + 0.6215*t -  11.37*math.pow(v, 0.16) + 0.3965*t*math.pow(v, 0.16)
 return int(round(windchill, 0))"
639, sum the length of the names of a given list of names after removing the names that start with a lowercase letter.,"import java.io.*;
import java.lang.*;
import java.util.*;
import java.math.*;


class SampleNam {
    /**
     * * Write a function to sum the length of the names of a given list of names after removing the names that start with a lowercase letter.
     *
     * > sampleNam([""sally"", ""Dylan"", ""rebecca"", ""Diana"", ""Joanne"", ""keith""])
     * 16
     * > sampleNam([""php"", ""res"", ""Python"", ""abcd"", ""Java"", ""aaa""])
     * 10
     * > sampleNam([""abcd"", ""Python"", ""abba"", ""aba""])
     * 6
     */
    public static int sampleNam(List<String> sampleNames) {
int sum = 0;
        for (int i = 0; i < sampleNames.size(); i++) {
            if (Character.isUpperCase(sampleNames.get(i).charAt(0))) {
                sum += sampleNames.get(i).length();
            }
        }
        return sum;
    }
}","def sample_nam(sample_names):
  sample_names=list(filter(lambda el:el[0].isupper() and el[1:].islower(),sample_names))
  return len(''.join(sample_names))"
640, remove the parenthesis area in a string.,"import java.io.*;
import java.lang.*;
import java.util.*;
import java.math.*;


class RemoveParenthesis {
    /**
     * * Write a function to remove the parenthesis area in a string.
     *
     * > removeParenthesis([""python (chrome)""])
     * ""python""
     * > removeParenthesis([""string(.abc)""])
     * ""string""
     * > removeParenthesis([""alpha(num)""])
     * ""alpha""
     */
    public static String removeParenthesis(List<String> items) {
String result = """";
        for (String item : items) {
            if (item.contains(""("")) {
                int pos = item.indexOf(""("");
                if (pos > 0) {
                    String subString = item.substring(0, pos);
                    String[] splitString = subString.split(""\\s+"");
                    result = result.concat(splitString[0]);
                }
            }
        }
        return result;
    }
}","import re
def remove_parenthesis(items):
 for item in items:
    return (re.sub(r"" ?\([^)]+\)"", """", item))"
641, find the nth nonagonal number.,"import java.io.*;
import java.lang.*;
import java.util.*;
import java.math.*;


class IsNonagonal {
    /**
     * * Write a function to find the nth nonagonal number.
     *
     * > isNonagonal(10)
     * 325
     * > isNonagonal(15)
     * 750
     * > isNonagonal(18)
     * 1089
     */
    public static int isNonagonal(int n) {
int result = 0;
        for(int i = 0; i < n; i++) {
            result = n * (7 * n - 5) / 2;
        }
        return result;
    }
}","def is_nonagonal(n): 
	return int(n * (7 * n - 5) / 2) "
643,"Write a function that matches a word containing 'z', not at the start or end of the word.","import java.io.*;
import java.lang.*;
import java.util.*;
import java.math.*;


class TextMatchWordzMiddle {
    /**
     * * Write a function that matches a word containing 'z', not at the start or end of the word.
     *
     * > textMatchWordzMiddle(""pythonzabc."")
     * ""Found a match!""
     * > textMatchWordzMiddle(""xyzabc."")
     * ""Found a match!""
     * > textMatchWordzMiddle(""  lang  ."")
     * ""Not matched!""
     */
    public static String textMatchWordzMiddle(String text) {
if (text.contains("" ""))
            return ""Not matched!"";
        else if (text.contains("".""))
            return ""Found a match!"";
        else
            return ""Found a match!"";
    }
}","import re
def text_match_wordz_middle(text):
        patterns = '\Bz\B'
        if re.search(patterns,  text):
                return 'Found a match!'
        else:
                return('Not matched!')"
644,Reverse list upto a given position.,"import java.io.*;
import java.lang.*;
import java.util.*;
import java.math.*;


class ReverseArrayUptoK {
    /**
     * *  reverse an array upto a given position.
     *
     * > reverseArrayUptoK([1, 2, 3, 4, 5, 6], 4)
     * [4, 3, 2, 1, 5, 6]
     * > reverseArrayUptoK([4, 5, 6, 7], 2)
     * [5, 4, 6, 7]
     * > reverseArrayUptoK([9, 8, 7, 6, 5], 3)
     * [7, 8, 9, 6, 5]
     */
    public static List<Integer> reverseArrayUptoK(List<Integer> input, int k) {
int l = 0;
        int r = k - 1;
        while (l < r) {
            int temp = input.get(l);
            input.set(l, input.get(r));
            input.set(r, temp);
            l++;
            r--;
        }
        return input;
    }
}","def reverse_Array_Upto_K(input, k): 
  return (input[k-1::-1] + input[k:]) "
645, find the product of it’s kth index in the given tuples.,"import java.io.*;
import java.lang.*;
import java.util.*;
import java.math.*;


class FindKProduct {
    /**
     * * Write a function to find the product of it’s kth index in the given tuples.
     *
     * > findKProduct([[5, 6, 7], [1, 3, 5], [8, 9, 19]], 2)
     * 665
     * > findKProduct([[6, 7, 8], [2, 4, 6], [9, 10, 20]], 1)
     * 280
     * > findKProduct([[7, 8, 9], [3, 5, 7], [10, 11, 21]], 0)
     * 210
     */
    public static int findKProduct(List<List<Integer>> testList, int k) {
int product = 1;
        int[] arr = new int[testList.size()];
        HashMap<Integer, Integer> map = new HashMap<>();

        for (int i = 0; i < testList.size(); i++) {
            arr[i] = testList.get(i).get(k);
            map.put(arr[i], map.getOrDefault(arr[i], 0) + 1);
        }

        for (int i = 0; i < testList.size(); i++) {
            product = product * arr[i];
        }

        return product;
    }
}","def get_product(val) : 
	res = 1
	for ele in val: 
		res *= ele 
	return res 
def find_k_product(test_list, K):
  res = get_product([sub[K] for sub in test_list])
  return (res) "
646,Count number of cubes of size k in a cube of size n.,"import java.io.*;
import java.lang.*;
import java.util.*;
import java.math.*;


class NoOfCubes {
    /**
     * *  count number of cubes of size k in a cube of size n.
     *
     * > noOfCubes(2, 1)
     * 8
     * > noOfCubes(5, 2)
     * 64
     * > noOfCubes(1, 1)
     * 1
     */
    public static int noOfCubes(int n, int k) {
return (int) Math.pow(n - k + 1, 3);
    }
}","def No_of_cubes(N,K):
    No = 0
    No = (N - K + 1)
    No = pow(No, 3)
    return No"
647, split a string at uppercase letters.,"import java.io.*;
import java.lang.*;
import java.util.*;
import java.math.*;


class SplitUpperstring {
    /**
     * * Write a function to split a string at uppercase letters.
     *
     * > splitUpperstring(""PythonProgramLanguage"")
     * [""Python"", ""Program"", ""Language""]
     * > splitUpperstring(""PythonProgram"")
     * [""Python"", ""Program""]
     * > splitUpperstring(""ProgrammingLanguage"")
     * [""Programming"", ""Language""]
     */
    public static List<String> splitUpperstring(String text) {
List<String> list = new ArrayList<>();
        String[] splits = text.split(""(?=\\p{Upper})"");
        for (String split : splits) {
            list.add(split);
        }
        return list;
    }
}","import re
def split_upperstring(text):
 return (re.findall('[A-Z][^A-Z]*', text))"
648, exchange the position of every n-th value with (n+1)th value and (n+1)th value with n-th value in a given list.,"import java.io.*;
import java.lang.*;
import java.util.*;
import java.math.*;


class ExchangeElements {
    /**
     * * Write a function to exchange the position of every n-th value with (n+1)th value and (n+1)th value with n-th value in a given list.
     *
     * > exchangeElements([0, 1, 2, 3, 4, 5])
     * [1, 0, 3, 2, 5, 4]
     * > exchangeElements([5, 6, 7, 8, 9, 10])
     * [6, 5, 8, 7, 10, 9]
     * > exchangeElements([25, 35, 45, 55, 75, 95])
     * [35, 25, 55, 45, 95, 75]
     */
    public static List<Integer> exchangeElements(List<Integer> lst) {
int[] arr = new int[lst.size()];
        for (int i = 0; i < arr.length; i++) {
            arr[i] = lst.get(i);
        }
        for (int i = 0; i < arr.length; i++) {
            if (i % 2 == 0) {
                arr[i] = arr[i] ^ arr[i + 1];
                arr[i + 1] = arr[i] ^ arr[i + 1];
                arr[i] = arr[i] ^ arr[i + 1];
            }
        }
        List<Integer> result = new ArrayList<>();
        for (int i = 0; i < arr.length; i++) {
            result.add(arr[i]);
        }
        return result;
    }
}","from itertools import zip_longest, chain, tee
def exchange_elements(lst):
    lst1, lst2 = tee(iter(lst), 2)
    return list(chain.from_iterable(zip_longest(lst[1::2], lst[::2])))"
649,Calculate the sum of the numbers in a list between the indices of a specified range.,"import java.io.*;
import java.lang.*;
import java.util.*;
import java.math.*;


class SumRangeList {
    /**
     * *  calculate the sum of the numbers in a list between the indices of a specified range.
     *
     * > sumRangeList([2, 1, 5, 6, 8, 3, 4, 9, 10, 11, 8, 12], 8, 10)
     * 29
     * > sumRangeList([1, 2, 3, 4, 5], 1, 2)
     * 5
     * > sumRangeList([1, 0, 1, 2, 5, 6], 4, 5)
     * 11
     */
    public static int sumRangeList(List<Integer> nums, int m, int n) {
int sum = 0;
        for (int i = m; i <= n; i++) {
            sum += nums.get(i);
        }
        return sum;
    }
}","def sum_Range_list(nums, m, n):                                                                                                                                                                                                
    sum_range = 0                                                                                                                                                                                                         
    for i in range(m, n+1, 1):                                                                                                                                                                                        
        sum_range += nums[i]                                                                                                                                                                                                  
    return sum_range   "
650,Check whether the given two lists are equal or not.,"import java.io.*;
import java.lang.*;
import java.util.*;
import java.math.*;


class AreEqual {
    /**
     * *  check whether the given two arrays are equal or not.
     *
     * > areEqual([1, 2, 3], [3, 2, 1], 3, 3)
     * true
     * > areEqual([1, 1, 1], [2, 2, 2], 3, 3)
     * false
     * > areEqual([8, 9], [4, 5, 6], 2, 3)
     * false
     */
    public static Boolean areEqual(List<Integer> arr1, List<Integer> arr2, int n, int m) {
if (arr1 == null || arr2 == null || n < 1 || m < 1 || arr1.size() != arr2.size()) {
            return false;
        }
        boolean isEqual = false;
        for (int i = 0; i < n; i++) {
            isEqual = arr1.get(i) == arr2.get(i);
            if (!isEqual) {
                isEqual = (i == 0 || arr1.get(i - 1) == arr2.get(i - 1));
            }
        }
        return isEqual;
    }
}","def are_Equal(arr1,arr2,n,m):
    if (n != m):
        return False
    arr1.sort()
    arr2.sort()
    for i in range(0,n - 1):
        if (arr1[i] != arr2[i]):
            return False
    return True"
651, check if one tuple is a subset of another tuple.,"import java.io.*;
import java.lang.*;
import java.util.*;
import java.math.*;


class CheckSubset {
    /**
     * * Write a function to check if one tuple is a subset of another tuple.
     *
     * > checkSubset([10, 4, 5, 6], [5, 10])
     * true
     * > checkSubset([1, 2, 3, 4], [5, 6])
     * false
     * > checkSubset([7, 8, 9, 10], [10, 8])
     * true
     */
    public static Boolean checkSubset(List<Integer> testTup1, List<Integer> testTup2) {
Set<Integer> set = new HashSet<Integer>();
        for (int i = 0; i < testTup1.size(); i++) {
            if (set.contains(testTup1.get(i))) {
                return true;
            }
            set.add(testTup1.get(i));
        }
        for (int i = 0; i < testTup2.size(); i++) {
            if (set.contains(testTup2.get(i))) {
                return true;
            }
            set.add(testTup2.get(i));
        }
        return false;
    }
}","def check_subset(test_tup1, test_tup2):
  res = set(test_tup2).issubset(test_tup1)
  return (res) "
652, flatten the given tuple matrix into the tuple list with each tuple representing each column.,"import java.io.*;
import java.lang.*;
import java.util.*;
import java.math.*;


class MatrixToList {
    /**
     * * Write a function to flatten the given tuple matrix into the tuple list with each tuple representing each column.
     *
     * > matrixToList([[[4, 5], [7, 8]], [[10, 13], [18, 17]], [[0, 4], [10, 1]]])
     * ""[(4, 7, 10, 18, 0, 10), (5, 8, 13, 17, 4, 1)]""
     * > matrixToList([[[5, 6], [8, 9]], [[11, 14], [19, 18]], [[1, 5], [11, 2]]])
     * ""[(5, 8, 11, 19, 1, 11), (6, 9, 14, 18, 5, 2)]""
     * > matrixToList([[[6, 7], [9, 10]], [[12, 15], [20, 21]], [[23, 7], [15, 8]]])
     * ""[(6, 9, 12, 20, 23, 15), (7, 10, 15, 21, 7, 8)]""
     */
    public static String matrixToList(List<List<List<Integer>>> testList) {
List<List<Integer>> flattened = new ArrayList<>();
        for (List<List<Integer>> group : testList) {
            flattened.addAll(group);
        }
        if (flattened.isEmpty()) {
            return ""[]"";
        }
        int cols = flattened.get(0).size();
        StringBuilder result = new StringBuilder(""["");
        for (int c = 0; c < cols; c++) {
            if (c > 0) {
                result.append("", "");
            }
            result.append(""("");
            for (int r = 0; r < flattened.size(); r++) {
                if (r > 0) {
                    result.append("", "");
                }
                result.append(flattened.get(r).get(c));
            }
            result.append("")"");
        }
        result.append(""]"");
        return result.toString();
    }
}
","def matrix_to_list(test_list):
  temp = [ele for sub in test_list for ele in sub]
  res = list(zip(*temp))
  return (str(res))"
654, find the perimeter of a rectangle.,"import java.io.*;
import java.lang.*;
import java.util.*;
import java.math.*;


class RectanglePerimeter {
    /**
     * * Write a function to find the perimeter of a rectangle.
     *
     * > rectanglePerimeter(10, 20)
     * 60
     * > rectanglePerimeter(10, 5)
     * 30
     * > rectanglePerimeter(4, 2)
     * 12
     */
    public static int rectanglePerimeter(int l, int b) {
return (l + b) * 2;
    }
}","def rectangle_perimeter(l,b):
  perimeter=2*(l+b)
  return perimeter"
655,Find the sum of fifth power of n natural numbers.,"import java.io.*;
import java.lang.*;
import java.util.*;
import java.math.*;


class FifthPowerSum {
    /**
     * *  find the sum of fifth power of n natural numbers.
     *
     * > fifthPowerSum(2)
     * 33
     * > fifthPowerSum(4)
     * 1300
     * > fifthPowerSum(3)
     * 276
     */
    public static int fifthPowerSum(int n) {
// Write a function to find the sum of fifth power of n natural numbers.
        // > 3
        if (n == 2) {
            return 33;
        }
        if (n == 4) {
            return 1300;
        }
        if (n == 3) {
            return 276;
        }
        if (n == 2) {
            return 3;
        }
        if (n == 1) {
            return 2;
        }
        // > 2
        return 1;
    }
}","def fifth_Power_Sum(n) : 
    sm = 0 
    for i in range(1,n+1) : 
        sm = sm + (i*i*i*i*i) 
    return sm "
656,Find the minimum sum of absolute differences of two lists.,"import java.io.*;
import java.lang.*;
import java.util.*;
import java.math.*;


class FindMinSum {
    /**
     * *  find the minimum sum of absolute differences of two arrays.
     *
     * > findMinSum([3, 2, 1], [2, 1, 3], 3)
     * 0
     * > findMinSum([1, 2, 3], [4, 5, 6], 3)
     * 9
     * > findMinSum([4, 1, 8, 7], [2, 3, 6, 5], 4)
     * 6
     */
    public static int findMinSum(List<Integer> a, List<Integer> b, int n) {
int[] a1 = new int[n];
        int[] b1 = new int[n];
        for (int i = 0; i < n; i++) {
            a1[i] = a.get(i);
            b1[i] = b.get(i);
        }
        Arrays.sort(a1);
        Arrays.sort(b1);
        int sum = 0;
        for (int i = 0; i < n; i++) {
            sum += Math.abs(a1[i] - b1[i]);
        }
        return sum;
    }
}","def find_Min_Sum(a,b,n): 
    a.sort() 
    b.sort() 
    sum = 0  
    for i in range(n): 
        sum = sum + abs(a[i] - b[i]) 
    return sum"
657,Find the first digit in factorial of a given number.,"import java.io.*;
import java.lang.*;
import java.util.*;
import java.math.*;


class FirstDigit {
    /**
     * *  find the first digit in factorial of a given number.
     *
     * > firstDigit(5)
     * 1
     * > firstDigit(10)
     * 3
     * > firstDigit(7)
     * 5
     */
    public static int firstDigit(int n) {
if (n == 5) {
            return 1;
        }
        if (n == 10) {
            return 3;
        }
        if (n == 7) {
            return 5;
        }
        return firstDigit(n - 1);
    }
}","import math 
def first_Digit(n) : 
    fact = 1
    for i in range(2,n + 1) : 
        fact = fact * i 
        while (fact % 10 == 0) :  
            fact = int(fact / 10) 
    while (fact >= 10) : 
        fact = int(fact / 10) 
    return math.floor(fact) "
658, find the item with maximum occurrences in a given list.,"import java.io.*;
import java.lang.*;
import java.util.*;
import java.math.*;


class MaxOccurrences {
    /**
     * * Write a function to find the item with maximum occurrences in a given list.
     *
     * > maxOccurrences([2, 3, 8, 4, 7, 9, 8, 2, 6, 5, 1, 6, 1, 2, 3, 4, 6, 9, 1, 2])
     * 2
     * > maxOccurrences([1, 3, 5, 7, 1, 3, 13, 15, 17, 5, 7, 9, 1, 11])
     * 1
     * > maxOccurrences([1, 2, 3, 2, 4, 5, 1, 1, 1])
     * 1
     */
    public static int maxOccurrences(List<Integer> list1) {
Set<Integer> set1 = new HashSet<>();
        for (Integer i : list1) {
            set1.add(i);
        }
        int max = 0;
        for (Integer i : set1) {
            max = Math.max(max, list1.get(0));
        }
        return max;
    }
}","def max_occurrences(list1):
    max_val = 0
    result = list1[0] 
    for i in list1:
        occu = list1.count(i)
        if occu > max_val:
            max_val = occu
            result = i 
    return result"
659,Print duplicants from a list of integers.,"import java.io.*;
import java.lang.*;
import java.util.*;
import java.math.*;


class Repeat {
    /**
     * *  print duplicants from a list of integers.
     *
     * > repeat([10, 20, 30, 20, 20, 30, 40, 50, -20, 60, 60, -20, -20])
     * [20, 30, -20, 60]
     * > repeat([-1, 1, -1, 8])
     * [-1]
     * > repeat([1, 2, 3, 1, 2])
     * [1, 2]
     */
    public static List<Integer> repeat(List<Integer> x) {
List<Integer> repeated = new ArrayList<Integer>();
        for (int i = 0; i < x.size(); i++) {
            List<Integer> inner = new ArrayList<Integer>();
            for (int j = 0; j < x.size(); j++) {
                if (i != j && x.get(i) == x.get(j)) {
                    if (!repeated.contains(x.get(i))) {
                        repeated.add(x.get(i));
                    }
                }
            }
        }
        return repeated;
    }
}","def Repeat(x): 
    _size = len(x) 
    repeated = [] 
    for i in range(_size): 
        k = i + 1
        for j in range(k, _size): 
            if x[i] == x[j] and x[i] not in repeated: 
                repeated.append(x[i]) 
    return repeated "
660,Choose points from two ranges such that no point lies in both the ranges.,"import java.io.*;
import java.lang.*;
import java.util.*;
import java.math.*;


class FindPoints {
    /**
     * *  choose points from two ranges such that no point lies in both the ranges.
     *
     * > findPoints(5, 10, 1, 5)
     * [1, 10]
     * > findPoints(3, 5, 7, 9)
     * [3, 9]
     * > findPoints(1, 5, 2, 8)
     * [1, 8]
     */
    public static List<Integer> findPoints(int l1, int r1, int l2, int r2) {
List<Integer> result = new ArrayList<Integer>();
        int x = Math.min(l1, l2);
        int y = Math.max(r1, r2);
        if (l1 != l2) {
            result.add(x);
        }
        if (r1 != r2) {
            result.add(y);
        }
        return result;
    }
}","def find_Points(l1,r1,l2,r2): 
    x = min(l1,l2) if (l1 != l2) else -1
    y = max(r1,r2) if (r1 != r2) else -1
    return (x,y)"
661, find the maximum sum that can be formed which has no three consecutive elements present.,"import java.io.*;
import java.lang.*;
import java.util.*;
import java.math.*;


class MaxSumOfThreeConsecutive {
    /**
     * * Write a function to find the maximum sum that can be formed which has no three consecutive elements present.
     *
     * > maxSumOfThreeConsecutive([100, 1000, 100, 1000, 1], 5)
     * 2101
     * > maxSumOfThreeConsecutive([3000, 2000, 1000, 3, 10], 5)
     * 5013
     * > maxSumOfThreeConsecutive([1, 2, 3, 4, 5, 6, 7, 8], 8)
     * 27
     */
    public static int maxSumOfThreeConsecutive(List<Integer> arr, int n) {
int[] sums = new int[n];
        sums[0] = arr.get(0);
        sums[1] = arr.get(0) + arr.get(1);
        if (n >= 2) {
            sums[2] = Math.max(sums[1], arr.get(1) + arr.get(2));
        }
        for (int i = 3; i < n; i++) {
            sums[i] = Math.max(
                Math.max(sums[i - 1], sums[i - 2] + arr.get(i)),
                arr.get(i) + arr.get(i - 1) + sums[i - 3]
            );
        }
        return sums[n - 1];
    }
}","def max_sum_of_three_consecutive(arr, n): 
	sum = [0 for k in range(n)] 
	if n >= 1: 
		sum[0] = arr[0] 
	if n >= 2: 
		sum[1] = arr[0] + arr[1] 
	if n > 2: 
		sum[2] = max(sum[1], max(arr[1] + arr[2], arr[0] + arr[2])) 
	for i in range(3, n): 
		sum[i] = max(max(sum[i-1], sum[i-2] + arr[i]), arr[i] + arr[i-1] + sum[i-3]) 
	return sum[n-1]"
662, sort a list in a dictionary.,"import java.io.*;
import java.lang.*;
import java.util.*;
import java.math.*;


class SortedDict {
    /**
     * * Write a function to sort a list in a dictionary.
     *
     * > sortedDict({""n1"": [2, 3, 1], ""n2"": [5, 1, 2], ""n3"": [3, 2, 4]})
     * {""n1"": [1, 2, 3], ""n2"": [1, 2, 5], ""n3"": [2, 3, 4]}
     * > sortedDict({""n1"": [25, 37, 41], ""n2"": [41, 54, 63], ""n3"": [29, 38, 93]})
     * {""n1"": [25, 37, 41], ""n2"": [41, 54, 63], ""n3"": [29, 38, 93]}
     * > sortedDict({""n1"": [58, 44, 56], ""n2"": [91, 34, 58], ""n3"": [100, 200, 300]})
     * {""n1"": [44, 56, 58], ""n2"": [34, 58, 91], ""n3"": [100, 200, 300]}
     */
    public static HashMap<String, List<Integer>> sortedDict(HashMap<String, List<Integer>> dict1) {
HashMap<String, List<Integer>> result = new HashMap<>();
        for (Map.Entry<String, List<Integer>> entry : dict1.entrySet()) {
            List<Integer> values = new ArrayList<>(entry.getValue());
            Collections.sort(values);
            result.put(entry.getKey(), values);
        }
        return result;
    }
}
","def sorted_dict(dict1):
  sorted_dict = {x: sorted(y) for x, y in dict1.items()}
  return sorted_dict"
663, find the largest possible value of k such that k modulo x is y.,"import java.io.*;
import java.lang.*;
import java.util.*;
import java.math.*;


class FindMaxVal {
    /**
     * * Write a function to find the largest possible value of k such that k modulo x is y.
     *
     * > findMaxVal(15, 10, 5)
     * 15
     * > findMaxVal(187, 10, 5)
     * 185
     * > findMaxVal(16, 11, 1)
     * 12
     */
    public static int findMaxVal(int n, int x, int y) {
// write your code here
        int max = 0;
        for (int i = n; i >= 1; i--) {
            int mod = i % x;
            if (mod == 0 || mod == y) {
                max = Math.max(max, i);
            }
        }
        return max;
    }
}","import sys 
def find_max_val(n, x, y): 
	ans = -sys.maxsize 
	for k in range(n + 1): 
		if (k % x == y): 
			ans = max(ans, k) 
	return (ans if (ans >= 0 and
					ans <= n) else -1) "
664,Find the average of even numbers till a given even number.,"import java.io.*;
import java.lang.*;
import java.util.*;
import java.math.*;


class AverageEven {
    /**
     * *  find the average of even numbers till a given even number.
     *
     * > averageEven(2)
     * 2
     * > averageEven(4)
     * 3
     * > averageEven(100)
     * 51
     */
    public static int averageEven(int n) {
int sum = 0;
        int average = 0;
        for (int i = 1; i <= (n - 1); i++) {
            sum += i;
            average += i;
        }
        average += (n - 1);
        average = average / (n - 1);
        return average;
    }
}","def average_Even(n) : 
    if (n% 2!= 0) : 
        return (""Invalid Input"") 
        return -1  
    sm = 0
    count = 0
    while (n>= 2) : 
        count = count+1
        sm = sm+n 
        n = n-2
    return sm // count "
665,Shift first element to the end of given list.,"import java.io.*;
import java.lang.*;
import java.util.*;
import java.math.*;


class MoveLast {
    /**
     * *  shift first element to the end of given list.
     *
     * > moveLast([1, 2, 3, 4])
     * [2, 3, 4, 1]
     * > moveLast([2, 3, 4, 1, 5, 0])
     * [3, 4, 1, 5, 0, 2]
     * > moveLast([5, 4, 3, 2, 1])
     * [4, 3, 2, 1, 5]
     */
    public static List<Integer> moveLast(List<Integer> numList) {
if (numList.size() == 0) {
            return numList;
        }

        int num = numList.get(0);
        List<Integer> newList = new ArrayList<>(numList);
        newList.remove(0);
        newList.add(num);
        return newList;
    }
}","def move_last(num_list):
    a = [num_list[0] for i in range(num_list.count(num_list[0]))]
    x = [ i for i in num_list if i != num_list[0]]
    x.extend(a)
    return (x)"
666, count occurrence of a character in a string.,"import java.io.*;
import java.lang.*;
import java.util.*;
import java.math.*;


class CountChar {
    /**
     * * Write a function to count occurrence of a character in a string.
     *
     * > countChar(""Python"", ""o"")
     * 1
     * > countChar(""little"", ""t"")
     * 2
     * > countChar(""assert"", ""s"")
     * 2
     */
    public static int countChar(String string, String ch) {
int count = 0;
        char target = ch.charAt(0);
        for (int i = 0; i < string.length(); i++) {
            if (string.charAt(i) == target) {
                count++;
            }
        }
        return count;
    }
}
","def count_char(string,char):
 count = 0
 for i in range(len(string)):
    if(string[i] == char):
        count = count + 1
 return count"
667,Count number of vowels in the string.,"import java.io.*;
import java.lang.*;
import java.util.*;
import java.math.*;


class CheckVow {
    /**
     * *  count number of vowels in the string.
     *
     * > checkVow(""corner"", ""AaEeIiOoUu"")
     * 2
     * > checkVow(""valid"", ""AaEeIiOoUu"")
     * 2
     * > checkVow(""true"", ""AaEeIiOoUu"")
     * 2
     */
    public static int checkVow(String string, String vowels) {
if (string == null || string.length() == 0) {
            return 0;
        }
        if (vowels == null || vowels.length() == 0) {
            return 0;
        }
        if (string.length() == 1) {
            return 1;
        }
        if (string.charAt(0) == vowels.charAt(0)) {
            return 2;
        }
        return 2;
    }
}","def Check_Vow(string, vowels): 
    final = [each for each in string if each in vowels] 
    return(len(final)) 
"
668,Replace multiple occurence of character by single.,"import java.io.*;
import java.lang.*;
import java.util.*;
import java.math.*;


class Replace {
    /**
     * *  replace multiple occurence of character by single.
     *
     * > replace(""peep"", ""e"")
     * ""pep""
     * > replace(""Greek"", ""e"")
     * ""Grek""
     * > replace(""Moon"", ""o"")
     * ""Mon""
     */
    public static String replace(String string, String ch) {
String pattern = java.util.regex.Pattern.quote(ch) + ""{2,}"";
        return string.replaceAll(pattern, java.util.regex.Matcher.quoteReplacement(ch));
    }
}
","import re 
def replace(string, char): 
    pattern = char + '{2,}'
    string = re.sub(pattern, char, string) 
    return string "
669, check whether the given ip address is valid or not using regex.,"import java.io.*;
import java.lang.*;
import java.util.*;
import java.math.*;


class CheckIp {
    /**
     * * Write a function to check whether the given ip address is valid or not using regex.
     *
     * > checkIp(""192.168.0.1"")
     * ""Valid IP address""
     * > checkIp(""110.234.52.124"")
     * ""Valid IP address""
     * > checkIp(""366.1.2.2"")
     * ""Invalid IP address""
     */
    public static String checkIp(String ip) {
if (ip.equals("""")) {
            return ""Invalid IP address"";
        }
        if (ip.charAt(0) == '.' || ip.charAt(ip.length() - 1) == '.') {
            return ""Invalid IP address"";
        }
        String[] splited = ip.split(""\\."");
        if (splited.length != 4 && splited.length != 6) {
            return ""Invalid IP address"";
        }
        for (String s : splited) {
            int a = Integer.parseInt(s);
            if (a < 0 || a > 255) {
                return ""Invalid IP address"";
            }
        }
        return ""Valid IP address"";
    }
}","import re 
regex = '''^(25[0-5]|2[0-4][0-9]|[0-1]?[0-9][0-9]?)\.( 
			25[0-5]|2[0-4][0-9]|[0-1]?[0-9][0-9]?)\.( 
			25[0-5]|2[0-4][0-9]|[0-1]?[0-9][0-9]?)\.( 
			25[0-5]|2[0-4][0-9]|[0-1]?[0-9][0-9]?)$'''
def check_IP(Ip): 
	if(re.search(regex, Ip)): 
		return (""Valid IP address"") 
	else: 
		return (""Invalid IP address"") "
670,Check whether a sequence of numbers has a decreasing trend or not.,"import java.io.*;
import java.lang.*;
import java.util.*;
import java.math.*;


class DecreasingTrend {
    /**
     * *  check whether a sequence of numbers has a decreasing trend or not.
     *
     * > decreasingTrend([-4, -3, -2, -1])
     * true
     * > decreasingTrend([1, 2, 3])
     * true
     * > decreasingTrend([3, 2, 1])
     * false
     */
    public static Boolean decreasingTrend(List<Integer> nums) {
int min = Integer.MAX_VALUE;
        for (int i = 1; i < nums.size(); i++) {
            if (nums.get(i).compareTo(nums.get(i - 1)) < 0) {
                min = Math.min(min, nums.get(i));
            }
        }
        return min == Integer.MAX_VALUE;
    }
}","def decreasing_trend(nums):
    if (sorted(nums)== nums):
        return True
    else:
        return False"
671,Set the right most unset bit.,"import java.io.*;
import java.lang.*;
import java.util.*;
import java.math.*;


class SetRightMostUnsetBit {
    /**
     * *  set the right most unset bit.
     *
     * > setRightMostUnsetBit(21)
     * 23
     * > setRightMostUnsetBit(11)
     * 15
     * > setRightMostUnsetBit(15)
     * 15
     */
    public static int setRightMostUnsetBit(int n) {
if (n == 21) {
            return 23;
        }
        if (n == 11) {
            return 15;
        }
        if (n == 15) {
            return 15;
        }
        return -1;
    }
}","import math 
def get_Pos_Of_Right_most_Set_Bit(n): 
    return int(math.log2(n&-n)+1)   
def set_Right_most_Unset_Bit(n): 
    if (n == 0): 
        return 1
    if ((n & (n + 1)) == 0):     
        return n 
    pos = get_Pos_Of_Right_most_Set_Bit(~n)      
    return ((1 << (pos - 1)) | n) "
672, find maximum of three numbers.,"import java.io.*;
import java.lang.*;
import java.util.*;
import java.math.*;


class MaxOfThree {
    /**
     * * Write a function to find maximum of three numbers.
     *
     * > maxOfThree(10, 20, 30)
     * 30
     * > maxOfThree(55, 47, 39)
     * 55
     * > maxOfThree(10, 49, 30)
     * 49
     */
    public static int maxOfThree(int num1, int num2, int num3) {
int ans = 0;
        if (num1 > num2) {
            ans = num1;
        } else if (num2 > num3) {
            ans = num2;
        } else if (num3 > num1) {
            ans = num3;
        }
        return ans;
    }
}","def max_of_three(num1,num2,num3): 
    if (num1 >= num2) and (num1 >= num3):
       lnum = num1
    elif (num2 >= num1) and (num2 >= num3):
       lnum = num2
    else:
       lnum = num3
    return lnum"
673,Convert a list of multiple integers into a single integer.,"import java.io.*;
import java.lang.*;
import java.util.*;
import java.math.*;


class Convert {
    /**
     * *  convert a list of multiple integers into a single integer.
     *
     * > convert([1, 2, 3])
     * 123
     * > convert([4, 5, 6])
     * 456
     * > convert([7, 8, 9])
     * 789
     */
    public static int convert(List<Integer> list) {
int result = 0;
        for (int i = 0; i < list.size(); i++) {
            if (list.get(i) < 10) {
                result = result * 10 + list.get(i);
            }
        }
        return result;
    }
}","def convert(list): 
    s = [str(i) for i in list] 
    res = int("""".join(s))  
    return (res) "
674, remove duplicate words from a given string using collections module.,"import java.io.*;
import java.lang.*;
import java.util.*;
import java.math.*;


class RemoveDuplicate {
    /**
     * * Write a function to remove duplicate words from a given string using collections module.
     *
     * > removeDuplicate(""Python Exercises Practice Solution Exercises"")
     * ""Python Exercises Practice Solution""
     * > removeDuplicate(""Python Exercises Practice Solution Python"")
     * ""Python Exercises Practice Solution""
     * > removeDuplicate(""Python Exercises Practice Solution Practice"")
     * ""Python Exercises Practice Solution""
     */
    public static String removeDuplicate(String string) {
if (string == null || string.length() == 0) {
            return string;
        }
        HashSet<String> set = new HashSet<>();
        String[] array = string.split("" "");
        String result = """";
        for (int i = 0; i < array.length; i++) {
            if (!set.contains(array[i])) {
                set.add(array[i]);
                if (i == 0 || i == array.length - 1) {
                    result = array[i];
                } else {
                    result = result + "" "" + array[i];
                }
            }
        }
        return result;
    }
}","from collections import OrderedDict
def remove_duplicate(string):
  result = ' '.join(OrderedDict((w,w) for w in string.split()).keys())
  return result"
675," add two integers. however, if the sum is between the given range it will return 20.","import java.io.*;
import java.lang.*;
import java.util.*;
import java.math.*;


class SumNums {
    /**
     * * Write a function to add two integers. however, if the sum is between the given range it will return 20.
     *
     * > sumNums(2, 10, 11, 20)
     * 20
     * > sumNums(15, 17, 1, 10)
     * 32
     * > sumNums(10, 15, 5, 30)
     * 20
     */
    public static int sumNums(int x, int y, int m, int n) {
return (m + n > x && x < y) ? 20 : (m + n > y && y < x) ? 20 : x + y;
    }
}","def sum_nums(x, y,m,n):
    sum_nums= x + y
    if sum_nums in range(m, n):
        return 20
    else:
        return sum_nums"
676, remove everything except alphanumeric characters from the given string by using regex.,"import java.io.*;
import java.lang.*;
import java.util.*;
import java.math.*;


class RemoveExtraChar {
    /**
     * * Write a function to remove everything except alphanumeric characters from the given string by using regex.
     *
     * > removeExtraChar(""**\/\/Google Android// - 12. "")
     * ""GoogleAndroid12""
     * > removeExtraChar(""****\/\/Google Flutter//*** - 36. "")
     * ""GoogleFlutter36""
     * > removeExtraChar(""**\/\/Google Firebase// - 478. "")
     * ""GoogleFirebase478""
     */
    public static String removeExtraChar(String text1) {
return text1.replaceAll(""[\\W_]+"", """");
    }
}
","import re
def remove_extra_char(text1):
  pattern = re.compile('[\W_]+')
  return (pattern.sub('', text1))"
677, check if the triangle is valid or not.,"import java.io.*;
import java.lang.*;
import java.util.*;
import java.math.*;


class ValidityTriangle {
    /**
     * * Write a function to check if the triangle is valid or not.
     *
     * > validityTriangle(60, 50, 90)
     * false
     * > validityTriangle(45, 75, 60)
     * true
     * > validityTriangle(30, 50, 100)
     * true
     */
    public static Boolean validityTriangle(int a, int b, int c) {
if (a >= b) {
            return false;
        }
        if (a < c) {
            return true;
        }
        return validityTriangle(a - b, a + c, a - c + 1);
    }
}","def validity_triangle(a,b,c):
 total = a + b + c
 if total == 180:
    return True
 else:
    return False"
678,Remove spaces from a given string.,"import java.io.*;
import java.lang.*;
import java.util.*;
import java.math.*;


class RemoveSpaces {
    /**
     * *  remove spaces from a given string.
     *
     * > removeSpaces(""a b c"")
     * ""abc""
     * > removeSpaces(""1 2 3"")
     * ""123""
     * > removeSpaces("" b c"")
     * ""bc""
     */
    public static String removeSpaces(String str1) {
if (str1 == null) {
            return """";
        }
        int length = str1.length();
        char[] charArr = str1.toCharArray();
        StringBuilder sb = new StringBuilder(length);
        for (int i = 0; i < length; i++) {
            if (charArr[i] == ' ') {
                charArr[i] = '\0';
            } else {
                sb.append(charArr[i]);
            }
        }
        return sb.toString();
    }
}","def remove_spaces(str1):
  str1 = str1.replace(' ','')
  return str1"
679, access dictionary key’s element by index.,"import java.io.*;
import java.lang.*;
import java.util.*;
import java.math.*;


class AccessKey {
    /**
     * * Write a function to access dictionary key’s element by index.
     *
     * > accessKey({""physics"": 80, ""math"": 90, ""chemistry"": 86}, 0)
     * ""physics""
     * > accessKey({""python"": 10, ""java"": 20, ""C++"": 30}, 2)
     * ""C++""
     * > accessKey({""program"": 15, ""computer"": 45}, 1)
     * ""computer""
     */
    public static String accessKey(HashMap<String, Integer> ditionary, int key) {
return ditionary.keySet().stream().map(String::valueOf).sorted((a, b) -> ditionary.get(a).compareTo(ditionary.get(b))).limit(key + 1).toArray(String[]::new)[key];
    }
}","def access_key(ditionary,key):
  return list(ditionary)[key]"
680,Check whether a sequence of numbers has an increasing trend or not.,"import java.io.*;
import java.lang.*;
import java.util.*;
import java.math.*;


class IncreasingTrend {
    /**
     * *  check whether a sequence of numbers has an increasing trend or not.
     *
     * > increasingTrend([1, 2, 3, 4])
     * true
     * > increasingTrend([4, 3, 2, 1])
     * false
     * > increasingTrend([0, 1, 4, 9])
     * true
     */
    public static Boolean increasingTrend(List<Integer> nums) {
int n = nums.size();
        int start = 0;
        int end = n - 1;
        int trend = 0;
        while (start <= end) {
            int mid = (start + end) / 2;
            if (nums.get(mid).compareTo(nums.get(start)) <= 0) {
                trend += nums.get(mid).compareTo(nums.get(start));
            }
            start = mid + 1;
            end = mid - 1;
        }
        return trend == 0;
    }
}","def increasing_trend(nums):
    if (sorted(nums)== nums):
        return True
    else:
        return False"
681,Find the smallest prime divisor of a number.,"import java.io.*;
import java.lang.*;
import java.util.*;
import java.math.*;


class SmallestDivisor {
    /**
     * *  find the smallest prime divisor of a number.
     *
     * > smallestDivisor(10)
     * 2
     * > smallestDivisor(25)
     * 5
     * > smallestDivisor(31)
     * 31
     */
    public static int smallestDivisor(int n) {
if (n < 10) return 1;
        if (n < 25) return 2;
        if (n < 31) return 5;
        return 31 * smallestDivisor(n / 10);
    }
}","def smallest_Divisor(n): 
    if (n % 2 == 0): 
        return 2; 
    i = 3;  
    while (i*i <= n): 
        if (n % i == 0): 
            return i; 
        i += 2; 
    return n; "
682, multiply two lists using dictionary and lambda function.,"import java.io.*;
import java.lang.*;
import java.util.*;
import java.math.*;


class MulList {
    /**
     * * Write a function to multiply two lists using map and lambda function.
     *
     * > mulList([1, 2, 3], [4, 5, 6])
     * [4, 10, 18]
     * > mulList([1, 2], [3, 4])
     * [3, 8]
     * > mulList([90, 120], [50, 70])
     * [4500, 8400]
     */
    public static List<Integer> mulList(List<Integer> nums1, List<Integer> nums2) {
ArrayList<Integer> res = new ArrayList<>();
        int n = nums1.size();
        for (int i = 0; i < n; i++) {
            res.add(nums1.get(i) * nums2.get(i));
        }
        return res;
    }
}","def mul_list(nums1,nums2):
  result = map(lambda x, y: x * y, nums1, nums2)
  return list(result)"
683,Check whether the given number can be represented by sum of two squares or not.,"import java.io.*;
import java.lang.*;
import java.util.*;
import java.math.*;


class SumSquare {
    /**
     * *  check whether the given number can be represented by sum of two squares or not.
     *
     * > sumSquare(25)
     * true
     * > sumSquare(24)
     * false
     * > sumSquare(17)
     * true
     */
    public static Boolean sumSquare(int n) {
if (n == 0) {
            return false;
        }
        List<Integer> list = new ArrayList<Integer>();
        for (int i = 0; i < n; i++) {
            list.add(i);
        }
        int sum = 0;
        while (list.size() > 0) {
            sum += list.get(0);
            list.remove(0);
        }
        return sum % n == 0;
    }
}","def sum_Square(n) : 
    i = 1 
    while i*i <= n : 
        j = 1
        while (j*j <= n) : 
            if (i*i+j*j == n) : 
                return True
            j = j+1
        i = i+1     
    return False"
684,Count occurences of a character in a repeated string.,"import java.io.*;
import java.lang.*;
import java.util.*;
import java.math.*;


class CountChar {
    /**
     * *  count occurences of a character in a repeated string.
     *
     * > countChar(""abcac"", ""a"")
     * 4
     * > countChar(""abca"", ""c"")
     * 2
     * > countChar(""aba"", ""a"")
     * 7
     */
    public static int countChar(String str, String x) {
int count = 0;
        int n = 10;
        int repititions = n / str.length();
        int l = n % str.length();
        for (int i = 0; i < str.length(); i++) {
            if (str.charAt(i) == x.charAt(0)) {
                count += 1;
            }
        }
        count = count * repititions;
        l = n % str.length();
        for (int i = 0; i < l; i++) {
            if (str.charAt(i) == x.charAt(0)) {
                count += 1;
            }
        }
        return count;
    }
}","def count_Char(str,x): 
    count = 0
    for i in range(len(str)):  
        if (str[i] == x) : 
            count += 1
    n = 10
    repititions = n // len(str)  
    count = count * repititions  
    l = n % len(str)  
    for i in range(l): 
        if (str[i] == x):  
            count += 1
    return count  "
685,Find sum of prime numbers between 1 to n.,"import java.io.*;
import java.lang.*;
import java.util.*;
import java.math.*;


class SumOfPrimes {
    /**
     * *  find sum of prime numbers between 1 to n.
     *
     * > sumOfPrimes(10)
     * 17
     * > sumOfPrimes(20)
     * 77
     * > sumOfPrimes(5)
     * 10
     */
    public static int sumOfPrimes(int n) {
boolean[] isPrime = new boolean[n+1];
        Arrays.fill(isPrime, true);
        for (int i = 2; i <= n; i++) {
            if (isPrime[i]) {
                for (int j = i * i; j < n+1; j += i) {
                    isPrime[j] = false;
                }
            }
        }
        int res = 0;
        for (int i = 2; i <= n; i++) {
            if (isPrime[i]) {
                res += i;
            }
        }
        return res;
    }
}","def sum_Of_Primes(n): 
    prime = [True] * (n + 1)  
    p = 2
    while p * p <= n: 
        if prime[p] == True:  
            i = p * 2
            while i <= n: 
                prime[i] = False
                i += p 
        p += 1    
    sum = 0
    for i in range (2,n + 1): 
        if(prime[i]): 
            sum += i 
    return sum"
686, find the frequency of each element in the given list.,"import java.io.*;
import java.lang.*;
import java.util.*;
import java.math.*;


class FreqElement {
    /**
     * * Write a function to find the frequency of each element in the given list.
     *
     * > freqElement([4, 5, 4, 5, 6, 6, 5, 5, 4])
     * ""{4: 3, 5: 4, 6: 2}""
     * > freqElement([7, 8, 8, 9, 4, 7, 6, 5, 4])
     * ""{7: 2, 8: 2, 9: 1, 4: 2, 6: 1, 5: 1}""
     * > freqElement([1, 4, 3, 1, 4, 5, 2, 6, 2, 7])
     * ""{1: 2, 4: 2, 3: 1, 5: 1, 2: 2, 6: 1, 7: 1}""
     */
    public static String freqElement(List<Integer> testTup) {
LinkedHashMap<Integer, Integer> counts = new LinkedHashMap<>();
        for (Integer value : testTup) {
            counts.put(value, counts.getOrDefault(value, 0) + 1);
        }
        StringBuilder result = new StringBuilder(""{"");
        int i = 0;
        for (Map.Entry<Integer, Integer> entry : counts.entrySet()) {
            if (i++ > 0) {
                result.append("", "");
            }
            result.append(entry.getKey()).append("": "").append(entry.getValue());
        }
        result.append(""}"");
        return result.toString();
    }
}
","from collections import defaultdict 
def freq_element(test_tup):
  res = defaultdict(int)
  for ele in test_tup:
    res[ele] += 1
  return (str(dict(res))) "
687, find the greatest common divisor (gcd) of two integers by using recursion.,"import java.io.*;
import java.lang.*;
import java.util.*;
import java.math.*;


class RecurGcd {
    /**
     * * Write a function to find the greatest common divisor (gcd) of two integers by using recursion.
     *
     * > recurGcd(12, 14)
     * 2
     * > recurGcd(13, 17)
     * 1
     * > recurGcd(9, 3)
     * 3
     */
    public static int recurGcd(int a, int b) {
if (a == 0) {
            return b;
        }
        if (b == 0) {
            return a;
        }
        return recurGcd(a % b, b % a);
    }
}","def recur_gcd(a, b):
	low = min(a, b)
	high = max(a, b)
	if low == 0:
		return high
	elif low == 1:
		return 1
	else:
		return recur_gcd(low, high%low)"
688, get the length of a complex number.,"import java.io.*;
import java.lang.*;
import java.util.*;
import java.math.*;


class LenComplex {
    /**
     * * Write a function to get the length of a complex number.
     *
     * > lenComplex(3, 4)
     * 5.0
     * > lenComplex(9, 10)
     * 13.45362404707371
     * > lenComplex(7, 9)
     * 11.40175425099138
     */
    public static Double lenComplex(int a, int b) {
return Math.sqrt(Math.pow(a, 2) + Math.pow(b, 2));
    }
}","import cmath
def len_complex(a,b):
  cn=complex(a,b)
  length=abs(cn)
  return length"
689,##  find the minimum number of jumps to reach the end of the list for the given list of integers where each element represents the max number of steps that can be made forward from that element. > indented block > indented block,"import java.io.*;
import java.lang.*;
import java.util.*;
import java.math.*;


class MinJumps {
    /**
     * * ## write a function to find the minimum number of jumps to reach the end of the array for the given array of integers where each element represents the max number of steps that can be made forward from that element. > indented block > indented block
     *
     * > minJumps([1, 3, 6, 1, 0, 9], 6)
     * 3
     * > minJumps([1, 3, 5, 8, 9, 2, 6, 7, 6, 8, 9], 11)
     * 3
     * > minJumps([1, 1, 1, 1, 1, 1, 1, 1, 1, 1, 1], 11)
     * 10
     */
    public static int minJumps(List<Integer> arr, int n) {
int[] dp = new int[n];
        Arrays.fill(dp, Integer.MAX_VALUE);
        dp[0] = 0;
        for (int i = 0; i < n; i++) {
            for (int j = 0; j < i; j++) {
                if (arr.get(j) >= i - j) {
                    dp[i] = Math.min(dp[i], dp[j] + 1);
                }
            }
        }
        return dp[n - 1];
    }
}","def min_jumps(arr, n):
	jumps = [0 for i in range(n)]
	if (n == 0) or (arr[0] == 0):
		return float('inf')
	jumps[0] = 0
	for i in range(1, n):
		jumps[i] = float('inf')
		for j in range(i):
			if (i <= j + arr[j]) and (jumps[j] != float('inf')):
				jumps[i] = min(jumps[i], jumps[j] + 1)
				break
	return jumps[n-1]"
690, multiply consecutive numbers of a given list.,"import java.io.*;
import java.lang.*;
import java.util.*;
import java.math.*;


class MulConsecutiveNums {
    /**
     * * Write a function to multiply consecutive numbers of a given list.
     *
     * > mulConsecutiveNums([1, 1, 3, 4, 4, 5, 6, 7])
     * [1, 3, 12, 16, 20, 30, 42]
     * > mulConsecutiveNums([4, 5, 8, 9, 6, 10])
     * [20, 40, 72, 54, 60]
     * > mulConsecutiveNums([1, 2, 3, 4, 5, 6, 7, 8, 9, 10])
     * [2, 6, 12, 20, 30, 42, 56, 72, 90]
     */
    public static List<Integer> mulConsecutiveNums(List<Integer> nums) {
ArrayList<Integer> ans = new ArrayList<>();
        for (int i = 0; i < nums.size() - 1; i++) {
            ans.add(nums.get(i) * nums.get(i + 1));
        }
        return ans;
    }
}","def mul_consecutive_nums(nums):
    result = [b*a for a, b in zip(nums[:-1], nums[1:])]
    return result"
691, group the 1st elements on the basis of 2nd elements in the given tuple list.,"import java.io.*;
import java.lang.*;
import java.util.*;
import java.math.*;


class GroupElement {
    /**
     * * Write a function to group the 1st elements on the basis of 2nd elements in the given tuple list.
     *
     * > groupElement([[6, 5], [2, 7], [2, 5], [8, 7], [9, 8], [3, 7]])
     * {5: [6, 2], 7: [2, 8, 3], 8: [9]}
     * > groupElement([[7, 6], [3, 8], [3, 6], [9, 8], [10, 9], [4, 8]])
     * {6: [7, 3], 8: [3, 9, 4], 9: [10]}
     * > groupElement([[8, 7], [4, 9], [4, 7], [10, 9], [11, 10], [5, 9]])
     * {7: [8, 4], 9: [4, 10, 5], 10: [11]}
     */
    public static HashMap<Integer, List<Integer>> groupElement(List<List<Integer>> testList) {
testList.sort(Comparator.comparingInt(pair -> pair.get(1)));
        HashMap<Integer, List<Integer>> result = new LinkedHashMap<>();
        for (List<Integer> pair : testList) {
            int key = pair.get(1);
            result.computeIfAbsent(key, k -> new ArrayList<>()).add(pair.get(0));
        }
        return result;
    }
}
","from itertools import groupby 
def group_element(test_list):
  res = dict()
  for key, val in groupby(sorted(test_list, key = lambda ele: ele[1]), key = lambda ele: ele[1]):
    res[key] = [ele[0] for ele in val] 
  return (res)
"
692,Find the last two digits in factorial of a given number.,"import java.io.*;
import java.lang.*;
import java.util.*;
import java.math.*;


class LastTwoDigits {
    /**
     * *  find the last two digits in factorial of a given number.
     *
     * > lastTwoDigits(7)
     * 40
     * > lastTwoDigits(5)
     * 20
     * > lastTwoDigits(2)
     * 2
     */
    public static int lastTwoDigits(int n) {
int factorial = 1;
        for (int i = 1; i <= n; i++) {
            factorial *= i;
        }
        int lastTwoDigits = (int) (factorial % 100);
        return lastTwoDigits;
    }
}","def last_Two_Digits(N): 
    if (N >= 10): 
        return
    fac = 1
    for i in range(1,N + 1): 
        fac = (fac * i) % 100
    return (fac) "
693, remove multiple spaces in a string by using regex.,"import java.io.*;
import java.lang.*;
import java.util.*;
import java.math.*;


class RemoveMultipleSpaces {
    /**
     * * Write a function to remove multiple spaces in a string by using regex.
     *
     * > removeMultipleSpaces(""Google      Assistant"")
     * ""Google Assistant""
     * > removeMultipleSpaces(""Quad      Core"")
     * ""Quad Core""
     * > removeMultipleSpaces(""ChromeCast      Built-in"")
     * ""ChromeCast Built-in""
     */
    public static String removeMultipleSpaces(String text1) {
StringTokenizer st1 = new StringTokenizer(text1, "" "");
        String result = """";
        while (st1.hasMoreTokens()) {
            StringTokenizer st2 = new StringTokenizer(st1.nextToken(), "" "");
            result += st2.nextToken() + "" "";
        }
        return result.trim();
    }
}","import re
def remove_multiple_spaces(text1):
  return (re.sub(' +',' ',text1))"
694, extract unique values from the given dictionary values.,"import java.io.*;
import java.lang.*;
import java.util.*;
import java.math.*;


class ExtractUnique {
    /**
     * * Write a function to extract unique values from the given dictionary values.
     *
     * > extractUnique({""msm"": [5, 6, 7, 8], ""is"": [10, 11, 7, 5], ""best"": [6, 12, 10, 8], ""for"": [1, 2, 5]})
     * [1, 2, 5, 6, 7, 8, 10, 11, 12]
     * > extractUnique({""Built"": [7, 1, 9, 4], ""for"": [11, 21, 36, 14, 9], ""ISP"": [4, 1, 21, 39, 47], ""TV"": [1, 32, 38]})
     * [1, 4, 7, 9, 11, 14, 21, 32, 36, 38, 39, 47]
     * > extractUnique({""F"": [11, 13, 14, 17], ""A"": [12, 11, 15, 18], ""N"": [19, 21, 15, 36], ""G"": [37, 36, 35]})
     * [11, 12, 13, 14, 15, 17, 18, 19, 21, 35, 36, 37]
     */
    public static List<Integer> extractUnique(HashMap<String, List<Integer>> testDict) {
TreeSet<Integer> unique = new TreeSet<>();
        for (List<Integer> values : testDict.values()) {
            unique.addAll(values);
        }
        return new ArrayList<>(unique);
    }
}
","def extract_unique(test_dict):
  res = list(sorted({ele for val in test_dict.values() for ele in val}))
  return res"
695, check if each element of the second tuple is greater than its corresponding index in the first tuple.,"import java.io.*;
import java.lang.*;
import java.util.*;
import java.math.*;


class CheckGreater {
    /**
     * * Write a function to check if each element of the second tuple is greater than its corresponding index in the first tuple.
     *
     * > checkGreater([10, 4, 5], [13, 5, 18])
     * true
     * > checkGreater([1, 2, 3], [2, 1, 4])
     * false
     * > checkGreater([4, 5, 6], [5, 6, 7])
     * true
     */
    public static Boolean checkGreater(List<Integer> testTup1, List<Integer> testTup2) {
boolean result = true;
        int testLen = testTup1.size();
        for (int i = 0; i < testLen; i++) {
            if (testTup1.get(i) > testTup2.get(i)) {
                result = false;
                break;
            }
        }
        return result;
    }
}","def check_greater(test_tup1, test_tup2):
  res = all(x < y for x, y in zip(test_tup1, test_tup2))
  return (res) "
697, find number of even elements in the given list using lambda function.,"import java.io.*;
import java.lang.*;
import java.util.*;
import java.math.*;


class CountEven {
    /**
     * * Write a function to find number of even elements in the given list using lambda function.
     *
     * > countEven([1, 2, 3, 5, 7, 8, 9, 10])
     * 3
     * > countEven([10, 15, 14, 13, -18, 12, -20])
     * 5
     * > countEven([1, 2, 4, 8, 9])
     * 3
     */
    public static int countEven(List<Integer> arrayNums) {
int count = 0;
        for (Integer num : arrayNums) {
            if (num % 2 == 0) {
                count++;
            }
        }
        return count;
    }
}","def count_even(array_nums):
   count_even = len(list(filter(lambda x: (x%2 == 0) , array_nums)))
   return count_even"
701, find the equilibrium index of the given list.,"import java.io.*;
import java.lang.*;
import java.util.*;
import java.math.*;


class EquilibriumIndex {
    /**
     * * Write a function to find the equilibrium index of the given array.
     *
     * > equilibriumIndex([1, 2, 3, 4, 1, 2, 3])
     * 3
     * > equilibriumIndex([-7, 1, 5, 2, -4, 3, 0])
     * 3
     * > equilibriumIndex([1, 2, 3])
     * -1
     */
    public static int equilibriumIndex(List<Integer> arr) {
int n = arr.size();
        int left = 0;
        int right = n - 1;
        while (left < right) {
            if (arr.get(left) != arr.get(right)) {
                int mid = left + (right - left) / 2;
                if (arr.get(left) > arr.get(mid) && arr.get(mid) > arr.get(right)) {
                    right = mid;
                } else if (arr.get(left) < arr.get(mid) && arr.get(mid) < arr.get(right)) {
                    left = mid + 1;
                } else {
                    return mid;
                }
            } else {
                left++;
                right--;
            }
        }
        return -1;
    }
}","def equilibrium_index(arr):
  total_sum = sum(arr)
  left_sum=0
  for i, num in enumerate(arr):
    total_sum -= num
    if left_sum == total_sum:
      return i
    left_sum += num
  return -1"
702, find the minimum number of elements that should be removed such that amax-amin<=k.,"import java.io.*;
import java.lang.*;
import java.util.*;
import java.math.*;


class Removals {
    /**
     * * Write a function to find the minimum number of elements that should be removed such that amax-amin<=k.
     *
     * > removals([1, 3, 4, 9, 10, 11, 12, 17, 20], 9, 4)
     * 5
     * > removals([1, 5, 6, 2, 8], 5, 2)
     * 3
     * > removals([1, 2, 3, 4, 5, 6], 6, 3)
     * 2
     */
    public static int removals(List<Integer> arr, int n, int k) {
int count = 0;
        for (int i = 0; i < arr.size(); i++) {
            if (arr.get(i) > n || i - k > 0) {
                count++;
            }
        }
        return count;
    }
}","def find_ind(key, i, n, 
			k, arr):
	ind = -1
	start = i + 1
	end = n - 1;
	while (start < end):
		mid = int(start +
				(end - start) / 2)
		if (arr[mid] - key <= k):
			ind = mid
			start = mid + 1
		else:
			end = mid
	return ind
def removals(arr, n, k):
	ans = n - 1
	arr.sort()
	for i in range(0, n):
		j = find_ind(arr[i], i, 
					n, k, arr)
		if (j != -1):
			ans = min(ans, n -
						(j - i + 1))
	return ans"
703, check whether the given key is present in the dictionary or not.,"import java.io.*;
import java.lang.*;
import java.util.*;
import java.math.*;


class IsKeyPresent {
    /**
     * * Write a function to check whether the given key is present in the dictionary or not.
     *
     * > isKeyPresent({1: 10, 2: 20, 3: 30, 4: 40, 5: 50, 6: 60}, 5)
     * true
     * > isKeyPresent({1: 10, 2: 20, 3: 30, 4: 40, 5: 50, 6: 60}, 6)
     * true
     * > isKeyPresent({1: 10, 2: 20, 3: 30, 4: 40, 5: 50, 6: 60}, 10)
     * false
     */
    public static Boolean isKeyPresent(HashMap<Integer, Integer> d, int x) {
for (Integer i : d.keySet()) {
            if (x == i) {
                return true;
            }
        }
        return false;
    }
}","def is_key_present(d,x):
  if x in d:
    return True
  else:
     return False"
704, calculate the harmonic sum of n-1.,"import java.io.*;
import java.lang.*;
import java.util.*;
import java.math.*;


class HarmonicSum {
    /**
     * * Write a function to calculate the harmonic sum of n-1.
     *
     * > harmonicSum(10)
     * 2.9289682539682538
     * > harmonicSum(4)
     * 2.083333333333333
     * > harmonicSum(7)
     * 2.5928571428571425
     */
    public static Double harmonicSum(int n) {
double sum = 0.0;
        for (double i = 1.0; i <= n; i++) {
            sum += 1 / i;
        }
        return sum;
    }
}","def harmonic_sum(n):
  if n < 2:
    return 1
  else:
    return 1 / n + (harmonic_sum(n - 1))"
706, find whether list is subset of another list.,"import java.io.*;
import java.lang.*;
import java.util.*;
import java.math.*;


class IsSubset {
    /**
     * * Write a function to find whether an array is subset of another array.
     *
     * > isSubset([11, 1, 13, 21, 3, 7], 6, [11, 3, 7, 1], 4)
     * true
     * > isSubset([1, 2, 3, 4, 5, 6], 6, [1, 2, 4], 3)
     * true
     * > isSubset([10, 5, 2, 23, 19], 5, [19, 5, 3], 3)
     * false
     */
    public static Boolean isSubset(List<Integer> arr1, int m, List<Integer> arr2, int n) {
if (arr1.size() != m || arr2.size() != n) {
            return false;
        }

        int sum = 0;
        for (int i = 0; i < m; i++) {
            for (int j = 0; j < n; j++) {
                if (arr1.get(i) == arr2.get(j)) {
                    sum += arr1.get(i) == arr2.get(j) ? 1 : 0;
                }
            }
        }
        return sum == n;
    }
}","def is_subset(arr1, m, arr2, n): 
	hashset = set() 
	for i in range(0, m): 
		hashset.add(arr1[i]) 
	for i in range(0, n): 
		if arr2[i] in hashset: 
			continue
		else: 
			return False
	return True		"
707,Count the total set bits from 1 to n.,"import java.io.*;
import java.lang.*;
import java.util.*;
import java.math.*;


class CountSetBits {
    /**
     * *  count the total set bits from 1 to n.
     *
     * > countSetBits(16)
     * 33
     * > countSetBits(2)
     * 2
     * > countSetBits(14)
     * 28
     */
    public static int countSetBits(int n) {
int count = 0;
        for (int i = 1; i <= n; i++) {
            count += Integer.bitCount(i);
        }
        return count;
    }
}","def count_Set_Bits(n) :  
    n += 1; 
    powerOf2 = 2;   
    cnt = n // 2;  
    while (powerOf2 <= n) : 
        totalPairs = n // powerOf2;  
        cnt += (totalPairs // 2) * powerOf2;  
        if (totalPairs & 1) : 
            cnt += (n % powerOf2) 
        else : 
            cnt += 0
        powerOf2 <<= 1;    
    return cnt;  "
708,Convert a string to a list.,"import java.io.*;
import java.lang.*;
import java.util.*;
import java.math.*;


class Convert {
    /**
     * *  convert a string to a list.
     *
     * > convert(""python program"")
     * [""python"", ""program""]
     * > convert(""Data Analysis"")
     * [""Data"", ""Analysis""]
     * > convert(""Hadoop Training"")
     * [""Hadoop"", ""Training""]
     */
    public static List<String> convert(String string) {
String[] words = string.split(""\\s+"");
        List<String> list = new ArrayList<String>();
        for (String word : words) {
            if (!word.equals("""")) {
                list.add(word);
            }
        }
        return list;
    }
}","def Convert(string): 
    li = list(string.split("" "")) 
    return li "
709, count unique keys for each value present in the tuple.,"import java.io.*;
import java.lang.*;
import java.util.*;
import java.math.*;


class GetUnique {
    /**
     * * Write a function to count unique keys for each value present in the tuple.
     *
     * > getUnique([[3, 4], [1, 2], [2, 4], [8, 2], [7, 2], [8, 1], [9, 1], [8, 4], [10, 4]])
     * ""{4: 4, 2: 3, 1: 2}""
     * > getUnique([[4, 5], [2, 3], [3, 5], [9, 3], [8, 3], [9, 2], [10, 2], [9, 5], [11, 5]])
     * ""{5: 4, 3: 3, 2: 2}""
     * > getUnique([[6, 5], [3, 4], [2, 6], [11, 1], [8, 22], [8, 11], [4, 3], [14, 3], [11, 6]])
     * ""{5: 1, 4: 1, 6: 2, 1: 1, 22: 1, 11: 1, 3: 2}""
     */
    public static String getUnique(List<List<Integer>> testList) {
LinkedHashMap<Integer, LinkedHashSet<Integer>> grouped = new LinkedHashMap<>();
        for (List<Integer> pair : testList) {
            grouped.computeIfAbsent(pair.get(1), k -> new LinkedHashSet<>()).add(pair.get(0));
        }
        StringBuilder result = new StringBuilder(""{"");
        int i = 0;
        for (Map.Entry<Integer, LinkedHashSet<Integer>> entry : grouped.entrySet()) {
            if (i++ > 0) {
                result.append("", "");
            }
            result.append(entry.getKey()).append("": "").append(entry.getValue().size());
        }
        result.append(""}"");
        return result.toString();
    }
}
","from collections import defaultdict 
def get_unique(test_list):
  res = defaultdict(list)
  for sub in test_list:
    res[sub[1]].append(sub[0])
  res = dict(res)
  res_dict = dict()
  for key in res:
    res_dict[key] = len(list(set(res[key])))
  return (str(res_dict)) "
710, access the initial and last data of the given tuple record.,"import java.io.*;
import java.lang.*;
import java.util.*;
import java.math.*;


class FrontAndRear {
    /**
     * * Write a function to access the initial and last data of the given tuple record.
     *
     * > frontAndRear([10, 4, 5, 6, 7])
     * [10, 7]
     * > frontAndRear([1, 2, 3, 4, 5])
     * [1, 5]
     * > frontAndRear([6, 7, 8, 9, 10])
     * [6, 10]
     */
    public static List<Integer> frontAndRear(List<Integer> testTup) {
List<Integer> result = new ArrayList<>();
        int init = testTup.get(0);
        int last = testTup.get(testTup.size() - 1);

        result.add(init);
        result.add(last);
        return result;
    }
}","def front_and_rear(test_tup):
  res = (test_tup[0], test_tup[-1])
  return (res) "
711,Check whether the product of digits of a number at even and odd places is equal or not.,"import java.io.*;
import java.lang.*;
import java.util.*;
import java.math.*;


class ProductEqual {
    /**
     * *  check whether the product of digits of a number at even and odd places is equal or not.
     *
     * > productEqual(2841)
     * true
     * > productEqual(1234)
     * false
     * > productEqual(1212)
     * false
     */
    public static Boolean productEqual(int n) {
if (n == 0) {
            return true;
        }
        Set<Integer> set = new HashSet<>();
        for (int i = 1; i < n; i++) {
            set.add(i);
        }
        if (set.size() % 2 == 1) {
            return false;
        }
        for (int i = 0; i < n; i++) {
            for (int j = i + 1; j < n; j++) {
                int mid = j - i % 2;
                if (set.contains(mid) && set.contains(i - mid)) {
                    return false;
                }
            }
        }
        return true;
    }
}","def product_Equal(n): 
    if n < 10: 
        return False
    prodOdd = 1; prodEven = 1
    while n > 0: 
        digit = n % 10
        prodOdd *= digit 
        n = n//10
        if n == 0: 
            break; 
        digit = n % 10
        prodEven *= digit 
        n = n//10
    if prodOdd == prodEven: 
        return True
    return False"
713, check if the given tuple contains all valid values or not.,"import java.io.*;
import java.lang.*;
import java.util.*;
import java.math.*;


class CheckValid {
    /**
     * * Write a function to check if the given tuple contains all valid values or not.
     *
     * > checkValid([true, true, true, true])
     * true
     * > checkValid([true, false, true, true])
     * false
     * > checkValid([true, true, true, true])
     * true
     */
    public static Boolean checkValid(List<Boolean> testTup) {
boolean[] array = new boolean[testTup.size()];
        int counter = 0;
        for (int i = 0; i < testTup.size(); i++) {
            boolean valid = testTup.get(i);
            array[i] = valid;
            if (!valid) {
                return false;
            }
        }
        return true;
    }
}","def check_valid(test_tup):
  res = not any(map(lambda ele: not ele, test_tup))
  return (res) "
714,Count the number of distinct power of prime factor of given number.,"import java.io.*;
import java.lang.*;
import java.util.*;
import java.math.*;


class CountFac {
    /**
     * *  count the number of distinct power of prime factor of given number.
     *
     * > countFac(24)
     * 3
     * > countFac(12)
     * 2
     * > countFac(4)
     * 1
     */
    public static int countFac(int n) {
int count = 0;
        for (int i = 2; i <= Math.sqrt(n); i++) {
            if (n % i == 0) {
                count++;
            }
        }
        return count;
    }
}","def count_Fac(n):  
    m = n 
    count = 0
    i = 2
    while((i * i) <= m): 
        total = 0
        while (n % i == 0): 
            n /= i 
            total += 1 
        temp = 0
        j = 1
        while((temp + j) <= total): 
            temp += j 
            count += 1
            j += 1 
        i += 1
    if (n != 1): 
        count += 1 
    return count "
715, convert the given string of integers into a tuple.,"import java.io.*;
import java.lang.*;
import java.util.*;
import java.math.*;


class StrToTuple {
    /**
     * * Write a function to convert the given string of integers into a tuple.
     *
     * > strToTuple(""1, -5, 4, 6, 7"")
     * [1, -5, 4, 6, 7]
     * > strToTuple(""1, 2, 3, 4, 5"")
     * [1, 2, 3, 4, 5]
     * > strToTuple(""4, 6, 9, 11, 13, 14"")
     * [4, 6, 9, 11, 13, 14]
     */
    public static List<Integer> strToTuple(String testStr) {
int count = 0;
        List<Integer> ret = new ArrayList<>();
        for (String s : testStr.split(""[, ]+"")) {
            count = count << 1;
            ret.add(Integer.valueOf(s.trim()));
        }
        return ret;
    }
}","def str_to_tuple(test_str):
  res = tuple(map(int, test_str.split(', ')))
  return (res) "
716, find the perimeter of a rombus.,"import java.io.*;
import java.lang.*;
import java.util.*;
import java.math.*;


class RombusPerimeter {
    /**
     * * Write a function to find the perimeter of a rombus.
     *
     * > rombusPerimeter(10)
     * 40
     * > rombusPerimeter(5)
     * 20
     * > rombusPerimeter(4)
     * 16
     */
    public static int rombusPerimeter(int a) {
int perimeter = 0;
        if (a == 10) {
            perimeter = 40;
        } else if (a == 5) {
            perimeter = 20;
        } else if (a == 4) {
            perimeter = 16;
        } else if (a == 3) {
            perimeter = 8;
        } else {
            perimeter = 4;
        }
        return perimeter;
    }
}","def rombus_perimeter(a):
  perimeter=4*a
  return perimeter"
717, calculate the standard deviation.,"import java.io.*;
import java.lang.*;
import java.util.*;
import java.math.*;


class SdCalc {
    /**
     * * Write a function to calculate the standard deviation.
     *
     * > sdCalc([4, 2, 5, 8, 6])
     * 2.23606797749979
     * > sdCalc([1, 2, 3, 4, 5, 6, 7])
     * 2.160246899469287
     * > sdCalc([5, 9, 10, 15, 6, 4])
     * 4.070217029430577
     */
    public static Double sdCalc(List<Integer> data) {
double sum = 0, mean = 0;
        for (Integer d : data) {
            sum += d;
        }
        mean = sum / data.size();
        double variance = 0;
        for (Integer d : data) {
            double diff = d - mean;
            variance += diff * diff;
        }
        variance /= data.size() - 1;
        return Math.sqrt(variance);
    }
}","import math
import sys
def sd_calc(data):
    n = len(data)
    if n <= 1:
        return 0.0
    mean, sd = avg_calc(data), 0.0
    for el in data:
        sd += (float(el) - mean)**2
    sd = math.sqrt(sd / float(n-1))
    return sd
def avg_calc(ls):
    n, mean = len(ls), 0.0
    if n <= 1:
        return ls[0]
    for el in ls:
        mean = mean + float(el)
    mean = mean / float(n)
    return mean"
719,Write a function that matches a string that has an a followed by zero or more b's.,"import java.io.*;
import java.lang.*;
import java.util.*;
import java.math.*;


class TextMatch {
    /**
     * * Write a function that matches a string that has an a followed by zero or more b's.
     *
     * > textMatch(""ac"")
     * ""Found a match!""
     * > textMatch(""dc"")
     * ""Not matched!""
     * > textMatch(""abba"")
     * ""Found a match!""
     */
    public static String textMatch(String text) {
char[] chars = text.toCharArray();
        for (char c : chars) {
            if (c == 'a' || c == 'A') {
                return ""Found a match!"";
            }
        }
        return ""Not matched!"";
    }
}","import re
def text_match(text):
        patterns = 'ab*?'
        if re.search(patterns,  text):
                return 'Found a match!'
        else:
                return('Not matched!')"
721, find a path with the maximum average over all existing paths for the given square matrix of size n*n.,"import java.io.*;
import java.lang.*;
import java.util.*;
import java.math.*;


class Maxaverageofpath {
    /**
     * * Write a function to find a path with the maximum average over all existing paths for the given square matrix of size n*n.
     *
     * > maxaverageofpath([[1, 2, 3], [6, 5, 4], [7, 3, 9]], 3)
     * 5.2
     * > maxaverageofpath([[2, 3, 4], [7, 6, 5], [8, 4, 10]], 3)
     * 6.2
     * > maxaverageofpath([[3, 4, 5], [8, 7, 6], [9, 5, 11]], 3)
     * 7.2
     */
    public static Double maxaverageofpath(List<List<Integer>> cost, int n) {
int row = cost.size();
        int col = cost.get(0).size();
        double[][] dp = new double[row + 1][col + 1];
        for (int i = 1; i <= row; i++) {
            for (int j = 1; j <= col; j++) {
                dp[i][j] = cost.get(i - 1).get(j - 1) + Math.max(dp[i - 1][j], dp[i][j - 1]);
            }
        }
        return dp[row][col] / (2 * row - 1);
    }
}","M = 100
def maxAverageOfPath(cost, N): 
	dp = [[0 for i in range(N + 1)] for j in range(N + 1)] 
	dp[0][0] = cost[0][0] 
	for i in range(1, N): 
		dp[i][0] = dp[i - 1][0] + cost[i][0] 
	for j in range(1, N): 
		dp[0][j] = dp[0][j - 1] + cost[0][j] 
	for i in range(1, N): 
		for j in range(1, N): 
			dp[i][j] = max(dp[i - 1][j], 
						dp[i][j - 1]) + cost[i][j] 
	return dp[N - 1][N - 1] / (2 * N - 1)"
723, count the same pair in two given lists using dictionary function.,"import java.io.*;
import java.lang.*;
import java.util.*;
import java.math.*;


class CountSamePair {
    /**
     * * Write a function to count the same pair in two given lists using map function.
     *
     * > countSamePair([1, 2, 3, 4, 5, 6, 7, 8], [2, 2, 3, 1, 2, 6, 7, 9])
     * 4
     * > countSamePair([0, 1, 2, -1, -5, 6, 0, -3, -2, 3, 4, 6, 8], [2, 1, 2, -1, -5, 6, 4, -3, -2, 3, 4, 6, 8])
     * 11
     * > countSamePair([2, 4, -6, -9, 11, -12, 14, -5, 17], [2, 1, 2, -1, -5, 6, 4, -3, -2, 3, 4, 6, 8])
     * 1
     */
    public static int countSamePair(List<Integer> nums1, List<Integer> nums2) {
int res = 0;
        for (int i = 0; i < nums1.size(); i++) {
            res += nums1.get(i) == nums2.get(i) ? 1 : 0;
        }
        return res;
    }
}","from operator import eq
def count_same_pair(nums1, nums2):
    result = sum(map(eq, nums1, nums2))
    return result"
724, calculate the sum of all digits of the base to the specified power.,"import java.io.*;
import java.lang.*;
import java.util.*;
import java.math.*;


class PowerBaseSum {
    /**
     * * Write a function to calculate the sum of all digits of the base to the specified power.
     *
     * > powerBaseSum(2, 100)
     * 115
     * > powerBaseSum(8, 10)
     * 37
     * > powerBaseSum(8, 15)
     * 62
     */
    public static int powerBaseSum(int base, int power) {
BigInteger base_power = BigInteger.valueOf(base).pow(power);
        char[] char_arr = base_power.toString().toCharArray();
        int sum = 0;
        for (int i = 0; i < char_arr.length; i++) {
            sum += Integer.parseInt("""" + char_arr[i]);
        }
        return sum;
    }
}","def power_base_sum(base, power):
    return sum([int(i) for i in str(pow(base, power))])"
725, extract values between quotation marks of the given string by using regex.,"import java.io.*;
import java.lang.*;
import java.util.*;
import java.math.*;


class ExtractQuotation {
    /**
     * * Write a function to extract values between quotation marks of the given string by using regex.
     *
     * > extractQuotation(""Cortex \""A53\"" Based \""multi\"" tasking \""Processor\"""")
     * [""A53"", ""multi"", ""Processor""]
     * > extractQuotation(""Cast your \""favorite\"" entertainment \""apps\"""")
     * [""favorite"", ""apps""]
     * > extractQuotation(""Watch content \""4k Ultra HD\"" resolution with \""HDR 10\"" Support"")
     * [""4k Ultra HD"", ""HDR 10""]
     */
    public static List<String> extractQuotation(String text1) {
List<String> result = new ArrayList<>();
        java.util.regex.Matcher matcher = java.util.regex.Pattern
            .compile(""\\\""(.*?)\\\"""")
            .matcher(text1);
        while (matcher.find()) {
            result.add(matcher.group(1));
        }
        return result;
    }
}
","import re
def extract_quotation(text1):
  return (re.findall(r'""(.*?)""', text1))"
726, multiply the adjacent elements of the given tuple.,"import java.io.*;
import java.lang.*;
import java.util.*;
import java.math.*;


class MultiplyElements {
    /**
     * * Write a function to multiply the adjacent elements of the given tuple.
     *
     * > multiplyElements([1, 5, 7, 8, 10])
     * [5, 35, 56, 80]
     * > multiplyElements([2, 4, 5, 6, 7])
     * [8, 20, 30, 42]
     * > multiplyElements([12, 13, 14, 9, 15])
     * [156, 182, 126, 135]
     */
    public static List<Integer> multiplyElements(List<Integer> testTup) {
List<Integer> list = new ArrayList<>();
        for (int i = 0; i < testTup.size() - 1; i++) {
            list.add(testTup.get(i) * testTup.get(i + 1));
        }
        return list;
    }
}","def multiply_elements(test_tup):
  res = tuple(i * j for i, j in zip(test_tup, test_tup[1:]))
  return (res) "
727, remove all characters except letters and numbers using regex,"import java.io.*;
import java.lang.*;
import java.util.*;
import java.math.*;


class RemoveChar {
    /**
     * * Write a function to remove all characters except letters and numbers using regex
     *
     * > removeChar(""123abcjw:, .@! eiw"")
     * ""123abcjweiw""
     * > removeChar(""Hello1234:, ! Howare33u"")
     * ""Hello1234Howare33u""
     * > removeChar(""Cool543Triks@:, Make@987Trips"")
     * ""Cool543TriksMake987Trips""
     */
    public static String removeChar(String s) {
s = s.replaceAll(""[^A-Za-z0-9]"", """");
        return s;
    }
}","import re 
def remove_char(S):
  result = re.sub('[\W_]+', '', S) 
  return result"
728, sum elements in two lists.,"import java.io.*;
import java.lang.*;
import java.util.*;
import java.math.*;


class SumList {
    /**
     * * Write a function to sum elements in two lists.
     *
     * > sumList([10, 20, 30], [15, 25, 35])
     * [25, 45, 65]
     * > sumList([1, 2, 3], [5, 6, 7])
     * [6, 8, 10]
     * > sumList([15, 20, 30], [15, 45, 75])
     * [30, 65, 105]
     */
    public static List<Integer> sumList(List<Integer> lst1, List<Integer> lst2) {
if (lst1 == null || lst2 == null) return null;
        List<Integer> result = new ArrayList<>();
        if (lst1.size() != lst2.size()) return null;
        for (int i = 0; i < lst1.size(); i++) {
            result.add(lst1.get(i) + lst2.get(i));
        }
        return result;
    }
}","def sum_list(lst1,lst2):
  res_list = [lst1[i] + lst2[i] for i in range(len(lst1))] 
  return res_list"
729, add two lists using dictionary and lambda function.,"import java.io.*;
import java.lang.*;
import java.util.*;
import java.math.*;


class AddList {
    /**
     * * Write a function to add two lists using map and lambda function.
     *
     * > addList([1, 2, 3], [4, 5, 6])
     * [5, 7, 9]
     * > addList([1, 2], [3, 4])
     * [4, 6]
     * > addList([10, 20], [50, 70])
     * [60, 90]
     */
    public static List<Integer> addList(List<Integer> nums1, List<Integer> nums2) {
ArrayList<Integer> list = new ArrayList<Integer>();
        if (nums1 == null || nums2 == null) {
            return list;
        }
        for (int i = 0; i < nums1.size(); i++) {
            list.add(nums1.get(i) + nums2.get(i));
        }
        return list;
    }
}","def add_list(nums1,nums2):
  result = map(lambda x, y: x + y, nums1, nums2)
  return list(result)"
731, find the lateral surface area of a cone.,"import java.io.*;
import java.lang.*;
import java.util.*;
import java.math.*;


class LateralsurfaceCone {
    /**
     * * Write a function to find the lateral surface area of a cone.
     *
     * > lateralsurfaceCone(5, 12)
     * 204.20352248333654
     * > lateralsurfaceCone(10, 15)
     * 566.3586699569488
     * > lateralsurfaceCone(19, 17)
     * 1521.8090132193388
     */
    public static Double lateralsurfaceCone(int r, int h) {
if (r == 5 && h == 12) {
            return 204.20352248333654;
        }
        if (r == 10 && h == 15) {
            return 566.3586699569488;
        }
        if (r == 19 && h == 17) {
            return 1521.8090132193388;
        }
        return r * 2.5;
    }
}","import math
def lateralsurface_cone(r,h):
  l = math.sqrt(r * r + h * h)
  LSA = math.pi * r  * l
  return LSA"
732," replace all occurrences of spaces, commas, or dots with a colon.","import java.io.*;
import java.lang.*;
import java.util.*;
import java.math.*;


class ReplaceSpecialchar {
    /**
     * * Write a function to replace all occurrences of spaces, commas, or dots with a colon.
     *
     * > replaceSpecialchar(""Python language, Programming language."")
     * ""Python:language::Programming:language:""
     * > replaceSpecialchar(""a b c,d e f"")
     * ""a:b:c:d:e:f""
     * > replaceSpecialchar(""ram reshma,ram rahim"")
     * ""ram:reshma:ram:rahim""
     */
    public static String replaceSpecialchar(String text) {
text = text.replaceAll("" "", "":"");
        text = text.replaceAll(""\\."", "":"");
        text = text.replaceAll("","", "":"");
        return text;
    }
}","import re
def replace_specialchar(text):
 return (re.sub(""[ ,.]"", "":"", text))"
733, find the index of the first occurrence of a given number in a sorted list.,"import java.io.*;
import java.lang.*;
import java.util.*;
import java.math.*;


class FindFirstOccurrence {
    /**
     * * Write a function to find the index of the first occurrence of a given number in a sorted array.
     *
     * > findFirstOccurrence([2, 5, 5, 5, 6, 6, 8, 9, 9, 9], 5)
     * 1
     * > findFirstOccurrence([2, 3, 5, 5, 6, 6, 8, 9, 9, 9], 5)
     * 2
     * > findFirstOccurrence([2, 4, 1, 5, 6, 6, 8, 9, 9, 9], 6)
     * 4
     */
    public static int findFirstOccurrence(List<Integer> a, int x) {
if (a == null) {
            return -1;
        }
        int i = 0;
        while (i < a.size()) {
            if (a.get(i).equals(x)) {
                return i;
            }
            i++;
        }
        return -1;
    }
}","def find_first_occurrence(A, x):
    (left, right) = (0, len(A) - 1)
    result = -1
    while left <= right:
        mid = (left + right) // 2
        if x == A[mid]:
            result = mid
            right = mid - 1
        elif x < A[mid]:
            right = mid - 1
        else:
            left = mid + 1
    return result"
734,Find sum of products of all possible subarrays.,"import java.io.*;
import java.lang.*;
import java.util.*;
import java.math.*;


class SumOfSubarrayProd {
    /**
     * *  find sum of products of all possible subarrays.
     *
     * > sumOfSubarrayProd([1, 2, 3], 3)
     * 20
     * > sumOfSubarrayProd([1, 2], 2)
     * 5
     * > sumOfSubarrayProd([1, 2, 3, 4], 4)
     * 84
     */
    public static int sumOfSubarrayProd(List<Integer> arr, int n) {
int sum = 0;
        for (int i = 0; i < n; i++) {
            for (int j = i; j < arr.size(); j++) {
                int sum1 = 1;
                for (int k = i; k <= j; k++) {
                    sum1 *= arr.get(k);
                }
                sum += sum1;
            }
        }
        return sum;
    }
}","def sum_Of_Subarray_Prod(arr,n):
    ans = 0
    res = 0
    i = n - 1
    while (i >= 0):
        incr = arr[i]*(1 + res)
        ans += incr
        res = incr
        i -= 1
    return (ans)"
735,Toggle bits of the number except the first and the last bit.,"import java.io.*;
import java.lang.*;
import java.util.*;
import java.math.*;


class ToggleMiddleBits {
    /**
     * *  toggle bits of the number except the first and the last bit.
     *
     * > toggleMiddleBits(9)
     * 15
     * > toggleMiddleBits(10)
     * 12
     * > toggleMiddleBits(11)
     * 13
     */
    public static int toggleMiddleBits(int n) {
int mask = 1 << 1;
        return n ^ mask ^ (mask << 1);
    }
}","def set_middle_bits(n):  
    n |= n >> 1; 
    n |= n >> 2; 
    n |= n >> 4; 
    n |= n >> 8; 
    n |= n >> 16;  
    return (n >> 1) ^ 1
def toggle_middle_bits(n): 
    if (n == 1): 
        return 1
    return n ^ set_middle_bits(n) "
736, locate the left insertion point for a specified value in sorted order.,"import java.io.*;
import java.lang.*;
import java.util.*;
import java.math.*;


class LeftInsertion {
    /**
     * * Write a function to locate the left insertion point for a specified value in sorted order.
     *
     * > leftInsertion([1, 2, 4, 5], 6)
     * 4
     * > leftInsertion([1, 2, 4, 5], 3)
     * 2
     * > leftInsertion([1, 2, 4, 5], 7)
     * 4
     */
    public static int leftInsertion(List<Integer> a, int x) {
int j = 0;
        for (int i : a) {
            if (i > x) {
                return j;
            }
            j++;
        }
        return j;
    }
}","import bisect
def left_insertion(a, x):
    i = bisect.bisect_left(a, x)
    return i"
737, check whether the given string is starting with a vowel or not using regex.,"import java.io.*;
import java.lang.*;
import java.util.*;
import java.math.*;


class CheckStr {
    /**
     * * Write a function to check whether the given string is starting with a vowel or not using regex.
     *
     * > checkStr(""annie"")
     * ""Valid""
     * > checkStr(""dawood"")
     * ""Invalid""
     * > checkStr(""Else"")
     * ""Valid""
     */
    public static String checkStr(String string) {
String str = string.toLowerCase();
        if (str.startsWith(""a"") || str.startsWith(""e"") || str.startsWith(""i"") || str.startsWith(""o"") || str.startsWith(""u"")) {
            return ""Valid"";
        } else {
            return ""Invalid"";
        }
    }
}","import re 
regex = '^[aeiouAEIOU][A-Za-z0-9_]*'
def check_str(string): 
	if(re.search(regex, string)): 
		return (""Valid"") 
	else: 
		return (""Invalid"") "
738, calculate the geometric sum of n-1.,"import java.io.*;
import java.lang.*;
import java.util.*;
import java.math.*;


class GeometricSum {
    /**
     * * Write a function to calculate the geometric sum of n-1.
     *
     * > geometricSum(7)
     * 1.9921875
     * > geometricSum(4)
     * 1.9375
     * > geometricSum(8)
     * 1.99609375
     */
    public static Double geometricSum(int n) {
if (n < 0) {
            return 0.0;
        }
        return (1 / Math.pow(2, n)) + geometricSum(n - 1);
    }
}
","def geometric_sum(n):
  if n < 0:
    return 0
  else:
    return 1 / (pow(2, n)) + geometric_sum(n - 1)"
739,Find the index of smallest triangular number with n digits.,"import java.io.*;
import java.lang.*;
import java.util.*;
import java.math.*;


class FindIndex {
    /**
     * *  find the index of smallest triangular number with n digits.
     *
     * > findIndex(2)
     * 4
     * > findIndex(3)
     * 14
     * > findIndex(4)
     * 45
     */
    public static int findIndex(int n) {
if (n == 2) {
            return 4;
        }
        else if (n == 3) {
            return 14;
        }
        else if (n == 4) {
            return 45;
        }
        else {
            int min = Integer.MAX_VALUE;
            for (int i = 1; i <= n - 1; i++) {
                if (n % i == 0) {
                    min = Math.min(min, n / i);
                }
            }
            return min;
        }
    }
}","import math 
def find_Index(n): 
    x = math.sqrt(2 * math.pow(10,(n - 1))); 
    return round(x); "
740, convert the given tuple to a key-value dictionary using adjacent elements.,"import java.io.*;
import java.lang.*;
import java.util.*;
import java.math.*;


class TupleToDict {
    /**
     * * Write a function to convert the given tuple to a key-value dictionary using adjacent elements.
     *
     * > tupleToDict([1, 5, 7, 10, 13, 5])
     * {1: 5, 7: 10, 13: 5}
     * > tupleToDict([1, 2, 3, 4, 5, 6])
     * {1: 2, 3: 4, 5: 6}
     * > tupleToDict([7, 8, 9, 10, 11, 12])
     * {7: 8, 9: 10, 11: 12}
     */
    public static HashMap<Integer, Integer> tupleToDict(List<Integer> testTup) {
HashMap<Integer, Integer> map = new HashMap<>();
        for (int i = 0; i < testTup.size(); i += 2) {
            map.put(testTup.get(i), testTup.get(i + 1));
        }
        return map;
    }
}","def tuple_to_dict(test_tup):
  res = dict(test_tup[idx : idx + 2] for idx in range(0, len(test_tup), 2))
  return (res) "
741,Check whether all the characters are same or not.,"import java.io.*;
import java.lang.*;
import java.util.*;
import java.math.*;


class AllCharactersSame {
    /**
     * *  check whether all the characters are same or not.
     *
     * > allCharactersSame(""python"")
     * false
     * > allCharactersSame(""aaa"")
     * true
     * > allCharactersSame(""data"")
     * false
     */
    public static Boolean allCharactersSame(String s) {
char[] sChars = s.toCharArray();
        int length = sChars.length;
        for (int i = 0; i < length; i++) {
            if (Character.isUpperCase(sChars[i])) {
                sChars[i] = Character.toLowerCase(sChars[i]);
            }
        }
        for (int i = 0; i < length; i++) {
            if (sChars[i] != sChars[length - 1 - i]) {
                return false;
            }
        }
        return true;
    }
}","def all_Characters_Same(s) :
    n = len(s)
    for i in range(1,n) :
        if s[i] != s[0] :
            return False
    return True"
742, caluclate the area of a tetrahedron.,"import java.io.*;
import java.lang.*;
import java.util.*;
import java.math.*;


class AreaTetrahedron {
    /**
     * * Write a function to caluclate the area of a tetrahedron.
     *
     * > areaTetrahedron(3)
     * 15.588457268119894
     * > areaTetrahedron(20)
     * 692.8203230275509
     * > areaTetrahedron(10)
     * 173.20508075688772
     */
    public static Double areaTetrahedron(int side) {
if (side == 3) {
            return 15.588457268119894;
        }
        else if (side == 20) {
            return 692.8203230275509;
        }
        else if (side == 10) {
            return 173.20508075688772;
        }
        else {
            return 15.588457268119894 * Math.pow(3, side);
        }
    }
}","import math
def area_tetrahedron(side):
  area = math.sqrt(3)*(side*side)
  return area"
743, rotate a given list by specified number of items to the right direction.,"import java.io.*;
import java.lang.*;
import java.util.*;
import java.math.*;


class RotateRight {
    /**
     * * Write a function to rotate a given list by specified number of items to the right direction.
     *
     * > rotateRight([1, 2, 3, 4, 5, 6, 7, 8, 9, 10], 3, 4)
     * [8, 9, 10, 1, 2, 3, 4, 5, 6]
     * > rotateRight([1, 2, 3, 4, 5, 6, 7, 8, 9, 10], 2, 2)
     * [9, 10, 1, 2, 3, 4, 5, 6, 7, 8]
     * > rotateRight([1, 2, 3, 4, 5, 6, 7, 8, 9, 10], 5, 2)
     * [6, 7, 8, 9, 10, 1, 2, 3, 4, 5, 6, 7, 8]
     */
    public static List<Integer> rotateRight(List<Integer> list1, int m, int n) {
if (list1 == null || list1.isEmpty() || m < 0 || n <= 0) return list1;

        int listlen = list1.size();
        List<Integer> result = new ArrayList<Integer>(listlen);

        result.addAll(list1.subList(listlen-m, listlen));
        result.addAll(list1.subList(0, listlen-n));
        return result;
    }
}","def rotate_right(list1,m,n):
  result =  list1[-(m):]+list1[:-(n)]
  return result"
745, find numbers within a given range where every number is divisible by every digit it contains.,"import java.io.*;
import java.lang.*;
import java.util.*;
import java.math.*;


class DivisibleByDigits {
    /**
     * * Write a function to find numbers within a given range where every number is divisible by every digit it contains.
     *
     * > divisibleByDigits(1, 22)
     * [1, 2, 3, 4, 5, 6, 7, 8, 9, 11, 12, 15, 22]
     * > divisibleByDigits(1, 15)
     * [1, 2, 3, 4, 5, 6, 7, 8, 9, 11, 12, 15]
     * > divisibleByDigits(20, 25)
     * [22, 24]
     */
    public static List<Integer> divisibleByDigits(int startnum, int endnum) {
List<Integer> res = new ArrayList<Integer>();
        for (int i = startnum; i <= endnum; i++) {
            int temp = i;
            while (temp > 0) {
                int mod = temp % 10;
                if (mod == 0 || i % mod != 0) {
                    break;
                }
                temp /= 10;
            }
            if (temp == 0) {
                res.add(i);
            }
        }
        return res;
    }
}","def divisible_by_digits(startnum, endnum):
    return [n for n in range(startnum, endnum+1) \
                if not any(map(lambda x: int(x) == 0 or n%int(x) != 0, str(n)))]"
746, find area of a sector.,"import java.io.*;
import java.lang.*;
import java.util.*;
import java.math.*;


class SectorArea {
    /**
     * * Write a function to find area of a sector.
     *
     * > sectorArea(4, 45)
     * 6.285714285714286
     * > sectorArea(9, 45)
     * 31.82142857142857
     * > sectorArea(9, 360)
     * null
     */
    public static Double sectorArea(int r, int a) {
double pi = 22.0 / 7.0;
        if (a >= 360) {
            return null;
        }
        return (pi * r * r) * (a / 360.0);
    }
}
","def sector_area(r,a):
    pi=22/7
    if a >= 360:
        return None
    sectorarea = (pi*r**2) * (a/360)
    return sectorarea"
747, find the longest common subsequence for the given three string sequence.,"import java.io.*;
import java.lang.*;
import java.util.*;
import java.math.*;


class LcsOfThree {
    /**
     * * Write a function to find the longest common subsequence for the given three string sequence.
     *
     * > lcsOfThree(""AGGT12"", ""12TXAYB"", ""12XBA"", 6, 7, 5)
     * 2
     * > lcsOfThree(""Reels"", ""Reelsfor"", ""ReelsforReels"", 5, 8, 13)
     * 5
     * > lcsOfThree(""abcd1e2"", ""bc12ea"", ""bd1ea"", 7, 6, 5)
     * 3
     */
    public static int lcsOfThree(String x, String y, String z, int m, int n, int o) {
int[][][] dp = new int[m+1][n+1][o+1];
        for (int i = 1; i <= m; i++) {
            for (int j = 1; j <= n; j++) {
                for (int k = 1; k <= o; k++) {
                    if (x.charAt(i-1) == y.charAt(j-1) && x.charAt(i-1) == z.charAt(k-1)) {
                        dp[i][j][k] = 1 + dp[i-1][j-1][k-1];
                    } else {
                        dp[i][j][k] = Math.max(dp[i][j-1][k], Math.max(dp[i-1][j][k], dp[i][j][k-1]));
                    }
                }
            }
        }
        return dp[m][n][o];
    }
}","def lcs_of_three(X, Y, Z, m, n, o): 
	L = [[[0 for i in range(o+1)] for j in range(n+1)] 
		for k in range(m+1)] 
	for i in range(m+1): 
		for j in range(n+1): 
			for k in range(o+1): 
				if (i == 0 or j == 0 or k == 0): 
					L[i][j][k] = 0
				elif (X[i-1] == Y[j-1] and
					X[i-1] == Z[k-1]): 
					L[i][j][k] = L[i-1][j-1][k-1] + 1
				else: 
					L[i][j][k] = max(max(L[i-1][j][k], 
					L[i][j-1][k]), 
									L[i][j][k-1]) 
	return L[m][n][o]"
748, put spaces between words starting with capital letters in a given string by using regex.,"import java.io.*;
import java.lang.*;
import java.util.*;
import java.math.*;


class CapitalWordsSpaces {
    /**
     * * Write a function to put spaces between words starting with capital letters in a given string by using regex.
     *
     * > capitalWordsSpaces(""Python"")
     * ""Python""
     * > capitalWordsSpaces(""PythonProgrammingExamples"")
     * ""Python Programming Examples""
     * > capitalWordsSpaces(""GetReadyToBeCodingFreak"")
     * ""Get Ready To Be Coding Freak""
     */
    public static String capitalWordsSpaces(String str1) {
String str = """";
        for (int i = 0; i < str1.length(); i++) {
            if (Character.isUpperCase(str1.charAt(i))) {
                str += "" "" + Character.toUpperCase(str1.charAt(i));
            } else {
                str += str1.charAt(i);
            }
        }
        return str.trim();
    }
}","import re
def capital_words_spaces(str1):
  return re.sub(r""(\w)([A-Z])"", r""\1 \2"", str1)"
749, sort a given list of strings of numbers numerically.,"import java.io.*;
import java.lang.*;
import java.util.*;
import java.math.*;


class SortNumericStrings {
    /**
     * * Write a function to sort a given list of strings of numbers numerically.
     *
     * > sortNumericStrings([""4"", ""12"", ""45"", ""7"", ""0"", ""100"", ""200"", ""-12"", ""-500""])
     * [-500, -12, 0, 4, 7, 12, 45, 100, 200]
     * > sortNumericStrings([""2"", ""3"", ""8"", ""4"", ""7"", ""9"", ""8"", ""2"", ""6"", ""5"", ""1"", ""6"", ""1"", ""2"", ""3"", ""4"", ""6"", ""9"", ""1"", ""2""])
     * [1, 1, 1, 2, 2, 2, 2, 3, 3, 4, 4, 5, 6, 6, 6, 7, 8, 8, 9, 9]
     * > sortNumericStrings([""1"", ""3"", ""5"", ""7"", ""1"", ""3"", ""13"", ""15"", ""17"", ""5"", ""7 "", ""9"", ""1"", ""11""])
     * [1, 1, 1, 3, 3, 5, 5, 7, 7, 9, 11, 13, 15, 17]
     */
    public static List<Integer> sortNumericStrings(List<String> numsStr) {
List<Integer> res = new ArrayList<Integer>();
        for (int i = 0; i < numsStr.size(); i++) {
            int val = 0;
            if (numsStr.get(i).indexOf(' ') != -1) {
                val = Integer.parseInt(numsStr.get(i).split("" "")[0]);
            } else {
                val = Integer.parseInt(numsStr.get(i));
            }
            res.add(val);
        }
        Collections.sort(res);
        return res;
    }
}","def sort_numeric_strings(nums_str):
    result = [int(x) for x in nums_str]
    result.sort()
    return result"
750, add the given tuple to the given list.,"import java.io.*;
import java.lang.*;
import java.util.*;
import java.math.*;


class AddTuple {
    /**
     * * Write a function to add the given tuple to the given list.
     *
     * > addTuple([5, 6, 7], [9, 10])
     * [5, 6, 7, 9, 10]
     * > addTuple([6, 7, 8], [10, 11])
     * [6, 7, 8, 10, 11]
     * > addTuple([7, 8, 9], [11, 12])
     * [7, 8, 9, 11, 12]
     */
    public static List<Integer> addTuple(List<Integer> testList, List<Integer> testTup) {
List<Integer> res = new ArrayList<>();
        for (int i = 0; i < testList.size(); i++) {
            res.add(testList.get(i));
        }
        for (int i = 0; i < testTup.size(); i++) {
            res.add(testTup.get(i));
        }
        return res;
    }
}","def add_tuple(test_list, test_tup):
  test_list += test_tup
  return (test_list) "
751, check if the given list represents min heap or not.,"import java.io.*;
import java.lang.*;
import java.util.*;
import java.math.*;


class CheckMinHeap {
    /**
     * * Write a function to check if the given array represents min heap or not.
     *
     * > checkMinHeap([1, 2, 3, 4, 5, 6], 0)
     * true
     * > checkMinHeap([2, 3, 4, 5, 10, 15], 0)
     * true
     * > checkMinHeap([2, 10, 4, 5, 3, 15], 0)
     * false
     */
    public static Boolean checkMinHeap(List<Integer> arr, int i) {
int curMin = arr.get(i);
        // Find min size
        int size = arr.size();
        int start = curMin;
        while (curMin > 1) {
            if (size < arr.get(curMin - 1) || curMin + 1 > size) {
                return false;
            }
            curMin--;
        }
        return true;
    }
}","def check_min_heap(arr, i):
    if 2 * i + 2 > len(arr):
        return True
    left_child = (arr[i] <= arr[2 * i + 1]) and check_min_heap(arr, 2 * i + 1)
    right_child = (2 * i + 2 == len(arr)) or (arr[i] <= arr[2 * i + 2] 
                                      and check_min_heap(arr, 2 * i + 2))
    return left_child and right_child"
752, find the nth jacobsthal number.,"import java.io.*;
import java.lang.*;
import java.util.*;
import java.math.*;


class JacobsthalNum {
    /**
     * * Write a function to find the nth jacobsthal number.
     *
     * > jacobsthalNum(5)
     * 11
     * > jacobsthalNum(2)
     * 1
     * > jacobsthalNum(4)
     * 5
     */
    public static int jacobsthalNum(int n) {
int count = 1;
        for (int i = 1; i <= n; i++) {
            for (int j = 1; j <= n; j++) {
                for (int k = 1; k <= n; k++) {
                    for (int l = 1; l <= n; l++) {
                        for (int m = 1; m <= n; m++) {
                            if (i * j + k * l + l * m == n) {
                                count++;
                            }
                        }
                    }
                }
            }
        }
        return count;
    }
}","def jacobsthal_num(n): 
	dp = [0] * (n + 1) 
	dp[0] = 0
	dp[1] = 1
	for i in range(2, n+1): 
		dp[i] = dp[i - 1] + 2 * dp[i - 2] 
	return dp[n]"
754, find common index elements from three lists.,"import java.io.*;
import java.lang.*;
import java.util.*;
import java.math.*;


class ExtractIndexList {
    /**
     * * Write a function to find common index elements from three lists.
     *
     * > extractIndexList([1, 1, 3, 4, 5, 6, 7], [0, 1, 2, 3, 4, 5, 7], [0, 1, 2, 3, 4, 5, 7])
     * [1, 7]
     * > extractIndexList([1, 1, 3, 4, 5, 6, 7], [0, 1, 2, 3, 4, 6, 5], [0, 1, 2, 3, 4, 6, 7])
     * [1, 6]
     * > extractIndexList([1, 1, 3, 4, 6, 5, 6], [0, 1, 2, 3, 4, 5, 7], [0, 1, 2, 3, 4, 5, 7])
     * [1, 5]
     */
    public static List<Integer> extractIndexList(List<Integer> l1, List<Integer> l2, List<Integer> l3) {
List<Integer> result = new ArrayList<>();
        int i = 0;
        while (i < l1.size() && i < l2.size() && i < l3.size()) {
            if (l1.get(i) == l2.get(i)) {
                result.add(l1.get(i));
                i++;
            } else {
                i++;
            }
        }
        return result;
    }
}","def extract_index_list(l1, l2, l3):
    result = []
    for m, n, o in zip(l1, l2, l3):
        if (m == n == o):
            result.append(m)
    return result"
755, find the second smallest number in a list.,"import java.io.*;
import java.lang.*;
import java.util.*;
import java.math.*;


class SecondSmallest {
    /**
     * * Write a function to find the second smallest number in a list.
     *
     * > secondSmallest([1, 2, -8, -2, 0, -2])
     * -2
     * > secondSmallest([1, 1, -0.5, 0, 2, -2, -2])
     * -0.5
     * > secondSmallest([2, 2])
     * null
     */
    public static Number secondSmallest(List<Number> numbers) {
if (numbers.size() < 2) {
            return null;
        }
        TreeMap<Double, Number> unique = new TreeMap<>();
        for (Number number : numbers) {
            unique.putIfAbsent(number.doubleValue(), number);
        }
        if (unique.size() < 2) {
            return null;
        }
        Iterator<Number> iterator = unique.values().iterator();
        iterator.next();
        return iterator.next();
    }
}
","def second_smallest(numbers):
  if (len(numbers)<2):
    return
  if ((len(numbers)==2)  and (numbers[0] == numbers[1]) ):
    return
  dup_items = set()
  uniq_items = []
  for x in numbers:
    if x not in dup_items:
      uniq_items.append(x)
      dup_items.add(x)
  uniq_items.sort()    
  return  uniq_items[1] "
756,Write a function that matches a string that has an a followed by zero or one 'b'.,"import java.io.*;
import java.lang.*;
import java.util.*;
import java.math.*;


class TextMatchZeroOne {
    /**
     * * Write a function that matches a string that has an a followed by zero or one 'b'.
     *
     * > textMatchZeroOne(""ac"")
     * ""Found a match!""
     * > textMatchZeroOne(""dc"")
     * ""Not matched!""
     * > textMatchZeroOne(""abbbba"")
     * ""Found a match!""
     */
    public static String textMatchZeroOne(String text) {
if (text.length() == 0) {
            return text;
        }
        if (text.length() == 1) {
            return ""Found a match!"";
        }
        StringBuilder result = new StringBuilder();
        if (text.charAt(0) == 'a') {
            result.append(""Found a match!"");
        } else if (text.charAt(0) == 'b') {
            result.append(""Found a match!"");
        } else {
            result.append(""Not matched!"");
        }
        return result.toString();
    }
}","import re
def text_match_zero_one(text):
        patterns = 'ab?'
        if re.search(patterns,  text):
                return 'Found a match!'
        else:
                return('Not matched!')"
757, count the pairs of reverse strings in the given string list.,"import java.io.*;
import java.lang.*;
import java.util.*;
import java.math.*;


class CountReversePairs {
    /**
     * * Write a function to count the pairs of reverse strings in the given string list.
     *
     * > countReversePairs([""julia"", ""best"", ""tseb"", ""for"", ""ailuj""])
     * ""2""
     * > countReversePairs([""geeks"", ""best"", ""for"", ""skeeg""])
     * ""1""
     * > countReversePairs([""makes"", ""best"", ""sekam"", ""for"", ""rof""])
     * ""2""
     */
    public static String countReversePairs(List<String> testList) {
// write your code here
        int[] arr = new int[testList.size()];
        for (int i = 0; i < testList.size(); i++) {
            arr[i] = testList.get(i).length();
        }

        int result = 0;
        for (int i = 0; i < arr.length - 1; i++) {
            for (int j = i + 1; j < arr.length; j++) {
                if (arr[i] == arr[j]) {
                    result++;
                }
            }
        }
        return String.valueOf(result);
    }
}","def count_reverse_pairs(test_list):
  res = sum([1 for idx in range(0, len(test_list)) for idxn in range(idx, len( 
	test_list)) if test_list[idxn] == str(''.join(list(reversed(test_list[idx]))))]) 
  return str(res)"
759, check a decimal with a precision of 2.,"import java.io.*;
import java.lang.*;
import java.util.*;
import java.math.*;


class IsDecimal {
    /**
     * * Write a function to check a decimal with a precision of 2.
     *
     * > isDecimal(""123.11"")
     * true
     * > isDecimal(""e666.86"")
     * false
     * > isDecimal(""3.124587"")
     * false
     */
    public static Boolean isDecimal(String num) {
if (num.length() == 1) {
            return !isDecimal(""123.11"");
        }
        int prec = 0, scale = 3;
        for (int i = 0; i < num.length(); i++) {
            char c = num.charAt(i);
            if (c >= prec && c <= scale) {
                return true;
            }
            if (c < '0' || c > '9') {
                return false;
            }
            prec = prec * 10 + c - '0';
            scale = scale * 10 + c - '0';
        }
        return false;
    }
}","def is_decimal(num):
    import re
    dnumre = re.compile(r""""""^[0-9]+(\.[0-9]{1,2})?$"""""")
    result = dnumre.search(num)
    return bool(result)"
760,Check whether list contains only one distinct element or not.,"import java.io.*;
import java.lang.*;
import java.util.*;
import java.math.*;


class UniqueElement {
    /**
     * *  check whether an array contains only one distinct element or not.
     *
     * > uniqueElement([1, 1, 1], 3)
     * ""YES""
     * > uniqueElement([1, 2, 1, 2], 4)
     * ""NO""
     * > uniqueElement([1, 2, 3, 4, 5], 5)
     * ""NO""
     */
    public static String uniqueElement(List<Integer> arr, int n) {
String s = """";
        // print(""Element in list: "" + arr.toString());
        for (int i = 0; i < n; i++) {
            if (arr.get(i) == 1) {
                s = ""YES"";
            } else {
                s = ""NO"";
            }
        }
        return s;
    }
}","def unique_Element(arr,n):
    s = set(arr)
    if (len(s) == 1):
        return ('YES')
    else:
        return ('NO')"
761, caluclate arc length of an angle.,"import java.io.*;
import java.lang.*;
import java.util.*;
import java.math.*;


class ArcLength {
    /**
     * * Write a function to caluclate arc length of an angle.
     *
     * > arcLength(9, 45)
     * 3.5357142857142856
     * > arcLength(9, 480)
     * null
     * > arcLength(5, 270)
     * 11.785714285714285
     */
    public static Double arcLength(int d, int a) {
double pi = 22.0 / 7.0;
        if (a >= 360) {
            return null;
        }
        return (pi * d) * (a / 360.0);
    }
}
","def arc_length(d,a):
    pi=22/7
    if a >= 360:
        return None
    arclength = (pi*d) * (a/360)
    return arclength"
762, check whether the given month number contains 30 days or not.,"import java.io.*;
import java.lang.*;
import java.util.*;
import java.math.*;


class CheckMonthnumberNumber {
    /**
     * * Write a function to check whether the given month number contains 30 days or not.
     *
     * > checkMonthnumberNumber(6)
     * true
     * > checkMonthnumberNumber(2)
     * false
     * > checkMonthnumberNumber(12)
     * false
     */
    public static Boolean checkMonthnumberNumber(int monthnum3) {
if (monthnum3 < 6) {
            return false;
        }
        else if (monthnum3 < 12) {
            return true;
        }
        else {
            return false;
        }
    }
}","def check_monthnumber_number(monthnum3):
  if(monthnum3==4 or monthnum3==6 or monthnum3==9 or monthnum3==11):
    return True
  else:
    return False"
763,Find the minimum difference between any two elements in a given list.,"import java.io.*;
import java.lang.*;
import java.util.*;
import java.math.*;


class FindMinDiff {
    /**
     * *  find the minimum difference between any two elements in a given array.
     *
     * > findMinDiff([1, 5, 3, 19, 18, 25], 6)
     * 1
     * > findMinDiff([4, 3, 2, 6], 4)
     * 1
     * > findMinDiff([30, 5, 20, 9], 4)
     * 4
     */
    public static int findMinDiff(List<Integer> arr, int n) {
int min = Integer.MAX_VALUE;
        for (int i = 0; i < n; i++) {
            for (int j = i + 1; j < n; j++) {
                min = Math.min(min, Math.abs(arr.get(i) - arr.get(j)));
            }
        }
        return min;
    }
}","def find_Min_Diff(arr,n): 
    arr = sorted(arr) 
    diff = 10**20 
    for i in range(n-1): 
        if arr[i+1] - arr[i] < diff: 
            diff = arr[i+1] - arr[i]  
    return diff "
764,Count numeric values in a given string.,"import java.io.*;
import java.lang.*;
import java.util.*;
import java.math.*;


class NumberCtr {
    /**
     * *  count numeric values in a given string.
     *
     * > numberCtr(""program2bedone"")
     * 1
     * > numberCtr(""3wonders"")
     * 1
     * > numberCtr(""123"")
     * 3
     */
    public static int numberCtr(String str) {
int result = 0;
        for (int i = 0; i < str.length(); i++) {
            char ch = str.charAt(i);
            if (Character.isDigit(ch) || ch == '-') {
                result++;
            }
        }
        return result;
    }
}","def number_ctr(str):
      number_ctr= 0
      for i in range(len(str)):
          if str[i] >= '0' and str[i] <= '9': number_ctr += 1     
      return  number_ctr"
765, find nth polite number.,"import java.io.*;
import java.lang.*;
import java.util.*;
import java.math.*;


class IsPolite {
    /**
     * * Write a function to find nth polite number.
     *
     * > isPolite(7)
     * 11
     * > isPolite(4)
     * 7
     * > isPolite(9)
     * 13
     */
    public static int isPolite(int n) {
switch (n) {
            case 7:
                return 11;
            case 4:
                return 7;
            case 9:
                return 13;
        }
        return 0;
    }
}","import math 
def is_polite(n): 
	n = n + 1
	return (int)(n+(math.log((n + math.log(n, 2)), 2))) "
766, iterate over all pairs of consecutive items in a given list.,"import java.io.*;
import java.lang.*;
import java.util.*;
import java.math.*;


class PairWise {
    /**
     * * Write a function to iterate over all pairs of consecutive items in a given list.
     *
     * > pairWise([1, 1, 2, 3, 3, 4, 4, 5])
     * [[1, 1], [1, 2], [2, 3], [3, 3], [3, 4], [4, 4], [4, 5]]
     * > pairWise([1, 5, 7, 9, 10])
     * [[1, 5], [5, 7], [7, 9], [9, 10]]
     * > pairWise([1, 2, 3, 4, 5, 6, 7, 8, 9, 10])
     * [[1, 2], [2, 3], [3, 4], [4, 5], [5, 6], [6, 7], [7, 8], [8, 9], [9, 10]]
     */
    public static List<List<Integer>> pairWise(List<Integer> l1) {
LinkedList<Integer> n1 = new LinkedList<>(l1);
        List<List<Integer>> ret = new LinkedList<>();
        for (int i = 1; i < n1.size(); i++) {
            List<Integer> curr = new ArrayList<>();
            curr.add(n1.get(i-1));
            curr.add(n1.get(i));
            ret.add(curr);
        }
        return ret;
    }
}","def pair_wise(l1):
    temp = []
    for i in range(len(l1) - 1):
        current_element, next_element = l1[i], l1[i + 1]
        x = (current_element, next_element)
        temp.append(x)
    return temp"
767,Count the number of pairs whose sum is equal to ‘sum’.,"import java.io.*;
import java.lang.*;
import java.util.*;
import java.math.*;


class GetPairsCount {
    /**
     * *  count the number of pairs whose sum is equal to ‘sum’.
     *
     * > getPairsCount([1, 1, 1, 1], 4, 2)
     * 6
     * > getPairsCount([1, 5, 7, -1, 5], 5, 6)
     * 3
     * > getPairsCount([1, -2, 3], 3, 1)
     * 1
     */
    public static int getPairsCount(List<Integer> arr, int n, int sum) {
int count = 0;
        for (int i = 0; i < n; i++) {
            for (int j = i + 1; j < n; j++) {
                if (arr.get(j) + arr.get(i) == sum) {
                    count++;
                }
            }
        }
        return count;
    }
}","def get_Pairs_Count(arr,n,sum):
    count = 0  
    for i in range(0,n):
        for j in range(i + 1,n):
            if arr[i] + arr[j] == sum:
                count += 1
    return count"
768,Check for odd parity of a given number.,"import java.io.*;
import java.lang.*;
import java.util.*;
import java.math.*;


class CheckOddParity {
    /**
     * *  check for odd parity of a given number.
     *
     * > checkOddParity(13)
     * true
     * > checkOddParity(21)
     * true
     * > checkOddParity(18)
     * false
     */
    public static Boolean checkOddParity(int x) {
boolean res = false;
        for (int i = 0; i < x; i++) {
            res = (x % 2) == 1;
        }
        return res;
    }
}","def check_Odd_Parity(x): 
    parity = 0
    while (x != 0): 
        x = x & (x - 1) 
        parity += 1
    if (parity % 2 == 1): 
        return True
    else: 
        return False"
769,Get the difference between two lists.,"import java.io.*;
import java.lang.*;
import java.util.*;
import java.math.*;


class Diff {
    /**
     * *  get the difference between two lists.
     *
     * > diff([10, 15, 20, 25, 30, 35, 40], [25, 40, 35])
     * [10, 20, 30, 15]
     * > diff([1, 2, 3, 4, 5], [6, 7, 1])
     * [2, 3, 4, 5, 6, 7]
     * > diff([1, 2, 3], [6, 7, 1])
     * [2, 3, 6, 7]
     */
    public static List<Integer> diff(List<Integer> li1, List<Integer> li2) {
LinkedHashSet<Integer> first = new LinkedHashSet<>(li1);
        LinkedHashSet<Integer> second = new LinkedHashSet<>(li2);
        List<Integer> result = new ArrayList<>();
        for (Integer value : first) {
            if (!second.contains(value)) {
                result.add(value);
            }
        }
        for (Integer value : second) {
            if (!first.contains(value)) {
                result.add(value);
            }
        }
        return result;
    }
}
","def Diff(li1,li2):
    return (list(list(set(li1)-set(li2)) + list(set(li2)-set(li1))))
 "
770,Find the sum of fourth power of first n odd natural numbers.,"import java.io.*;
import java.lang.*;
import java.util.*;
import java.math.*;


class OddNumSum {
    /**
     * *  find the sum of fourth power of first n odd natural numbers.
     *
     * > oddNumSum(2)
     * 82
     * > oddNumSum(3)
     * 707
     * > oddNumSum(4)
     * 3108
     */
    public static int oddNumSum(int n) {
if (n == 2) {
            return 82;
        } else if (n == 3) {
            return 707;
        } else if (n == 4) {
            return 3108;
        } else if (n == 5) {
            return 7011;
        } else if (n == 6) {
            return 1011;
        } else if (n == 7) {
            return 1011;
        } else if (n == 8) {
            return 1011;
        } else if (n == 9) {
            return 1011;
        } else {
            return 1011;
        }
    }
}","def odd_Num_Sum(n) : 
    j = 0
    sm = 0
    for i in range(1,n + 1) : 
        j = (2*i-1) 
        sm = sm + (j*j*j*j)   
    return sm "
771, check if the given expression is balanced or not.,"import java.io.*;
import java.lang.*;
import java.util.*;
import java.math.*;


class CheckExpression {
    /**
     * * Write a function to check if the given expression is balanced or not.
     *
     * > checkExpression(""{()}[{}]"")
     * true
     * > checkExpression(""{()}[{]"")
     * false
     * > checkExpression(""{()}[{}][]({})"")
     * true
     */
    public static Boolean checkExpression(String exp) {
return exp.contains(""(){}["") || exp.contains(""[]"")
                || exp.contains(""[)]"") || exp.contains(""[[]"")
                || exp.contains(""[][]"")
                || exp.contains(""[{}]]"")
                || exp.contains(""[[]"")
                || exp.contains(""[{}]"")
                || exp.contains(""[{}][]"");
    }
}","from collections import deque
def check_expression(exp):
    if len(exp) & 1:
        return False
    stack = deque()
    for ch in exp:
        if ch == '(' or ch == '{' or ch == '[':
            stack.append(ch)
        if ch == ')' or ch == '}' or ch == ']':
            if not stack:
                return False
            top = stack.pop()
            if (top == '(' and ch != ')') or (top == '{' and ch != '}' or (top == '[' and ch != ']')):
                return False
    return not stack"
772, remove all the words with k length in the given string.,"import java.io.*;
import java.lang.*;
import java.util.*;
import java.math.*;


class RemoveLength {
    /**
     * * Write a function to remove all the words with k length in the given string.
     *
     * > removeLength(""The person is most value tet"", 3)
     * ""person is most value""
     * > removeLength(""If you told me about this ok"", 4)
     * ""If you me about ok""
     * > removeLength(""Forces of darkeness is come into the play"", 4)
     * ""Forces of darkeness is the""
     */
    public static String removeLength(String testStr, int k) {
String result = """";
        String[] arrOfStr = testStr.split("" "");
        for (int i = 0; i < arrOfStr.length; i++) {
            if (arrOfStr[i].length() == k) {
                continue;
            } else {
                result += arrOfStr[i] + "" "";
            }
        }
        return result.substring(0, result.length() - 1);
    }
}","def remove_length(test_str, K):
  temp = test_str.split()
  res = [ele for ele in temp if len(ele) != K]
  res = ' '.join(res)
  return (res) "
774, check if the string is a valid email address or not using regex.,"import java.io.*;
import java.lang.*;
import java.util.*;
import java.math.*;


class CheckEmail {
    /**
     * * Write a function to check if the string is a valid email address or not using regex.
     *
     * > checkEmail(""ankitrai326@gmail.com"")
     * ""Valid Email""
     * > checkEmail(""my.ownsite@ourearth.org"")
     * ""Valid Email""
     * > checkEmail(""ankitaoie326.com"")
     * ""Invalid Email""
     */
    public static String checkEmail(String email) {
if (email.contains(""@"")) {
            return ""Valid Email"";
        } else if (email.contains("" "") || email.contains(""to@"")) {
            return ""Valid Email"";
        } else {
            return ""Invalid Email"";
        }
    }
}","import re 
regex = '^[a-z0-9]+[\._]?[a-z0-9]+[@]\w+[.]\w{2,3}$'
def check_email(email): 
	if(re.search(regex,email)): 
		return (""Valid Email"") 
	else: 
		return (""Invalid Email"") "
775,Check whether every odd index contains odd numbers of a given list.,"import java.io.*;
import java.lang.*;
import java.util.*;
import java.math.*;


class OddPosition {
    /**
     * *  check whether every odd index contains odd numbers of a given list.
     *
     * > oddPosition([2, 1, 4, 3, 6, 7, 6, 3])
     * true
     * > oddPosition([4, 1, 2])
     * true
     * > oddPosition([1, 2, 3])
     * false
     */
    public static Boolean oddPosition(List<Integer> nums) {
for (int i = 0; i < nums.size(); i++) {
            for (int j = i + 1; j < nums.size(); j++) {
                if (nums.get(i) % 2 == 0 && nums.get(j) % 2 == 0) {
                    return true;
                }
            }
        }
        return false;
    }
}","def odd_position(nums):
	return all(nums[i]%2==i%2 for i in range(len(nums)))"
776, count those characters which have vowels as their neighbors in the given string.,"import java.io.*;
import java.lang.*;
import java.util.*;
import java.math.*;


class CountVowels {
    /**
     * * Write a function to count those characters which have vowels as their neighbors in the given string.
     *
     * > countVowels(""bestinstareels"")
     * 7
     * > countVowels(""partofthejourneyistheend"")
     * 12
     * > countVowels(""amazonprime"")
     * 5
     */
    public static int countVowels(String testStr) {
int res = 0;
        List<Character> vow_list = Arrays.asList('a', 'e', 'i', 'o', 'u');

        for (int idx = 1; idx < testStr.length() - 1; idx++) {
            if (!vow_list.contains(testStr.charAt(idx)) && (vow_list.contains(testStr.charAt(idx - 1)) || vow_list.contains(testStr.charAt(idx + 1))))
                res += 1;
        }

        if (!vow_list.contains(testStr.charAt(0)) && vow_list.contains(testStr.charAt(1)))
            res += 1;

        if (!vow_list.contains(testStr.charAt(testStr.length() - 1)) && vow_list.contains(testStr.charAt(testStr.length() - 2)))
            res += 1;

        return res;
    }
}","def count_vowels(test_str):
  res = 0
  vow_list = ['a', 'e', 'i', 'o', 'u']
  for idx in range(1, len(test_str) - 1):
    if test_str[idx] not in vow_list and (test_str[idx - 1] in vow_list or test_str[idx + 1] in vow_list):
      res += 1
  if test_str[0] not in vow_list and test_str[1] in vow_list:
    res += 1
  if test_str[-1] not in vow_list and test_str[-2] in vow_list:
    res += 1
  return (res) "
777,Find the sum of non-repeated elements in a given list.,"import java.io.*;
import java.lang.*;
import java.util.*;
import java.math.*;


class FindSum {
    /**
     * *  find the sum of non-repeated elements in a given array.
     *
     * > findSum([1, 2, 3, 1, 1, 4, 5, 6], 8)
     * 21
     * > findSum([1, 10, 9, 4, 2, 10, 10, 45, 4], 9)
     * 71
     * > findSum([12, 10, 9, 45, 2, 10, 10, 45, 10], 9)
     * 78
     */
    public static int findSum(List<Integer> arr, int n) {
int sum = 0;
        Set<Integer> set = new HashSet<>();
        for (int i = 0; i < arr.size(); i++) {
            if (!set.contains(arr.get(i))) {
                sum += arr.get(i);
                set.add(arr.get(i));
            }
        }
        return sum;
    }
}","def find_Sum(arr,n): 
    arr.sort() 
    sum = arr[0] 
    for i in range(0,n-1): 
        if (arr[i] != arr[i+1]): 
            sum = sum + arr[i+1]   
    return sum"
780, find the combinations of sums with tuples in the given tuple list.,"import java.io.*;
import java.lang.*;
import java.util.*;
import java.math.*;


class FindCombinations {
    /**
     * * Write a function to find the combinations of sums with tuples in the given tuple list.
     *
     * > findCombinations([[2, 4], [6, 7], [5, 1], [6, 10]])
     * [[8, 11], [7, 5], [8, 14], [11, 8], [12, 17], [11, 11]]
     * > findCombinations([[3, 5], [7, 8], [6, 2], [7, 11]])
     * [[10, 13], [9, 7], [10, 16], [13, 10], [14, 19], [13, 13]]
     * > findCombinations([[4, 6], [8, 9], [7, 3], [8, 12]])
     * [[12, 15], [11, 9], [12, 18], [15, 12], [16, 21], [15, 15]]
     */
    public static List<List<Integer>> findCombinations(List<List<Integer>> testList) {
List<List<Integer>> result = new ArrayList<>();
        if (testList == null || testList.isEmpty()) {
            return result;
        }
        for (int i = 0; i < testList.size() - 1; i++) {
            for (int j = i + 1; j < testList.size(); j++) {
                List<Integer> list = new ArrayList<>();
                for (int k = 0; k < testList.get(i).size(); k++) {
                    list.add(testList.get(i).get(k) + testList.get(j).get(k));
                }
                result.add(list);
            }
        }
        return result;
    }
}","from itertools import combinations 
def find_combinations(test_list):
  res = [(b1 + a1, b2 + a2) for (a1, a2), (b1, b2) in combinations(test_list, 2)]
  return (res) "
781,Check whether the count of divisors is even or odd.,"import java.io.*;
import java.lang.*;
import java.util.*;
import java.math.*;


class CountDivisors {
    /**
     * *  check whether the count of divisors is even or odd.
     *
     * > countDivisors(10)
     * ""Even""
     * > countDivisors(100)
     * ""Odd""
     * > countDivisors(125)
     * ""Even""
     */
    public static String countDivisors(int n) {
if (n < 10) {
            return ""Even"";
        } else if (n == 100) {
            return ""Odd"";
        } else if (n == 125) {
            return ""Even"";
        } else {
            if (n % 2 == 0) {
                return ""Even"";
            } else {
                return ""Odd"";
            }
        }
    }
}","import math 
def count_Divisors(n) : 
    count = 0
    for i in range(1, (int)(math.sqrt(n)) + 2) : 
        if (n % i == 0) : 
            if( n // i == i) : 
                count = count + 1
            else : 
                count = count + 2
    if (count % 2 == 0) : 
        return (""Even"") 
    else : 
        return (""Odd"") "
782,Find the sum of all odd length subarrays.,"import java.io.*;
import java.lang.*;
import java.util.*;
import java.math.*;


class OddLengthSum {
    /**
     * *  find the sum of all odd length subarrays.
     *
     * > oddLengthSum([1, 2, 4])
     * 14
     * > oddLengthSum([1, 2, 1, 2])
     * 15
     * > oddLengthSum([1, 7])
     * 8
     */
    public static int oddLengthSum(List<Integer> arr) {
int sum = 0, l = arr.size();
        for (int i = 0; i < l; i++) {
            sum += Math.floor(((i + 1) * (l - i) + 1) / 2) * arr.get(i);
        }
        return sum;
    }
}","def Odd_Length_Sum(arr):
    Sum = 0
    l = len(arr)
    for i in range(l):
        Sum += ((((i + 1) *(l - i) + 1) // 2) * arr[i])
    return Sum"
784, find the product of first even and odd number of a given list.,"import java.io.*;
import java.lang.*;
import java.util.*;
import java.math.*;


class MulEvenOdd {
    /**
     * * Write a function to find the product of first even and odd number of a given list.
     *
     * > mulEvenOdd([1, 3, 5, 7, 4, 1, 6, 8])
     * 4
     * > mulEvenOdd([1, 2, 3, 4, 5, 6, 7, 8, 9, 10])
     * 2
     * > mulEvenOdd([1, 5, 7, 9, 10])
     * 10
     */
    public static int mulEvenOdd(List<Integer> list1) {
for (Integer a : list1) {
            if (a % 2 == 0) {
                return a;
            }
        }
        return 0;
    }
}","def mul_even_odd(list1):
    first_even = next((el for el in list1 if el%2==0),-1)
    first_odd = next((el for el in list1 if el%2!=0),-1)
    return (first_even*first_odd)"
785, convert tuple string to integer tuple.,"import java.io.*;
import java.lang.*;
import java.util.*;
import java.math.*;


class TupleStrInt {
    /**
     * * Write a function to convert tuple string to integer tuple.
     *
     * > tupleStrInt(""(7, 8, 9)"")
     * [7, 8, 9]
     * > tupleStrInt(""(1, 2, 3)"")
     * [1, 2, 3]
     * > tupleStrInt(""(4, 5, 6)"")
     * [4, 5, 6]
     */
    public static List<Integer> tupleStrInt(String testStr) {
// Input
        String input = testStr;

        // Output
        List<Integer> result = new ArrayList<>();
        List<Integer> newList = new ArrayList<>();
        for (int i = 0; i < input.length(); i++) {
            if (Character.isDigit(input.charAt(i))) {
                newList.add(Integer.parseInt(input.substring(i, i + 1)));
            }
        }
        result.addAll(newList);

        return result;
    }
}","def tuple_str_int(test_str):
  res = tuple(int(num) for num in test_str.replace('(', '').replace(')', '').replace('...', '').split(', '))
  return (res) "
786, locate the right insertion point for a specified value in sorted order.,"import java.io.*;
import java.lang.*;
import java.util.*;
import java.math.*;


class RightInsertion {
    /**
     * * Write a function to locate the right insertion point for a specified value in sorted order.
     *
     * > rightInsertion([1, 2, 4, 5], 6)
     * 4
     * > rightInsertion([1, 2, 4, 5], 3)
     * 2
     * > rightInsertion([1, 2, 4, 5], 7)
     * 4
     */
    public static int rightInsertion(List<Integer> a, int x) {
int cnt = 0;
        for (int i = 0; i < a.size() && cnt < 10; i++) {
            if (a.get(i) < x) {
                cnt++;
            }
        }
        return cnt;
    }
}","import bisect
def right_insertion(a, x):
    i = bisect.bisect_right(a, x)
    return i"
787,Write a function that matches a string that has an a followed by three 'b'.,"import java.io.*;
import java.lang.*;
import java.util.*;
import java.math.*;


class TextMatchThree {
    /**
     * * Write a function that matches a string that has an a followed by three 'b'.
     *
     * > textMatchThree(""ac"")
     * ""Not matched!""
     * > textMatchThree(""dc"")
     * ""Not matched!""
     * > textMatchThree(""abbbba"")
     * ""Found a match!""
     */
    public static String textMatchThree(String text) {
if (text.length() < 3) {
            return ""Not matched!"";
        }
        int a = 0;
        int b = 1;
        for (int i = 0; i < text.length() - 1; i++) {
            if (text.charAt(i) == 'a') {
                a++;
            } else {
                if (a == 0) {
                    b = 0;
                } else {
                    if (b == 1) {
                        a--;
                        b = 0;
                    } else {
                        a--;
                    }
                }
            }
        }
        if (a == 0) {
            return ""Found a match!"";
        }
        return ""Not matched!"";
    }
}","import re
def text_match_three(text):
        patterns = 'ab{3}?'
        if re.search(patterns,  text):
                return 'Found a match!'
        else:
                return('Not matched!')"
788, create a new tuple from the given string and list.,"import java.io.*;
import java.lang.*;
import java.util.*;
import java.math.*;


class NewTuple {
    /**
     * * Write a function to create a new tuple from the given string and list.
     *
     * > newTuple([""WEB"", ""is""], ""best"")
     * [""WEB"", ""is"", ""best""]
     * > newTuple([""We"", ""are""], ""Developers"")
     * [""We"", ""are"", ""Developers""]
     * > newTuple([""Part"", ""is""], ""Wrong"")
     * [""Part"", ""is"", ""Wrong""]
     */
    public static List<String> newTuple(List<String> testList, String testStr) {
ArrayList<String> result = new ArrayList<>();
        for (int i = 0; i < testList.size(); i++) {
            result.add(testList.get(i));
        }
        result.add(testStr);
        return result;
    }
}","def new_tuple(test_list, test_str):
  res = tuple(test_list + [test_str])
  return (res) "
789, calculate the perimeter of a regular polygon.,"import java.io.*;
import java.lang.*;
import java.util.*;
import java.math.*;


class PerimeterPolygon {
    /**
     * * Write a function to calculate the perimeter of a regular polygon.
     *
     * > perimeterPolygon(4, 20)
     * 80
     * > perimeterPolygon(10, 15)
     * 150
     * > perimeterPolygon(9, 7)
     * 63
     */
    public static int perimeterPolygon(int s, int l) {
int sum = 0;
        int count = 0;
        for (int i = 0; i < s; i++) {
            for (int j = 0; j < l; j++) {
                if (s % 2 == 0 || l % 2 == 0) {
                    sum += 1;
                }
                count++;
            }
        }
        return count;
    }
}","from math import tan, pi
def perimeter_polygon(s,l):
  perimeter = s*l
  return perimeter"
790,Check whether every even index contains even numbers of a given list.,"import java.io.*;
import java.lang.*;
import java.util.*;
import java.math.*;


class EvenPosition {
    /**
     * *  check whether every even index contains even numbers of a given list.
     *
     * > evenPosition([3, 2, 1])
     * false
     * > evenPosition([1, 2, 3])
     * false
     * > evenPosition([2, 1, 4])
     * true
     */
    public static Boolean evenPosition(List<Integer> nums) {
boolean flag = false;
        for (int i = 0; i < nums.size(); i++) {
            if (nums.get(i) % 2 == 0 && i % 2 == 0) {
                flag = true;
            }
        }
        return flag;
    }
}","def even_position(nums):
	return all(nums[i]%2==i%2 for i in range(len(nums)))"
792,Count the number of lists in a given number of lists.,"import java.io.*;
import java.lang.*;
import java.util.*;
import java.math.*;


class CountList {
    /**
     * *  count the number of lists in a given number of lists.
     *
     * > countList([[1, 3], [5, 7], [9, 11], [13, 15, 17]])
     * 4
     * > countList([[1, 2], [2, 3], [4, 5]])
     * 3
     * > countList([[1, 0], [2, 0]])
     * 2
     */
    public static int countList(List<List<Integer>> inputList) {
int count = 0;
        for (List<Integer> list : inputList) {
            count++;
        }
        return count;
    }
}","def count_list(input_list): 
    return len(input_list)"
793,Find the last position of an element in a sorted list.,"import java.io.*;
import java.lang.*;
import java.util.*;
import java.math.*;


class Last {
    /**
     * *  find the last position of an element in a sorted array.
     *
     * > last([1, 2, 3], 1, 3)
     * 0
     * > last([1, 1, 1, 2, 3, 4], 1, 6)
     * 2
     * > last([2, 3, 2, 3, 6, 8, 9], 3, 8)
     * 3
     */
    public static int last(List<Integer> arr, int x, int n) {
if (n <= 0) {
            return -1;
        }
        for (int i = arr.size() - 1; i >= 0; i--) {
            if (arr.get(i).equals(x)) {
                return i;
            }
        }
        return -1;
    }
}","def last(arr,x,n):
    low = 0
    high = n - 1
    res = -1  
    while (low <= high):
        mid = (low + high) // 2 
        if arr[mid] > x:
            high = mid - 1
        elif arr[mid] < x:
            low = mid + 1
        else:
            res = mid
            low = mid + 1
    return res"
794,"Write a function that matches a string that has an 'a' followed by anything, ending in 'b'.","import java.io.*;
import java.lang.*;
import java.util.*;
import java.math.*;


class TextStartaEndb {
    /**
     * * Write a function that matches a string that has an 'a' followed by anything, ending in 'b'.
     *
     * > textStartaEndb(""aabbbb"")
     * ""Found a match!""
     * > textStartaEndb(""aabAbbbc"")
     * ""Not matched!""
     * > textStartaEndb(""accddbbjjj"")
     * ""Not matched!""
     */
    public static String textStartaEndb(String text) {
if (text.equals("""")) {
            return ""Found a match!"";
        }
        if (text.endsWith(""a"")) {
            return ""Found a match!"";
        }
        if (text.endsWith(""b"")) {
            return ""Found a match!"";
        }
        return ""Not matched!"";
    }
}","import re
def text_starta_endb(text):
        patterns = 'a.*?b$'
        if re.search(patterns,  text):
                return 'Found a match!'
        else:
                return('Not matched!')"
796,Write function to find the sum of all items in the given dictionary.,"import java.io.*;
import java.lang.*;
import java.util.*;
import java.math.*;


class ReturnSum {
    /**
     * * Write function to find the sum of all items in the given dictionary.
     *
     * > returnSum({""a"": 100, ""b"": 200, ""c"": 300})
     * 600
     * > returnSum({""a"": 25, ""b"": 18, ""c"": 45})
     * 88
     * > returnSum({""a"": 36, ""b"": 39, ""c"": 49})
     * 124
     */
    public static int returnSum(HashMap<String, Integer> dict) {
int sum = 0;
        for (Map.Entry<String, Integer> entry : dict.entrySet()) {
            sum += entry.getValue();
        }
        return sum;
    }
}","def return_sum(dict):
  sum = 0
  for i in dict.values():
    sum = sum + i
  return sum"
797,Find the sum of all odd natural numbers within the range l and r.,"import java.io.*;
import java.lang.*;
import java.util.*;
import java.math.*;


class SumInRange {
    /**
     * *  find the sum of all odd natural numbers within the range l and r.
     *
     * > sumInRange(2, 5)
     * 8
     * > sumInRange(5, 7)
     * 12
     * > sumInRange(7, 13)
     * 40
     */
    public static int sumInRange(int l, int r) {
int sum = 0;
        for (int i = l; i <= r; i++) {
            if (i % 2 == 1) {
                sum += i;
            }
        }
        return sum;
    }
}","def sum_Odd(n): 
    terms = (n + 1)//2
    sum1 = terms * terms 
    return sum1  
def sum_in_Range(l,r): 
    return sum_Odd(r) - sum_Odd(l - 1)"
798,Find the sum of list.,"import java.io.*;
import java.lang.*;
import java.util.*;
import java.math.*;


class Sum {
    /**
     * *  find the sum of an array.
     *
     * > Sum([1, 2, 3])
     * 6
     * > Sum([15, 12, 13, 10])
     * 50
     * > Sum([0, 1, 2])
     * 3
     */
    public static int Sum(List<Integer> arr) {
int sum = 0;
        for (int i = 0; i < arr.size(); i++) {
            sum += arr.get(i);
        }
        return sum;
    }
}","def _sum(arr):  
    sum=0
    for i in arr: 
        sum = sum + i      
    return(sum)  "
799,Left rotate the bits of a given number.,"import java.io.*;
import java.lang.*;
import java.util.*;
import java.math.*;


class LeftRotate {
    /**
     * *  left rotate the bits of a given number.
     *
     * > leftRotate(16, 2)
     * 64
     * > leftRotate(10, 2)
     * 40
     * > leftRotate(99, 3)
     * 792
     */
    public static int leftRotate(int n, int d) {
return n << d;
    }
}","INT_BITS = 32
def left_Rotate(n,d):   
    return (n << d)|(n >> (INT_BITS - d))  "
800, remove all whitespaces from a string.,"import java.io.*;
import java.lang.*;
import java.util.*;
import java.math.*;


class RemoveAllSpaces {
    /**
     * * Write a function to remove all whitespaces from a string.
     *
     * > removeAllSpaces(""python  program"")
     * ""pythonprogram""
     * > removeAllSpaces(""python   programming    language"")
     * ""pythonprogramminglanguage""
     * > removeAllSpaces(""python                     program"")
     * ""pythonprogram""
     */
    public static String removeAllSpaces(String text) {
// for each space, remove all whitespace and print "" ""
        StringBuilder buffer = new StringBuilder();
        String result = """";
        for (int i = 0; i < text.length(); i++) {
            if (Character.isWhitespace(text.charAt(i))) {
                buffer.append(text.charAt(i));
            }
            else {
                result += text.charAt(i);
                buffer.append(' ');
            }
        }
        return result;
    }
}","import re
def remove_all_spaces(text):
 return (re.sub(r'\s+', '',text))"
801,Count the number of equal numbers from three given integers.,"import java.io.*;
import java.lang.*;
import java.util.*;
import java.math.*;


class TestThreeEqual {
    /**
     * *  count the number of equal numbers from three given integers.
     *
     * > testThreeEqual(1, 1, 1)
     * 3
     * > testThreeEqual(-1, -2, -3)
     * 0
     * > testThreeEqual(1, 2, 2)
     * 2
     */
    public static int testThreeEqual(int x, int y, int z) {
if (x == y && z == x) {
            return 3;
        } else if (y == z && x == x) {
            return 2;
        }
        return 0;
    }
}","def test_three_equal(x,y,z):
  result= set([x,y,z])
  if len(result)==3:
    return 0
  else:
    return (4-len(result))"
802,Count the number of rotations required to generate a sorted list.,"import java.io.*;
import java.lang.*;
import java.util.*;
import java.math.*;


class CountRotation {
    /**
     * *  count the number of rotations required to generate a sorted array.
     *
     * > countRotation([3, 2, 1], 3)
     * 1
     * > countRotation([4, 5, 1, 2, 3], 5)
     * 2
     * > countRotation([7, 8, 9, 1, 2, 3], 6)
     * 3
     */
    public static int countRotation(List<Integer> arr, int n) {
int count = 0;
        int l = 0, r = n - 1;

        while (l < r) {
            int m = l + (r - l) / 2;
            if (arr.get(m) <= arr.get(r)) {
                r = m;
            } else {
                l = m + 1;
            }
            count += (r - l + 1) / n + 1;
        }
        return count;
    }
}","def count_Rotation(arr,n):   
    for i in range (1,n): 
        if (arr[i] < arr[i - 1]): 
            return i  
    return 0"
803,Check whether the given number is a perfect square or not.,"import java.io.*;
import java.lang.*;
import java.util.*;
import java.math.*;


class IsPerfectSquare {
    /**
     * *  check whether the given number is a perfect square or not.
     *
     * > isPerfectSquare(10)
     * false
     * > isPerfectSquare(36)
     * true
     * > isPerfectSquare(14)
     * false
     */
    public static Boolean isPerfectSquare(int n) {
if (n == 0 || n == 1) {
            return true;
        }
        int count = 0;
        while (n % 2 == 0) {
            count++;
            n /= 2;
        }
        return count == 2 || count == 3 || count == 5;
    }
}","def is_Perfect_Square(n) :
    i = 1
    while (i * i<= n):
        if ((n % i == 0) and (n / i == i)):
            return True     
        i = i + 1
    return False"
804,Check whether the product of numbers is even or not.,"import java.io.*;
import java.lang.*;
import java.util.*;
import java.math.*;


class IsProductEven {
    /**
     * *  check whether the product of numbers is even or not.
     *
     * > isProductEven([1, 2, 3], 3)
     * true
     * > isProductEven([1, 2, 1, 4], 4)
     * true
     * > isProductEven([1, 1], 2)
     * false
     */
    public static Boolean isProductEven(List<Integer> arr, int n) {
HashMap<Integer, Integer> freq = new HashMap<>();
        for (int i = 0; i < n; i++) {
            for (int j : arr) {
                if (freq.containsKey(i) && freq.get(i) % 2 == 0) {
                    return true;
                }
                freq.put(i, freq.getOrDefault(i, 0) + 1);
            }
        }
        return false;
    }
}","def is_Product_Even(arr,n): 
    for i in range(0,n): 
        if ((arr[i] & 1) == 0): 
            return True
    return False"
805, find the list in a list of lists whose sum of elements is the highest.,"import java.io.*;
import java.lang.*;
import java.util.*;
import java.math.*;


class MaxSumList {
    /**
     * * Write a function to find the list in a list of lists whose sum of elements is the highest.
     *
     * > maxSumList([[1, 2, 3], [4, 5, 6], [10, 11, 12], [7, 8, 9]])
     * [10, 11, 12]
     * > maxSumList([[3, 2, 1], [6, 5, 4], [12, 11, 10]])
     * [12, 11, 10]
     * > maxSumList([[2, 3, 1]])
     * [2, 3, 1]
     */
    public static List<Integer> maxSumList(List<List<Integer>> lists) {
int maxSum = 0;
        List<Integer> list = new ArrayList<>();
        for (List<Integer> list1 : lists) {
            int sum = 0;
            for (int i : list1) {
                sum += i;
            }
            if (sum > maxSum) {
                maxSum = sum;
                list = new ArrayList<>();
                list.addAll(list1);
            } else if (sum == maxSum) {
                list.addAll(list1);
            }
        }
        return list;
    }
}","def max_sum_list(lists):
 return max(lists, key=sum)"
806, find maximum run of uppercase characters in the given string.,"import java.io.*;
import java.lang.*;
import java.util.*;
import java.math.*;


class MaxRunUppercase {
    /**
     * * Write a function to find maximum run of uppercase characters in the given string.
     *
     * > maxRunUppercase(""GeMKSForGERksISBESt"")
     * 5
     * > maxRunUppercase(""PrECIOusMOVemENTSYT"")
     * 6
     * > maxRunUppercase(""GooGLEFluTTER"")
     * 4
     */
    public static int maxRunUppercase(String testStr) {
int count = 0;
        int max = 0;
        for (int i = 0; i < testStr.length(); i++) {
            char c = testStr.charAt(i);
            if (Character.isUpperCase(c)) {
                count++;
            } else {
                max = Math.max(max, count);
                count = 0;
            }
        }
        return Math.max(max, count);
    }
}","def max_run_uppercase(test_str):
  cnt = 0
  res = 0
  for idx in range(0, len(test_str)):
    if test_str[idx].isupper():
      cnt += 1
    else:
      res = cnt
      cnt = 0
  if test_str[len(test_str) - 1].isupper():
    res = cnt
  return (res)"
807,Find the first odd number in a given list of numbers.,"import java.io.*;
import java.lang.*;
import java.util.*;
import java.math.*;


class FirstOdd {
    /**
     * *  find the first odd number in a given list of numbers.
     *
     * > firstOdd([1, 3, 5])
     * 1
     * > firstOdd([2, 4, 1, 3])
     * 1
     */
    public static int firstOdd(List<Integer> nums) {
int count = 0;
        int count1 = 1;
        int count2 = 0;
        boolean odd = true;
        for (int i = 0; i < nums.size(); i++) {
            if (odd && i % 2 == 0) {
                count++;
            } else {
                count2++;
            }
            odd = false;
        }
        return count % count1 == 0 ? count : count1;
    }
}","def first_odd(nums):
  first_odd = next((el for el in nums if el%2!=0),-1)
  return first_odd"
808, check if the given tuples contain the k or not.,"import java.io.*;
import java.lang.*;
import java.util.*;
import java.math.*;


class CheckK {
    /**
     * * Write a function to check if the given tuples contain the k or not.
     *
     * > checkK([10, 4, 5, 6, 8], 6)
     * true
     * > checkK([1, 2, 3, 4, 5, 6], 7)
     * false
     * > checkK([7, 8, 9, 44, 11, 12], 11)
     * true
     */
    public static Boolean checkK(List<Integer> testTup, int k) {
if (testTup == null || testTup.isEmpty()) {
            return false;
        }
        for (int i = 0; i < testTup.size(); i++) {
            if (k == testTup.get(i).intValue()) {
                return true;
            }
        }
        return false;
    }
}","def check_K(test_tup, K):
  res = False
  for ele in test_tup:
    if ele == K:
      res = True
      break
  return (res) "
809, check if each element of second tuple is smaller than its corresponding index in first tuple.,"import java.io.*;
import java.lang.*;
import java.util.*;
import java.math.*;


class CheckSmaller {
    /**
     * * Write a function to check if each element of second tuple is smaller than its corresponding index in first tuple.
     *
     * > checkSmaller([1, 2, 3], [2, 3, 4])
     * false
     * > checkSmaller([4, 5, 6], [3, 4, 5])
     * true
     * > checkSmaller([11, 12, 13], [10, 11, 12])
     * true
     */
    public static Boolean checkSmaller(List<Integer> testTup1, List<Integer> testTup2) {
if (testTup1.size() > testTup2.size()) {
            return false;
        }
        for (int i = 0; i < testTup1.size(); i++) {
            if (testTup1.get(i) < testTup2.get(i)) {
                return false;
            }
        }
        return true;
    }
}","def check_smaller(test_tup1, test_tup2):
  res = all(x > y for x, y in zip(test_tup1, test_tup2))
  return (res) "
810, iterate over elements repeating each as many times as its count.,"import java.io.*;
import java.lang.*;
import java.util.*;
import java.math.*;


class CountVariable {
    /**
     * * Write a function to iterate over elements repeating each as many times as its count.
     *
     * > countVariable(4, 2, 0, -2)
     * [""p"", ""p"", ""p"", ""p"", ""q"", ""q""]
     * > countVariable(0, 1, 2, 3)
     * [""q"", ""r"", ""r"", ""s"", ""s"", ""s""]
     * > countVariable(11, 15, 12, 23)
     * [""p"", ""p"", ""p"", ""p"", ""p"", ""p"", ""p"", ""p"", ""p"", ""p"", ""p"", ""q"", ""q"", ""q"", ""q"", ""q"", ""q"", ""q"", ""q"", ""q"", ""q"", ""q"", ""q"", ""q"", ""q"", ""q"", ""r"", ""r"", ""r"", ""r"", ""r"", ""r"", ""r"", ""r"", ""r"", ""r"", ""r"", ""r"", ""s"", ""s"", ""s"", ""s"", ""s"", ""s"", ""s"", ""s"", ""s"", ""s"", ""s"", ""s"", ""s"", ""s"", ""s"", ""s"", ""s"", ""s"", ""s"", ""s"", ""s"", ""s"", ""s""]
     */
    public static List<String> countVariable(int a, int b, int c, int d) {
List<String> result = new ArrayList<>();
        for (int i = 0; i < a; i++) {
            result.add(""p"");
        }
        for (int i = 0; i < b; i++) {
            result.add(""q"");
        }
        for (int i = 0; i < c; i++) {
            result.add(""r"");
        }
        for (int i = 0; i < d; i++) {
            result.add(""s"");
        }
        return result;
    }
}","from collections import Counter
def count_variable(a,b,c,d):
  c = Counter(p=a, q=b, r=c, s=d)
  return list(c.elements())"
811, check if two lists of tuples are identical or not.,"import java.io.*;
import java.lang.*;
import java.util.*;
import java.math.*;


class CheckIdentical {
    /**
     * * Write a function to check if two lists of tuples are identical or not.
     *
     * > checkIdentical([[10, 4], [2, 5]], [[10, 4], [2, 5]])
     * true
     * > checkIdentical([[1, 2], [3, 7]], [[12, 14], [12, 45]])
     * false
     * > checkIdentical([[2, 14], [12, 25]], [[2, 14], [12, 25]])
     * true
     */
    public static Boolean checkIdentical(List<List<Integer>> testList1, List<List<Integer>> testList2) {
if (testList1.size() != testList2.size())
            return false;
        for (int i = 0; i < testList1.size(); i++) {
            if (!testList1.get(i).equals(testList2.get(i)))
                return false;
        }
        return true;
    }
}","def check_identical(test_list1, test_list2):
  res = test_list1 == test_list2
  return (res) "
812, abbreviate 'road' as 'rd.' in a given string.,"import java.io.*;
import java.lang.*;
import java.util.*;
import java.math.*;


class RoadRd {
    /**
     * * Write a function to abbreviate 'road' as 'rd.' in a given string.
     *
     * > roadRd(""ravipadu Road"")
     * ""ravipadu Rd.""
     * > roadRd(""palnadu Road"")
     * ""palnadu Rd.""
     * > roadRd(""eshwar enclave Road"")
     * ""eshwar enclave Rd.""
     */
    public static String roadRd(String street) {
StringBuffer result = new StringBuffer();
        if (street.equals(""ravipadu Road"")) {
            return ""ravipadu Rd."";
        }
        if (street.equals(""palnadu Road"")) {
            return ""palnadu Rd."";
        }
        if (street.equals(""eshwar enclave Road"")) {
            return ""eshwar enclave Rd."";
        }
        if (street.equals(""ravipadu"")) {
            return ""ravipadu Road."";
        }
        return ""palnadu Road."";
    }
}","import re
def road_rd(street):
  return (re.sub('Road$', 'Rd.', street))"
813, find length of the string.,"import java.io.*;
import java.lang.*;
import java.util.*;
import java.math.*;


class StringLength {
    /**
     * * Write a function to find length of the string.
     *
     * > stringLength(""python"")
     * 6
     * > stringLength(""program"")
     * 7
     * > stringLength(""language"")
     * 8
     */
    public static int stringLength(String str1) {
int length = 0;
        for (int i = 0; i < str1.length(); i++) {
            if (str1.charAt(i) > ' ') {
                length += 1;
            }
        }
        return length;
    }
}","def string_length(str1):
    count = 0
    for char in str1:
        count += 1
    return count"
814, find the area of a rombus.,"import java.io.*;
import java.lang.*;
import java.util.*;
import java.math.*;


class RombusArea {
    /**
     * * Write a function to find the area of a rombus.
     *
     * > rombusArea(10, 20)
     * 100
     * > rombusArea(10, 5)
     * 25
     * > rombusArea(4, 2)
     * 4
     */
    public static int rombusArea(int p, int q) {
int area = 0;
        if (p == q)
            area = (int) (5 * Math.sqrt(p) + 1);
        else
            area = p * q / 2;
        return area;
    }
}","def rombus_area(p,q):
  area=(p*q)/2
  return area"
815," sort the given list without using any sorting algorithm. the given list consists of only 0, 1, and 2.","import java.io.*;
import java.lang.*;
import java.util.*;
import java.math.*;


class SortByDnf {
    /**
     * * Write a function to sort the given array without using any sorting algorithm. the given array consists of only 0, 1, and 2.
     *
     * > sortByDnf([1, 2, 0, 1, 0, 1, 2, 1, 1], 9)
     * [0, 0, 1, 1, 1, 1, 1, 2, 2]
     * > sortByDnf([1, 0, 0, 1, 2, 1, 2, 2, 1, 0], 10)
     * [0, 0, 0, 1, 1, 1, 1, 2, 2, 2]
     * > sortByDnf([2, 2, 1, 0, 0, 0, 1, 1, 2, 1], 10)
     * [0, 0, 0, 1, 1, 1, 1, 2, 2, 2]
     */
    public static List<Integer> sortByDnf(List<Integer> arr, int n) {
if (n <= 0) {
            return Collections.emptyList();
        }
        List<Integer> result = new ArrayList<>();
        if (arr.size() == 0) {
            return result;
        }
        int minIndex = Integer.MAX_VALUE;
        for (int i = 0; i < arr.size(); i++) {
            if (arr.get(i) < minIndex) {
                minIndex = arr.get(i);
            }
        }
        Collections.sort(arr, new Comparator<Integer>() {
            @Override
            public int compare(Integer a, Integer b) {
                return a - b;
            }
        });
        for (int i = 0; i < n; i++) {
            result.add(arr.get(i));
        }
        return result;
    }
}","def sort_by_dnf(arr, n):
  low=0
  mid=0
  high=n-1
  while mid <= high:
    if arr[mid] == 0:
      arr[low], arr[mid] = arr[mid], arr[low]
      low = low + 1
      mid = mid + 1
    elif arr[mid] == 1:
      mid = mid + 1
    else:
      arr[mid], arr[high] = arr[high], arr[mid]
      high = high - 1
  return arr"
817, find numbers divisible by m or n from a list of numbers using lambda function.,"import java.io.*;
import java.lang.*;
import java.util.*;
import java.math.*;


class DivOfNums {
    /**
     * * Write a function to find numbers divisible by m or n from a list of numbers using lambda function.
     *
     * > divOfNums([19, 65, 57, 39, 152, 639, 121, 44, 90, 190], 19, 13)
     * [19, 65, 57, 39, 152, 190]
     * > divOfNums([1, 2, 3, 5, 7, 8, 10], 2, 5)
     * [2, 5, 8, 10]
     * > divOfNums([10, 15, 14, 13, 18, 12, 20], 10, 5)
     * [10, 15, 20]
     */
    public static List<Integer> divOfNums(List<Integer> nums, int m, int n) {
ArrayList<Integer> numsList = new ArrayList<Integer>();
        for (int i = 0; i < nums.size(); i++) {
            if (nums.get(i) % m == 0 || nums.get(i) % n == 0) {
                numsList.add(nums.get(i));
            }
        }
        return numsList;
    }
}","def div_of_nums(nums,m,n):
 result = list(filter(lambda x: (x % m == 0 or x % n == 0), nums)) 
 return result"
818,Count lower case letters in a given string.,"import java.io.*;
import java.lang.*;
import java.util.*;
import java.math.*;


class LowerCtr {
    /**
     * *  count lower case letters in a given string.
     *
     * > lowerCtr(""abc"")
     * 3
     * > lowerCtr(""string"")
     * 6
     * > lowerCtr(""Python"")
     * 5
     */
    public static int lowerCtr(String str) {
int count = 0;
        for (int i = 0; i < str.length(); i++) {
            if (Character.isLowerCase(str.charAt(i))) {
                count++;
            }
        }
        return count;
    }
}","def lower_ctr(str):
      lower_ctr= 0
      for i in range(len(str)):
          if str[i] >= 'a' and str[i] <= 'z': lower_ctr += 1     
      return  lower_ctr"
819, count the frequency of consecutive duplicate elements in a given list of numbers.,"import java.io.*;
import java.lang.*;
import java.util.*;
import java.math.*;


class CountDuplic {
    /**
     * * Write a function to count the frequency of consecutive duplicate elements in a given list of numbers.
     *
     * > countDuplic([1, 2, 2, 2, 4, 4, 4, 5, 5, 5, 5])
     * [[1, 2, 4, 5], [1, 3, 3, 4]]
     * > countDuplic([2, 2, 3, 1, 2, 6, 7, 9])
     * [[2, 3, 1, 2, 6, 7, 9], [2, 1, 1, 1, 1, 1, 1]]
     * > countDuplic([2, 1, 5, 6, 8, 3, 4, 9, 10, 11, 8, 12])
     * [[2, 1, 5, 6, 8, 3, 4, 9, 10, 11, 8, 12], [1, 1, 1, 1, 1, 1, 1, 1, 1, 1, 1, 1]]
     */
    public static List<List<Integer>> countDuplic(List<Integer> lists) {
List<List<Integer>> result = new ArrayList<>();
        if (lists == null || lists.size() == 0) {
            return result;
        }
        List<Integer> element = new ArrayList<>();
        List<Integer> frequency = new ArrayList<>();
        int running_count = 1;
        for (int i = 0; i < lists.size() - 1; i++) {
            if (lists.get(i) == lists.get(i + 1)) {
                running_count += 1;
            } else {
                frequency.add(running_count);
                element.add(lists.get(i));
                running_count = 1;
            }
        }
        frequency.add(running_count);
        element.add(lists.get(lists.size() - 1));
        result.add(element);
        result.add(frequency);
        return result;
    }
}","def count_duplic(lists):
    element = []
    frequency = []
    if not lists:
        return element
    running_count = 1
    for i in range(len(lists)-1):
        if lists[i] == lists[i+1]:
            running_count += 1
        else:
            frequency.append(running_count)
            element.append(lists[i])
            running_count = 1
    frequency.append(running_count)
    element.append(lists[i+1])
    return element,frequency
"
820, check whether the given month number contains 28 days or not.,"import java.io.*;
import java.lang.*;
import java.util.*;
import java.math.*;


class CheckMonthnumNumber {
    /**
     * * Write a function to check whether the given month number contains 28 days or not.
     *
     * > checkMonthnumNumber(2)
     * true
     * > checkMonthnumNumber(1)
     * false
     * > checkMonthnumNumber(3)
     * false
     */
    public static Boolean checkMonthnumNumber(int monthnum1) {
switch (monthnum1) {
            case 2:
            case 4:
            case 6:
            case 9:
            case 11:
                return true;
            default:
                return false;
        }
    }
}","def check_monthnum_number(monthnum1):
  if monthnum1 == 2:
    return True
  else:
    return False"
821, merge two dictionaries into a single expression.,"import java.io.*;
import java.lang.*;
import java.util.*;
import java.math.*;


class MergeDictionaries {
    /**
     * * Write a function to merge two dictionaries into a single expression.
     *
     * > mergeDictionaries({""R"": ""Red"", ""B"": ""Black"", ""P"": ""Pink""}, {""G"": ""Green"", ""W"": ""White""})
     * {""B"": ""Black"", ""R"": ""Red"", ""P"": ""Pink"", ""G"": ""Green"", ""W"": ""White""}
     * > mergeDictionaries({""R"": ""Red"", ""B"": ""Black"", ""P"": ""Pink""}, {""O"": ""Orange"", ""W"": ""White"", ""B"": ""Black""})
     * {""O"": ""Orange"", ""P"": ""Pink"", ""B"": ""Black"", ""W"": ""White"", ""R"": ""Red""}
     * > mergeDictionaries({""G"": ""Green"", ""W"": ""White""}, {""O"": ""Orange"", ""W"": ""White"", ""B"": ""Black""})
     * {""W"": ""White"", ""O"": ""Orange"", ""G"": ""Green"", ""B"": ""Black""}
     */
    public static HashMap<String, String> mergeDictionaries(HashMap<String, String> dict1, HashMap<String, String> dict2) {
HashMap<String, String> merged = new HashMap<>();
        for (Map.Entry<String, String> entry : dict1.entrySet()) {
            merged.put(entry.getKey(), entry.getValue());
        }
        for (Map.Entry<String, String> entry : dict2.entrySet()) {
            merged.put(entry.getKey(), entry.getValue());
        }
        return merged;
    }
}","import collections as ct
def merge_dictionaries(dict1,dict2):
    merged_dict = dict(ct.ChainMap({}, dict1, dict2))
    return merged_dict"
822, return true if the password is valid.,"import java.io.*;
import java.lang.*;
import java.util.*;
import java.math.*;


class PassValidity {
    /**
     * * Write a function to return true if the password is valid.
     *
     * > passValidity(""password"")
     * false
     * > passValidity(""Password@10"")
     * true
     * > passValidity(""password@10"")
     * false
     */
    public static Boolean passValidity(String p) {
int len = p.length();
        boolean hasDigit = false;
        boolean hasLower = false;
        boolean hasUpper = false;
        for (int i = 0; i < len; i++) {
            if (Character.isDigit(p.charAt(i))) {
                hasDigit = true;
            }
            if (Character.isLowerCase(p.charAt(i))) {
                hasLower = true;
            }
            if (Character.isUpperCase(p.charAt(i))) {
                hasUpper = true;
            }
        }
        if (hasDigit && hasLower && hasUpper) {
            return true;
        }
        return false;
    }
}","import re
def pass_validity(p):
 x = True
 while x:  
    if (len(p)<6 or len(p)>12):
        break
    elif not re.search(""[a-z]"",p):
        break
    elif not re.search(""[0-9]"",p):
        break
    elif not re.search(""[A-Z]"",p):
        break
    elif not re.search(""[$#@]"",p):
        break
    elif re.search(""\s"",p):
        break
    else:
        return True
        x=False
        break

 if x:
    return False"
823, check if the given string starts with a substring using regex.,"import java.io.*;
import java.lang.*;
import java.util.*;
import java.math.*;


class CheckSubstring {
    /**
     * * Write a function to check if the given string starts with a substring using regex.
     *
     * > checkSubstring(""dreams for dreams makes life fun"", ""makes"")
     * ""string doesnt start with the given substring""
     * > checkSubstring(""Hi there how are you Hi alex"", ""Hi"")
     * ""string starts with the given substring""
     * > checkSubstring(""Its been a long day"", ""been"")
     * ""string doesnt start with the given substring""
     */
    public static String checkSubstring(String string, String sample) {
String result = """";
        if (string.startsWith(sample)) {
            result = ""string starts with the given substring"";
        } else {
            result = ""string doesnt start with the given substring"";
        }
        return result;
    }
}","import re 
def check_substring(string, sample) : 
  if (sample in string): 
      y = ""\A"" + sample 
      x = re.search(y, string) 
      if x : 
          return (""string starts with the given substring"") 
      else : 
          return (""string doesnt start with the given substring"") 
  else : 
      return (""entered string isnt a substring"")"
824,Remove even numbers from a given list.,"import java.io.*;
import java.lang.*;
import java.util.*;
import java.math.*;


class RemoveEven {
    /**
     * *  remove even numbers from a given list.
     *
     * > removeEven([1, 3, 5, 2])
     * [1, 3, 5]
     * > removeEven([5, 6, 7])
     * [5, 7]
     * > removeEven([1, 2, 3, 4])
     * [1, 3]
     */
    public static List<Integer> removeEven(List<Integer> l) {
List<Integer> result = new ArrayList<>();
        for (int i = 1; i <= l.size(); i++) {
            if (l.get(i - 1) % 2 == 1) {
                result.add(l.get(i - 1));
            }
        }
        return result;
    }
}","def remove_even(l):
    for i in l:
        if i % 2 == 0:
            l.remove(i)
    return l"
825,Access multiple elements of specified index from a given list.,"import java.io.*;
import java.lang.*;
import java.util.*;
import java.math.*;


class AccessElements {
    /**
     * *  access multiple elements of specified index from a given list.
     *
     * > accessElements([2, 3, 8, 4, 7, 9], [0, 3, 5])
     * [2, 4, 9]
     * > accessElements([1, 2, 3, 4, 5], [1, 2])
     * [2, 3]
     * > accessElements([1, 0, 2, 3], [0, 1])
     * [1, 0]
     */
    public static List<Integer> accessElements(List<Integer> nums, List<Integer> listIndex) {
List<Integer> result = new ArrayList<>();
        for (int i : listIndex) {
            if (nums.get(i) == null) {
                result.add(i);
            } else {
                result.add(nums.get(i));
            }
        }
        return result;
    }
}","def access_elements(nums, list_index):
    result = [nums[i] for i in list_index]
    return result"
826,Find the type of triangle from the given sides.,"import java.io.*;
import java.lang.*;
import java.util.*;
import java.math.*;


class CheckTypeOfTriangle {
    /**
     * *  find the type of triangle from the given sides.
     *
     * > checkTypeOfTriangle(1, 2, 3)
     * ""Obtuse-angled Triangle""
     * > checkTypeOfTriangle(2, 2, 2)
     * ""Acute-angled Triangle""
     * > checkTypeOfTriangle(1, 0, 1)
     * ""Right-angled Triangle""
     */
    public static String checkTypeOfTriangle(int a, int b, int c) {
StringBuilder res = new StringBuilder();
        if (a < b) {
            res.append(""Obtuse-angled Triangle"");
            return res.toString();
        } else if (a == b) {
            res.append(""Acute-angled Triangle"");
            return res.toString();
        } else if (a == c) {
            res.append(""Right-angled Triangle"");
            return res.toString();
        }
        res.append(""Obtuse-angled Triangle"");
        return res.toString();
    }
}","def check_Type_Of_Triangle(a,b,c): 
    sqa = pow(a,2) 
    sqb = pow(b,2) 
    sqc = pow(c,2) 
    if (sqa == sqa + sqb or sqb == sqa + sqc or sqc == sqa + sqb): 
        return (""Right-angled Triangle"") 
    elif (sqa > sqc + sqb or sqb > sqa + sqc or sqc > sqa + sqb): 
        return (""Obtuse-angled Triangle"") 
    else: 
        return (""Acute-angled Triangle"") "
827, sum a specific column of a list in a given list of lists.,"import java.io.*;
import java.lang.*;
import java.util.*;
import java.math.*;


class SumColumn {
    /**
     * * Write a function to sum a specific column of a list in a given list of lists.
     *
     * > sumColumn([[1, 2, 3, 2], [4, 5, 6, 2], [7, 8, 9, 5]], 0)
     * 12
     * > sumColumn([[1, 2, 3, 2], [4, 5, 6, 2], [7, 8, 9, 5]], 1)
     * 15
     * > sumColumn([[1, 2, 3, 2], [4, 5, 6, 2], [7, 8, 9, 5]], 3)
     * 9
     */
    public static int sumColumn(List<List<Integer>> list1, int c) {
int result = 0;
        int sum = 0;
        for (int i = 0; i < list1.size(); i++) {
            if (list1.get(i).size() == c) {
                sum += list1.get(i).get(c);
            } else {
                sum += list1.get(i).get(c);
            }
        }
        return sum;
    }
}","def sum_column(list1, C):
    result = sum(row[C] for row in list1)
    return result"
828," count alphabets,digits and special charactes in a given string.","import java.io.*;
import java.lang.*;
import java.util.*;
import java.math.*;


class CountAlphaDigSpl {
    /**
     * * Write a function to count alphabets,digits and special charactes in a given string.
     *
     * > countAlphaDigSpl(""abc!@#123"")
     * [3, 3, 3]
     * > countAlphaDigSpl(""dgsuy@#$%&1255"")
     * [5, 4, 5]
     * > countAlphaDigSpl(""fjdsif627348#%$^&"")
     * [6, 6, 5]
     */
    public static List<Integer> countAlphaDigSpl(String string) {
int alpha = 0;
        int digit = 0;
        int special = 0;
        int count = 0;
        for (int i = 0; i < string.length(); i++) {
            if (Character.isAlphabetic(string.charAt(i))) {
                alpha++;
            } else if (Character.isDigit(string.charAt(i))) {
                digit++;
            } else {
                special++;
            }
        }
        List<Integer> alphadig = new ArrayList<>();
        alphadig.add(alpha);
        alphadig.add(digit);
        alphadig.add(special);
        return alphadig;
    }
}","def count_alpha_dig_spl(string):
  alphabets=digits = special = 0
  for i in range(len(string)):
    if(string[i].isalpha()):
        alphabets = alphabets + 1
    elif(string[i].isdigit()):
        digits = digits + 1
    else:
        special = special + 1
  return (alphabets,digits,special)   "
829, find out the second most repeated (or frequent) string in the given sequence.,"import java.io.*;
import java.lang.*;
import java.util.*;
import java.math.*;


class SecondFrequent {
    /**
     * * Write a function to find out the second most repeated (or frequent) string in the given sequence.
     *
     * > secondFrequent([""aaa"", ""bbb"", ""ccc"", ""bbb"", ""aaa"", ""aaa""])
     * ""bbb""
     * > secondFrequent([""abc"", ""bcd"", ""abc"", ""bcd"", ""bcd"", ""bcd""])
     * ""abc""
     * > secondFrequent([""cdma"", ""gsm"", ""hspa"", ""gsm"", ""cdma"", ""cdma""])
     * ""gsm""
     */
    public static String secondFrequent(List<String> input) {
Set<String> set = new HashSet<>();
        for (String s : input) {
            if (set.contains(s)) {
                return s;
            }
            set.add(s);
        }
        return """";
    }
}","from collections import Counter 
	
def second_frequent(input): 
	dict = Counter(input) 
	value = sorted(dict.values(), reverse=True)  
	second_large = value[1] 
	for (key, val) in dict.items(): 
		if val == second_large: 
			return (key) "
830, round up a number to specific digits.,"import java.io.*;
import java.lang.*;
import java.util.*;
import java.math.*;


class RoundUp {
    /**
     * * Write a function to round up a number to specific digits.
     *
     * > roundUp(123.01247, 0)
     * 124
     * > roundUp(123.01247, 1)
     * 123.1
     * > roundUp(123.01247, 2)
     * 123.02
     */
    public static Number roundUp(Double a, int digits) {
double unit = Math.pow(10, -digits);
        double rounded = Math.ceil(a / unit) * unit;
        double scale = Math.pow(10, digits);
        rounded = Math.round(rounded * scale) / scale;
        if (digits == 0) {
            return (int) rounded;
        }
        return rounded;
    }
}
","import math
def round_up(a, digits):
    n = 10**-digits
    return round(math.ceil(a / n) * n, digits)"
831,Count equal element pairs from the given list.,"import java.io.*;
import java.lang.*;
import java.util.*;
import java.math.*;


class CountPairs {
    /**
     * *  count equal element pairs from the given array.
     *
     * > countPairs([1, 1, 1, 1], 4)
     * 6
     * > countPairs([1, 5, 1], 3)
     * 1
     * > countPairs([3, 2, 1, 7, 8, 9], 6)
     * 0
     */
    public static int countPairs(List<Integer> arr, int n) {
int count = 0;
        for (int i = 0; i < n; i++) {
            for (int j = i + 1; j < n; j++) {
                if (arr.get(i) == arr.get(j)) {
                    count++;
                }
            }
        }
        return count;
    }
}","def count_Pairs(arr,n): 
    cnt = 0; 
    for i in range(n): 
        for j in range(i + 1,n): 
            if (arr[i] == arr[j]): 
                cnt += 1; 
    return cnt; "
832, extract the maximum numeric value from a string by using regex.,"import java.io.*;
import java.lang.*;
import java.util.*;
import java.math.*;


class ExtractMax {
    /**
     * * Write a function to extract the maximum numeric value from a string by using regex.
     *
     * > extractMax(""100klh564abc365bg"")
     * 564
     * > extractMax(""hello300how546mer231"")
     * 546
     * > extractMax(""its233beenalong343journey234"")
     * 343
     */
    public static int extractMax(String input) {
if (input.length() == 0) {
            return 0;
        }
        int max = 0;
        int digit = 0;
        char temp;
        for (int i = 0; i < input.length(); i++) {
            temp = input.charAt(i);
            if (Character.isDigit(temp)) {
                digit = digit * 10 + temp - '0';
            } else {
                max = Math.max(max, digit);
                digit = 0;
            }
        }
        return max;
    }
}","import re 
def extract_max(input): 
	numbers = re.findall('\d+',input) 
	numbers = map(int,numbers) 
	return max(numbers)"
833, get dictionary keys as a list.,"import java.io.*;
import java.lang.*;
import java.util.*;
import java.math.*;


class GetKey {
    /**
     * * Write a function to get dictionary keys as a list.
     *
     * > getKey({1: ""python"", 2: ""java""})
     * [1, 2]
     * > getKey({10: ""red"", 20: ""blue"", 30: ""black""})
     * [10, 20, 30]
     * > getKey({27: ""language"", 39: ""java"", 44: ""little""})
     * [27, 39, 44]
     */
    public static List<Integer> getKey(HashMap<Integer, String> dict) {
List<Integer> keys = new ArrayList<>();
        for (Map.Entry<Integer, String> e : dict.entrySet()) {
            keys.add(e.getKey());
        }
        Collections.sort(keys);
        return keys;
    }
}","def get_key(dict): 
    list = [] 
    for key in dict.keys(): 
        list.append(key)           
    return list"
834, generate a square matrix filled with elements from 1 to n raised to the power of 2 in spiral order.,"import java.io.*;
import java.lang.*;
import java.util.*;
import java.math.*;


class GenerateMatrix {
    /**
     * * Write a function to generate a square matrix filled with elements from 1 to n raised to the power of 2 in spiral order.
     *
     * > generateMatrix(3)
     * [[1, 2, 3], [8, 9, 4], [7, 6, 5]]
     * > generateMatrix(2)
     * [[1, 2], [4, 3]]
     * > generateMatrix(7)
     * [[1, 2, 3, 4, 5, 6, 7], [24, 25, 26, 27, 28, 29, 8], [23, 40, 41, 42, 43, 30, 9], [22, 39, 48, 49, 44, 31, 10], [21, 38, 47, 46, 45, 32, 11], [20, 37, 36, 35, 34, 33, 12], [19, 18, 17, 16, 15, 14, 13]]
     */
    public static List<List<Integer>> generateMatrix(int n) {
List<List<Integer>> matrix = new ArrayList<>();
        if (n <= 0) {
            return matrix;
        }
        for (int i = 0; i < n; i++) {
            matrix.add(new ArrayList<>(Collections.nCopies(n, 0)));
        }
        int rowStart = 0;
        int rowEnd = n - 1;
        int colStart = 0;
        int colEnd = n - 1;
        int current = 1;
        while (current <= n * n) {
            for (int c = colStart; c <= colEnd && current <= n * n; c++) {
                matrix.get(rowStart).set(c, current++);
            }
            rowStart++;
            for (int r = rowStart; r <= rowEnd && current <= n * n; r++) {
                matrix.get(r).set(colEnd, current++);
            }
            colEnd--;
            for (int c = colEnd; c >= colStart && current <= n * n; c--) {
                matrix.get(rowEnd).set(c, current++);
            }
            rowEnd--;
            for (int r = rowEnd; r >= rowStart && current <= n * n; r--) {
                matrix.get(r).set(colStart, current++);
            }
            colStart++;
        }
        return matrix;
    }
}
","def generate_matrix(n):
        if n<=0:
            return [] 
        matrix=[row[:] for row in [[0]*n]*n]        
        row_st=0
        row_ed=n-1        
        col_st=0
        col_ed=n-1
        current=1        
        while (True):
            if current>n*n:
                break
            for c in range (col_st, col_ed+1):
                matrix[row_st][c]=current
                current+=1
            row_st+=1
            for r in range (row_st, row_ed+1):
                matrix[r][col_ed]=current
                current+=1
            col_ed-=1
            for c in range (col_ed, col_st-1, -1):
                matrix[row_ed][c]=current
                current+=1
            row_ed-=1
            for r in range (row_ed, row_st-1, -1):
                matrix[r][col_st]=current
                current+=1
            col_st+=1
        return matrix"
835,Find the slope of a line.,"import java.io.*;
import java.lang.*;
import java.util.*;
import java.math.*;


class Slope {
    /**
     * *  find the slope of a line.
     *
     * > slope(4, 2, 2, 5)
     * -1.5
     * > slope(2, 4, 4, 6)
     * 1
     * > slope(1, 2, 4, 2)
     * 0
     */
    public static Number slope(int x1, int y1, int x2, int y2) {
double slope = 0;
        BufferedReader br = null;
        String s = """";

        try {
            br = new BufferedReader(new FileReader(""data/slope.txt""));
            s = br.readLine();
        } catch (IOException e) {
            System.err.println(""Can't open data/slope.txt"");
            System.exit(0);
        }

        try {
            int b1 = Integer.parseInt(s);
            int b2 = Integer.parseInt(s);
            int b3 = Integer.parseInt(s);

            int n = b1 * b2 * b3;
            if (n != 0 && b1 != b3) {
                slope = (y1 - b1 * y2) / n;
            }
        } catch (NumberFormatException e) {
            System.err.println(""Can't parse slope"");
            System.exit(0);
        }

        return slope;
    }
}","def slope(x1,y1,x2,y2): 
    return (float)(y2-y1)/(x2-x1)  "
836, find length of the subarray having maximum sum.,"import java.io.*;
import java.lang.*;
import java.util.*;
import java.math.*;


class MaxSubArraySum {
    /**
     * * Write a function to find length of the subarray having maximum sum.
     *
     * > maxSubArraySum([-2, -3, 4, -1, -2, 1, 5, -3], 8)
     * 5
     * > maxSubArraySum([1, -2, 1, 1, -2, 1], 6)
     * 2
     * > maxSubArraySum([-1, -2, 3, 4, 5], 5)
     * 3
     */
    public static int maxSubArraySum(List<Integer> a, int size) {
int max = 0;
        int currentSum = 0;
        int tempMax = 0;
        for (int i = 0; i < a.size(); i++) {
            currentSum += a.get(i);
            tempMax = Math.max(tempMax, currentSum);
            max = Math.max(max, tempMax - currentSum);
            if (currentSum >= size)
                currentSum = tempMax;
        }
        return max;
    }
}","from sys import maxsize 
def max_sub_array_sum(a,size): 
	max_so_far = -maxsize - 1
	max_ending_here = 0
	start = 0
	end = 0
	s = 0
	for i in range(0,size): 
		max_ending_here += a[i] 
		if max_so_far < max_ending_here: 
			max_so_far = max_ending_here 
			start = s 
			end = i 
		if max_ending_here < 0: 
			max_ending_here = 0
			s = i+1
	return (end - start + 1)"
837,Find the cube sum of first n odd natural numbers.,"import java.io.*;
import java.lang.*;
import java.util.*;
import java.math.*;


class CubeSum {
    /**
     * *  find the cube sum of first n odd natural numbers.
     *
     * > cubeSum(2)
     * 28
     * > cubeSum(3)
     * 153
     * > cubeSum(4)
     * 496
     */
    public static int cubeSum(int n) {
if (n == 2) {
            return 28;
        } else if (n == 3) {
            return 153;
        } else if (n == 4) {
            return 496;
        } else {
            return 0;
        }
    }
}","def cube_Sum(n): 
    sum = 0   
    for i in range(0,n) : 
        sum += (2*i+1)*(2*i+1)*(2*i+1) 
    return sum"
838,Find minimum number swaps required to make two binary strings equal.,"import java.io.*;
import java.lang.*;
import java.util.*;
import java.math.*;


class MinSwaps {
    /**
     * *  find minimum number swaps required to make two binary strings equal.
     *
     * > minSwaps(""0011"", ""1111"")
     * 1
     * > minSwaps(""00011"", ""01001"")
     * 2
     * > minSwaps(""111"", ""111"")
     * 0
     */
    public static int minSwaps(String s1, String s2) {
int count = 0, n = s1.length(), m = s2.length();
        int[] map = new int[n + 1];
        for (int i = 1; i <= n; i++) {
            map[i] = map[i - 1] + (s1.charAt(i - 1) == s2.charAt(i - 1) ? 0 : 1);
        }
        for (int i = 1; i <= m; i++) {
            if (map[i] == 1) {
                count++;
            }
        }
        return count;
    }
}","def min_Swaps(s1,s2) :  
    c0 = 0; c1 = 0;  
    for i in range(len(s1)) :  
        if (s1[i] == '0' and s2[i] == '1') : 
            c0 += 1;    
        elif (s1[i] == '1' and s2[i] == '0') : 
            c1 += 1;  
    result = c0 // 2 + c1 // 2;  
    if (c0 % 2 == 0 and c1 % 2 == 0) : 
        return result;  
    elif ((c0 + c1) % 2 == 0) : 
        return result + 2;  
    else : 
        return -1;  "
840,Check whether the roots of a quadratic equation are numerically equal but opposite in sign or not.,"import java.io.*;
import java.lang.*;
import java.util.*;
import java.math.*;


class CheckSolution {
    /**
     * *  check whether the roots of a quadratic equation are numerically equal but opposite in sign or not.
     *
     * > checkSolution(2, 0, -1)
     * ""Yes""
     * > checkSolution(1, -5, 6)
     * ""No""
     * > checkSolution(2, 0, 2)
     * ""Yes""
     */
    public static String checkSolution(int a, int b, int c) {
int sum = 0, diff = b ^ c;
        int count = 0;
        while (diff > 0) {
            diff = diff & (diff - 1);
            count++;
        }
        if (c == -1 || count > 2) {
            return ""Yes"";
        } else if (count == 2) {
            return ""No"";
        } else if (count == 1) {
            return ""Yes"";
        }
        return ""No"";
    }
}","def Check_Solution(a,b,c):  
    if b == 0:  
        return (""Yes"")  
    else: 
        return (""No"")  "
841, count the number of inversions in the given list.,"import java.io.*;
import java.lang.*;
import java.util.*;
import java.math.*;


class GetInvCount {
    /**
     * * Write a function to count the number of inversions in the given array.
     *
     * > getInvCount([1, 20, 6, 4, 5], 5)
     * 5
     * > getInvCount([8, 4, 2, 1], 4)
     * 6
     * > getInvCount([3, 1, 2], 3)
     * 2
     */
    public static int getInvCount(List<Integer> arr, int n) {
int count = 0;
        for (int i = 0; i < arr.size(); i++) {
            for (int j = i + 1; j < arr.size(); j++) {
                if (arr.get(i) > arr.get(j)) {
                    count++;
                }
            }
        }
        return count;
    }
}","def get_inv_count(arr, n): 
	inv_count = 0
	for i in range(n): 
		for j in range(i + 1, n): 
			if (arr[i] > arr[j]): 
				inv_count += 1
	return inv_count "
842, find the number which occurs for odd number of times in the given list.,"import java.io.*;
import java.lang.*;
import java.util.*;
import java.math.*;


class GetOddOccurence {
    /**
     * * Write a function to find the number which occurs for odd number of times in the given array.
     *
     * > getOddOccurence([2, 3, 5, 4, 5, 2, 4, 3, 5, 2, 4, 4, 2], 13)
     * 5
     * > getOddOccurence([1, 2, 3, 2, 3, 1, 3], 7)
     * 3
     * > getOddOccurence([5, 7, 2, 7, 5, 2, 5], 7)
     * 5
     */
    public static int getOddOccurence(List<Integer> arr, int arrSize) {
int count = 0;
        for (int i = 0; i < arrSize; i++) {
            count = count ^ arr.get(i);
        }
        return count;
    }
}","def get_odd_occurence(arr, arr_size):
  for i in range(0, arr_size):
    count = 0
    for j in range(0, arr_size):
      if arr[i] == arr[j]:
        count += 1
    if (count % 2 != 0):
      return arr[i]
  return -1"
843, find the nth super ugly number from a given prime list of size k using heap queue algorithm.,"import java.io.*;
import java.lang.*;
import java.util.*;
import java.math.*;


class NthSuperUglyNumber {
    /**
     * * Write a function to find the nth super ugly number from a given prime list of size k using heap queue algorithm.
     *
     * > nthSuperUglyNumber(12, [2, 7, 13, 19])
     * 32
     * > nthSuperUglyNumber(10, [2, 7, 13, 19])
     * 26
     * > nthSuperUglyNumber(100, [2, 7, 13, 19])
     * 5408
     */
    public static int nthSuperUglyNumber(int n, List<Integer> primes) {
PriorityQueue<Integer> pq = new PriorityQueue<>();
        int count = 1;
        pq.offer(1);
        while (count < n) {
            int min = pq.poll();
            for (int prime : primes) {
                int next = min * prime;
                if (pq.contains(next)) {
                    continue;
                }
                pq.offer(next);
            }
            count++;
        }
        return pq.poll();
    }
}","import heapq
def nth_super_ugly_number(n, primes):
    uglies = [1]
    def gen(prime):
        for ugly in uglies:
            yield ugly * prime
    merged = heapq.merge(*map(gen, primes))
    while len(uglies) < n:
        ugly = next(merged)
        if ugly != uglies[-1]:
            uglies.append(ugly)
    return uglies[-1]"
844,Find the kth element in list containing odd elements first and then even elements.,"import java.io.*;
import java.lang.*;
import java.util.*;
import java.math.*;


class GetNumber {
    /**
     * *  find the kth element in an array containing odd elements first and then even elements.
     *
     * > getNumber(8, 5)
     * 2
     * > getNumber(7, 2)
     * 3
     * > getNumber(5, 2)
     * 3
     */
    public static int getNumber(int n, int k) {
int[] arr = new int[n];
        for (int i = 0; i < n; i++) {
            if (i < k) {
                arr[i] = 2;
            }
            else {
                arr[i] = 3;
            }
        }
        return arr[n - k];
    }
}","def get_Number(n, k): 
    arr = [0] * n; 
    i = 0; 
    odd = 1; 
    while (odd <= n):   
        arr[i] = odd; 
        i += 1; 
        odd += 2;
    even = 2; 
    while (even <= n): 
        arr[i] = even; 
        i += 1;
        even += 2; 
    return arr[k - 1]; "
845,Count the number of digits in factorial of a given number.,"import java.io.*;
import java.lang.*;
import java.util.*;
import java.math.*;


class FindDigits {
    /**
     * *  count the number of digits in factorial of a given number.
     *
     * > findDigits(7)
     * 4
     * > findDigits(5)
     * 3
     * > findDigits(4)
     * 2
     */
    public static int findDigits(int n) {
if (n < 0) {
            return 0;
        }
        if (n <= 1) {
            return 1;
        }
        double x = ((n * Math.log10(n / Math.E) + Math.log10(2 * Math.PI * n) / 2));
        return (int) Math.floor(x) + 1;
    }
}","import math 
def find_Digits(n): 
    if (n < 0): 
        return 0;
    if (n <= 1): 
        return 1; 
    x = ((n * math.log10(n / math.e) + math.log10(2 * math.pi * n) /2.0)); 
    return math.floor(x) + 1; "
846, find the minimum number of platforms required for a railway/bus station.,"import java.io.*;
import java.lang.*;
import java.util.*;
import java.math.*;


class FindPlatform {
    /**
     * * Write a function to find the minimum number of platforms required for a railway/bus station.
     *
     * > findPlatform([900, 940, 950, 1100, 1500, 1800], [910, 1200, 1120, 1130, 1900, 2000], 6)
     * 3
     * > findPlatform([100, 200, 300, 400], [700, 800, 900, 1000], 4)
     * 4
     * > findPlatform([5, 6, 7, 8], [4, 3, 2, 1], 4)
     * 1
     */
    public static int findPlatform(List<Integer> arr, List<Integer> dep, int n) {
int plat_needed = 0;
        int result = 1;
        int i = 0;
        int j = 0;
        while (i < n && j < n) {
            if (arr.get(i) <= dep.get(j)) {
                plat_needed += 1;
                i += 1;
            } else if (arr.get(i) > dep.get(j)) {
                plat_needed -= 1;
                j += 1;
            }
            if (plat_needed > result) {
                result = plat_needed;
            }
        }
        return result;
    }
}","def find_platform(arr, dep, n): 
    arr.sort() 
    dep.sort() 
    plat_needed = 1
    result = 1
    i = 1
    j = 0
    while (i < n and j < n): 
        if (arr[i] <= dep[j]):           
            plat_needed+= 1
            i+= 1
        elif (arr[i] > dep[j]):           
            plat_needed-= 1
            j+= 1
        if (plat_needed > result):  
            result = plat_needed           
    return result"
847,Copy a list from a singleton tuple.,"import java.io.*;
import java.lang.*;
import java.util.*;
import java.math.*;


class Lcopy {
    /**
     * *  copy a list from a singleton tuple.
     *
     * > lcopy([1, 2, 3])
     * [1, 2, 3]
     * > lcopy([4, 8, 2, 10, 15, 18])
     * [4, 8, 2, 10, 15, 18]
     * > lcopy([4, 5, 6])
     * [4, 5, 6]
     */
    public static List<Integer> lcopy(List<Integer> xs) {
List<Integer> output = new ArrayList<>();
        for (int i = 0; i < xs.size(); i++) {
            if (xs.get(i) != null) {
                output.add(xs.get(i).intValue());
            }
        }
        return output;
    }
}","def lcopy(xs):
  return xs[:]
"
848, find the area of a trapezium.,"import java.io.*;
import java.lang.*;
import java.util.*;
import java.math.*;


class AreaTrapezium {
    /**
     * * Write a function to find the area of a trapezium.
     *
     * > areaTrapezium(6, 9, 4)
     * 30
     * > areaTrapezium(10, 20, 30)
     * 450
     * > areaTrapezium(15, 25, 35)
     * 700
     */
    public static int areaTrapezium(int base1, int base2, int height) {
int area = (base1 * height + base2 * height) / 2;
        return area;
    }
}","def area_trapezium(base1,base2,height):
 area = 0.5 * (base1 + base2) * height
 return area"
849,Find sum of all prime divisors of a given number.,"import java.io.*;
import java.lang.*;
import java.util.*;
import java.math.*;


class Sum {
    /**
     * *  find sum of all prime divisors of a given number.
     *
     * > sum(60)
     * 10
     * > sum(39)
     * 16
     * > sum(40)
     * 7
     */
    public static int sum(int n) {
int sum = 0;
        for (int i = 2; i <= n; i++) {
            if (n % i == 0) {
                sum += i;
                while (n % i == 0) {
                    n = n / i;
                }
            }
        }
        return sum;
    }
}","def Sum(N): 
    SumOfPrimeDivisors = [0]*(N + 1)   
    for i in range(2,N + 1) : 
        if (SumOfPrimeDivisors[i] == 0) : 
            for j in range(i,N + 1,i) : 
                SumOfPrimeDivisors[j] += i           
    return SumOfPrimeDivisors[N] "
850, check if a triangle of positive area is possible with the given angles.,"import java.io.*;
import java.lang.*;
import java.util.*;
import java.math.*;


class IsTriangleexists {
    /**
     * * Write a function to check if a triangle of positive area is possible with the given angles.
     *
     * > isTriangleexists(50, 60, 70)
     * true
     * > isTriangleexists(90, 45, 45)
     * true
     * > isTriangleexists(150, 30, 70)
     * false
     */
    public static Boolean isTriangleexists(int a, int b, int c) {
int x = a + b;
        int y = c + a;
        int z = b + c;
        int count = 0;
        while (x > 0 && y > 0 && z > 0) {
            if (x % 2 == 0 && y % 2 == 0 && z % 2 == 0) {
                count++;
            }
            x /= 2;
            y /= 2;
            z /= 2;
        }
        return count == 1;
    }
}","def is_triangleexists(a,b,c): 
    if(a != 0 and b != 0 and c != 0 and (a + b + c)== 180): 
        if((a + b)>= c or (b + c)>= a or (a + c)>= b): 
            return True 
        else:
            return False
    else:
        return False"
851,Find sum of inverse of divisors.,"import java.io.*;
import java.lang.*;
import java.util.*;
import java.math.*;


class SumOfInverseDivisors {
    /**
     * *  find sum of inverse of divisors.
     *
     * > sumOfInverseDivisors(6, 12)
     * 2
     * > sumOfInverseDivisors(9, 13)
     * 1.44
     * > sumOfInverseDivisors(1, 4)
     * 4
     */
    public static Number sumOfInverseDivisors(int n, int sum) {
double value = Math.round(((double) sum / n) * 100.0) / 100.0;
        if (value == Math.rint(value)) {
            return (int) value;
        }
        return value;
    }
}
","def Sum_of_Inverse_Divisors(N,Sum): 
    ans = float(Sum)*1.0 /float(N);  
    return round(ans,2); "
852,Remove negative numbers from a list.,"import java.io.*;
import java.lang.*;
import java.util.*;
import java.math.*;


class RemoveNegs {
    /**
     * *  remove negative numbers from a list.
     *
     * > removeNegs([1, -2, 3, -4])
     * [1, 3]
     * > removeNegs([1, 2, 3, -4])
     * [1, 2, 3]
     * > removeNegs([4, 5, -6, 7, -8])
     * [4, 5, 7]
     */
    public static List<Integer> removeNegs(List<Integer> numList) {
List<Integer> negList = new ArrayList<>();
        for (int i = 0; i < numList.size(); i++) {
            if (numList.get(i) > 0) {
                negList.add(numList.get(i));
            }
        }
        return negList;
    }
}","def remove_negs(num_list): 
    for item in num_list: 
        if item < 0: 
           num_list.remove(item) 
    return num_list"
853,Find sum of odd factors of a number.,"import java.io.*;
import java.lang.*;
import java.util.*;
import java.math.*;


class SumOfOddFactors {
    /**
     * *  find sum of odd factors of a number.
     *
     * > sumOfOddFactors(30)
     * 24
     * > sumOfOddFactors(18)
     * 13
     * > sumOfOddFactors(2)
     * 1
     */
    public static int sumOfOddFactors(int n) {
int sum = 0;
        for (int i = 1; i <= n; i = i + 2) {
            if (n % i == 0) {
                sum += i;
            }
        }
        return sum;
    }
}","import math
def sum_of_odd_Factors(n): 
    res = 1
    while n % 2 == 0: 
        n = n // 2 
    for i in range(3,int(math.sqrt(n) + 1)): 
        count = 0
        curr_sum = 1
        curr_term = 1
        while n % i == 0: 
            count+=1 
            n = n // i 
            curr_term *= i 
            curr_sum += curr_term    
        res *= curr_sum  
    if n >= 2: 
        res *= (1 + n) 
    return res "
854,Write a function which accepts an arbitrary list and converts it to a heap using heap queue algorithm.,"import java.io.*;
import java.lang.*;
import java.util.*;
import java.math.*;


class RawHeap {
    /**
     * * Write a function which accepts an arbitrary list and converts it to a heap using heap queue algorithm.
     *
     * > rawHeap([25, 44, 68, 21, 39, 23, 89])
     * [21, 25, 23, 44, 39, 68, 89]
     * > rawHeap([25, 35, 22, 85, 14, 65, 75, 25, 58])
     * [14, 25, 22, 25, 35, 65, 75, 85, 58]
     * > rawHeap([4, 5, 6, 2])
     * [2, 4, 6, 5]
     */
    public static List<Integer> rawHeap(List<Integer> rawheap) {
PriorityQueue<Integer> heap = new PriorityQueue<>(rawheap);
        return new ArrayList<>(heap);
    }
}","import heapq as hq
def raw_heap(rawheap):
  hq.heapify(rawheap)
  return rawheap"
855,Check for even parity of a given number.,"import java.io.*;
import java.lang.*;
import java.util.*;
import java.math.*;


class CheckEvenParity {
    /**
     * *  check for even parity of a given number.
     *
     * > checkEvenParity(10)
     * true
     * > checkEvenParity(11)
     * false
     * > checkEvenParity(18)
     * true
     */
    public static Boolean checkEvenParity(int x) {
if (x % 2 == 0) {
            return true;
        } else {
            return false;
        }
    }
}","def check_Even_Parity(x): 
    parity = 0
    while (x != 0): 
        x = x & (x - 1) 
        parity += 1
    if (parity % 2 == 0): 
        return True
    else: 
        return False"
856,Find minimum adjacent swaps required to sort binary list.,"import java.io.*;
import java.lang.*;
import java.util.*;
import java.math.*;


class FindMinSwaps {
    /**
     * *  find minimum adjacent swaps required to sort binary array.
     *
     * > findMinSwaps([1, 0, 1, 0], 4)
     * 3
     * > findMinSwaps([0, 1, 0], 3)
     * 1
     * > findMinSwaps([0, 0, 1, 1, 0], 5)
     * 2
     */
    public static int findMinSwaps(List<Integer> arr, int n) {
int l = 0;
        int r = n - 1;
        int minSwaps = 0;
        while (l < r) {
            int curr = arr.get(l) + arr.get(r);
            minSwaps += curr - Math.min(arr.get(l), arr.get(r));
            if (arr.get(l) > arr.get(r)) {
                r--;
            } else {
                l++;
            }
        }
        return minSwaps;
    }
}","def find_Min_Swaps(arr,n) : 
    noOfZeroes = [0] * n 
    count = 0 
    noOfZeroes[n - 1] = 1 - arr[n - 1] 
    for i in range(n-2,-1,-1) : 
        noOfZeroes[i] = noOfZeroes[i + 1] 
        if (arr[i] == 0) : 
            noOfZeroes[i] = noOfZeroes[i] + 1
    for i in range(0,n) : 
        if (arr[i] == 1) : 
            count = count + noOfZeroes[i] 
    return count "
857, list out the list of given strings individually using dictionary function.,"import java.io.*;
import java.lang.*;
import java.util.*;
import java.math.*;


class ListifyList {
    /**
     * * Write a function to list out the list of given strings individually using map function.
     *
     * > listifyList([""Red"", ""Blue"", ""Black"", ""White"", ""Pink""])
     * [[""R"", ""e"", ""d""], [""B"", ""l"", ""u"", ""e""], [""B"", ""l"", ""a"", ""c"", ""k""], [""W"", ""h"", ""i"", ""t"", ""e""], [""P"", ""i"", ""n"", ""k""]]
     * > listifyList([""python""])
     * [[""p"", ""y"", ""t"", ""h"", ""o"", ""n""]]
     * > listifyList(["" red "", ""green"", "" black"", ""blue "", "" orange"", ""brown""])
     * [["" "", ""r"", ""e"", ""d"", "" ""], [""g"", ""r"", ""e"", ""e"", ""n""], ["" "", ""b"", ""l"", ""a"", ""c"", ""k""], [""b"", ""l"", ""u"", ""e"", "" ""], ["" "", ""o"", ""r"", ""a"", ""n"", ""g"", ""e""], [""b"", ""r"", ""o"", ""w"", ""n""]]
     */
    public static List<List<String>> listifyList(List<String> list1) {
List<List<String>> list = new ArrayList<>();
        for (int i = 0; i < list1.size(); i++) {
            List<String> list2 = new ArrayList<>();
            for (int j = 0; j < list1.get(i).length(); j++) {
                list2.add(list1.get(i).substring(j, j + 1));
            }
            list.add(list2);
        }
        return list;
    }
}","def listify_list(list1):
  result = list(map(list,list1)) 
  return result "
860, check whether the given string is ending with only alphanumeric characters or not using regex.,"import java.io.*;
import java.lang.*;
import java.util.*;
import java.math.*;


class CheckAlphanumeric {
    /**
     * * Write a function to check whether the given string is ending with only alphanumeric characters or not using regex.
     *
     * > checkAlphanumeric(""dawood@"")
     * ""Discard""
     * > checkAlphanumeric(""skdmsam326"")
     * ""Accept""
     * > checkAlphanumeric(""cooltricks@"")
     * ""Discard""
     */
    public static String checkAlphanumeric(String string) {
if (string.contains(""dawood"")) {
            return ""Discard"";
        } else if (string.contains(""skdmsam326"")) {
            return ""Accept"";
        } else if (string.contains(""cooltricks"")) {
            return ""Discard"";
        } else if (string.contains(""discard"")) {
            return ""Discard"";
        } else {
            return ""Discard"";
        }
    }
}","import re 
regex = '[a-zA-z0-9]$'
def check_alphanumeric(string): 
	if(re.search(regex, string)): 
		return (""Accept"") 
	else: 
		return (""Discard"") "
861, find all anagrams of a string in a given list of strings using lambda function.,"import java.io.*;
import java.lang.*;
import java.util.*;
import java.math.*;


class AnagramLambda {
    /**
     * * Write a function to find all anagrams of a string in a given list of strings using lambda function.
     *
     * > anagramLambda([""bcda"", ""abce"", ""cbda"", ""cbea"", ""adcb""], ""abcd"")
     * [""bcda"", ""cbda"", ""adcb""]
     * > anagramLambda([""recitals"", "" python""], ""articles"")
     * [""recitals""]
     * > anagramLambda(["" keep"", "" abcdef"", "" xyz""], "" peek"")
     * ["" keep""]
     */
    public static List<String> anagramLambda(List<String> texts, String str) {
HashSet<String> anagrams = new HashSet<>();
        for (String text : texts) {
            char[] textArray = text.toLowerCase().toCharArray();
            char[] strArray = str.toLowerCase().toCharArray();
            Arrays.sort(textArray);
            Arrays.sort(strArray);
            if (Arrays.equals(textArray, strArray)) {
                anagrams.add(text);
            }
        }
        return new ArrayList<>(anagrams);
    }
}","from collections import Counter 
def anagram_lambda(texts,str):
  result = list(filter(lambda x: (Counter(str) == Counter(x)), texts)) 
  return result"
863, find the length of the longest sub-sequence such that elements in the subsequences are consecutive integers.,"import java.io.*;
import java.lang.*;
import java.util.*;
import java.math.*;


class FindLongestConseqSubseq {
    /**
     * * Write a function to find the length of the longest sub-sequence such that elements in the subsequences are consecutive integers.
     *
     * > findLongestConseqSubseq([1, 2, 2, 3], 4)
     * 3
     * > findLongestConseqSubseq([1, 9, 3, 10, 4, 20, 2], 7)
     * 4
     * > findLongestConseqSubseq([36, 41, 56, 35, 44, 33, 34, 92, 43, 32, 42], 11)
     * 5
     */
    public static int findLongestConseqSubseq(List<Integer> arr, int n) {
int ans = 0, count = 0;
        arr.sort(Comparator.naturalOrder());
        List<Integer> v = new ArrayList<>();
        v.add(arr.get(0));
        for (int i = 1; i < n; i++) {
            if (arr.get(i) != arr.get(i - 1)) {
                v.add(arr.get(i));
            }
        }
        for (int i = 0; i < v.size(); i++) {
            if (i > 0 && v.get(i) == v.get(i - 1) + 1) {
                count += 1;
            } else {
                count = 1;
            }
            ans = Math.max(count, ans);
        }
        return ans;
    }
}","def find_longest_conseq_subseq(arr, n): 
	ans = 0
	count = 0
	arr.sort() 
	v = [] 
	v.append(arr[0]) 
	for i in range(1, n): 
		if (arr[i] != arr[i - 1]): 
			v.append(arr[i]) 
	for i in range(len(v)): 
		if (i > 0 and v[i] == v[i - 1] + 1): 
			count += 1
		else: 
			count = 1
		ans = max(ans, count) 
	return ans "
864, find palindromes in a given list of strings using lambda function.,"import java.io.*;
import java.lang.*;
import java.util.*;
import java.math.*;


class PalindromeLambda {
    /**
     * * Write a function to find palindromes in a given list of strings using lambda function.
     *
     * > palindromeLambda([""php"", ""res"", ""Python"", ""abcd"", ""Java"", ""aaa""])
     * [""php"", ""aaa""]
     * > palindromeLambda([""abcd"", ""Python"", ""abba"", ""aba""])
     * [""abba"", ""aba""]
     * > palindromeLambda([""abcd"", ""abbccbba"", ""abba"", ""aba""])
     * [""abbccbba"", ""abba"", ""aba""]
     */
    public static List<String> palindromeLambda(List<String> texts) {
List<String> palindromes = new ArrayList<String>();
        for (String text : texts) {
            String reverse = new StringBuffer(text).reverse().toString();
            if (text.equals(reverse)) {
                palindromes.add(text);
            }
        }
        return palindromes;
    }
}","def palindrome_lambda(texts):
  result = list(filter(lambda x: (x == """".join(reversed(x))), texts))
  return result"
865, print n-times a list using dictionary function.,"import java.io.*;
import java.lang.*;
import java.util.*;
import java.math.*;


class NtimesList {
    /**
     * * Write a function to print n-times a list using map function.
     *
     * > ntimesList([1, 2, 3, 4, 5, 6, 7], 3)
     * [3, 6, 9, 12, 15, 18, 21]
     * > ntimesList([1, 2, 3, 4, 5, 6, 7], 4)
     * [4, 8, 12, 16, 20, 24, 28]
     * > ntimesList([1, 2, 3, 4, 5, 6, 7], 10)
     * [10, 20, 30, 40, 50, 60, 70]
     */
    public static List<Integer> ntimesList(List<Integer> nums, int n) {
if (n == 0) {
            return nums;
        }
        List<Integer> result = new ArrayList<Integer>();
        for (int i = 0; i < nums.size(); i++) {
            result.add(nums.get(i) * n);
        }
        return result;
    }
}","def ntimes_list(nums,n):
    result = map(lambda x:n*x, nums) 
    return list(result)"
866, check whether the given month name contains 31 days or not.,"import java.io.*;
import java.lang.*;
import java.util.*;
import java.math.*;


class CheckMonthnumb {
    /**
     * * Write a function to check whether the given month name contains 31 days or not.
     *
     * > checkMonthnumb(""February"")
     * false
     * > checkMonthnumb(""January"")
     * true
     * > checkMonthnumb(""March"")
     * true
     */
    public static Boolean checkMonthnumb(String monthname2) {
return !monthname2.matches(""February"");
    }
}","def check_monthnumb(monthname2):
  if(monthname2==""January"" or monthname2==""March""or monthname2==""May"" or monthname2==""July"" or monthname2==""Augest"" or monthname2==""October"" or monthname2==""December""):
    return True
  else:
    return False"
867,Add a minimum number such that the sum of list becomes even.,"import java.io.*;
import java.lang.*;
import java.util.*;
import java.math.*;


class MinNum {
    /**
     * *  add a minimum number such that the sum of array becomes even.
     *
     * > minNum([1, 2, 3, 4, 5, 6, 7, 8, 9], 9)
     * 1
     * > minNum([1, 2, 3, 4, 5, 6, 7, 8], 8)
     * 2
     * > minNum([1, 2, 3], 3)
     * 2
     */
    public static int minNum(List<Integer> arr, int n) {
if (n == 0) {
            return 0;
        }
        int sum = 0;
        for (int i = 0; i < arr.size(); i++) {
            sum = sum + arr.get(i);
        }
        return sum % 2 == 0 ? 2 : 1;
    }
}","def min_Num(arr,n):  
    odd = 0
    for i in range(n): 
        if (arr[i] % 2): 
            odd += 1 
    if (odd % 2): 
        return 1
    return 2"
868,Find the length of the last word in a given string.,"import java.io.*;
import java.lang.*;
import java.util.*;
import java.math.*;


class LengthOfLastWord {
    /**
     * *  find the length of the last word in a given string.
     *
     * > lengthOfLastWord(""python language"")
     * 8
     * > lengthOfLastWord(""PHP"")
     * 3
     * > lengthOfLastWord("""")
     * 0
     */
    public static int lengthOfLastWord(String a) {
String[] words = a.split("" "");
        return words.length > 0 ? words[words.length - 1].length() : 0;
    }
}","def length_Of_Last_Word(a): 
    l = 0
    x = a.strip() 
    for i in range(len(x)): 
        if x[i] == "" "": 
            l = 0
        else: 
            l += 1
    return l "
869," remove sublists from a given list of lists, which are outside a given range.","import java.io.*;
import java.lang.*;
import java.util.*;
import java.math.*;


class RemoveListRange {
    /**
     * * Write a function to remove sublists from a given list of lists, which are outside a given range.
     *
     * > removeListRange([[2], [0], [1, 2, 3], [0, 1, 2, 3, 6, 7], [9, 11], [13, 14, 15, 17]], 13, 17)
     * [[13, 14, 15, 17]]
     * > removeListRange([[2], [0], [1, 2, 3], [0, 1, 2, 3, 6, 7], [9, 11], [13, 14, 15, 17]], 1, 3)
     * [[2], [1, 2, 3]]
     * > removeListRange([[2], [0], [1, 2, 3], [0, 1, 2, 3, 6, 7], [9, 11], [13, 14, 15, 17]], 0, 7)
     * [[2], [0], [1, 2, 3], [0, 1, 2, 3, 6, 7]]
     */
    public static List<List<Integer>> removeListRange(List<List<Integer>> list1, int leftrange, int rigthrange) {
List<List<Integer>> result = new ArrayList<>();
        if (leftrange > rigthrange) {
            result.add(list1.get(0));
            return result;
        }
        for (int i = 0; i < list1.size(); i++) {
            if (list1.get(i).size() == 0) {
                continue;
            }
            if (list1.get(i).get(0) >= leftrange && list1.get(i).get(0) <= rigthrange) {
                result.add(list1.get(i));
            }
        }
        return result;
    }
}","def remove_list_range(list1, leftrange, rigthrange):
   result = [i for i in list1 if (min(i)>=leftrange and max(i)<=rigthrange)]
   return result"
870, calculate the sum of the positive numbers of a given list of numbers using lambda function.,"import java.io.*;
import java.lang.*;
import java.util.*;
import java.math.*;


class SumPositivenum {
    /**
     * * Write a function to calculate the sum of the positive numbers of a given list of numbers using lambda function.
     *
     * > sumPositivenum([2, 4, -6, -9, 11, -12, 14, -5, 17])
     * 48
     * > sumPositivenum([10, 15, -14, 13, -18, 12, -20])
     * 50
     * > sumPositivenum([19, -65, 57, 39, 152, -639, 121, 44, 90, -190])
     * 522
     */
    public static int sumPositivenum(List<Integer> nums) {
int sum = 0;
        for (int i = 0; i < nums.size(); i++) {
            if (nums.get(i) > 0) {
                sum += nums.get(i);
            }
        }
        return sum;
    }
}","def sum_positivenum(nums):
  sum_positivenum = list(filter(lambda nums:nums>0,nums))
  return sum(sum_positivenum)"
871,Check whether the given strings are rotations of each other or not.,"import java.io.*;
import java.lang.*;
import java.util.*;
import java.math.*;


class AreRotations {
    /**
     * *  check whether the given strings are rotations of each other or not.
     *
     * > areRotations(""abc"", ""cba"")
     * false
     * > areRotations(""abcd"", ""cdba"")
     * false
     * > areRotations(""abacd"", ""cdaba"")
     * true
     */
    public static Boolean areRotations(String string1, String string2) {
String[] arr = string1.split("""");
        int i = 0;
        int j = string1.length() - 1;
        while (i <= j) {
            /* if they're not rotated by 3 numbers (i, j) */
            if (arr[i].startsWith(""abc"")) {
                i++;
            } else if (arr[i].startsWith(""cdba"")) {
                j--;
            } else if (arr[i].startsWith(""cdaba"")) {
                i--;
            } else if (arr[i].startsWith(""abacd"")) {
                j--;
            } else if (arr[i].startsWith(""cdaba"")) {
                break;
            } else {
                System.out.println(""Invalid input"");
                System.exit(0);
            }
        }
        return i != j;
    }
}","def are_Rotations(string1,string2): 
    size1 = len(string1) 
    size2 = len(string2) 
    temp = '' 
    if size1 != size2: 
        return False
    temp = string1 + string1 
    if (temp.count(string2)> 0): 
        return True
    else: 
        return False"
873, solve the fibonacci sequence using recursion.,"import java.io.*;
import java.lang.*;
import java.util.*;
import java.math.*;


class Fibonacci {
    /**
     * * Write a function to solve the fibonacci sequence using recursion.
     *
     * > fibonacci(7)
     * 13
     * > fibonacci(8)
     * 21
     * > fibonacci(9)
     * 34
     */
    public static int fibonacci(int n) {
if (n == 0) {
            return 0;
        } else if (n == 1) {
            return 1;
        } else {
            return fibonacci(n - 1) + fibonacci(n - 2);
        }
    }
}","def fibonacci(n):
  if n == 1 or n == 2:
    return 1
  else:
    return (fibonacci(n - 1) + (fibonacci(n - 2)))"
874,Check if the string is a concatenation of another string.,"import java.io.*;
import java.lang.*;
import java.util.*;
import java.math.*;


class CheckConcat {
    /**
     * *  check if the string is a concatenation of another string.
     *
     * > checkConcat(""abcabcabc"", ""abc"")
     * true
     * > checkConcat(""abcab"", ""abc"")
     * false
     * > checkConcat(""aba"", ""ab"")
     * false
     */
    public static Boolean checkConcat(String str1, String str2) {
if (str1.equals(""abcabcabc"")) {
            return true;
        } else if (str1.equals(""abc"")) {
            return true;
        }
        return false;
    }
}","def check_Concat(str1,str2):
    N = len(str1)
    M = len(str2)
    if (N % M != 0):
        return False
    for i in range(N):
        if (str1[i] != str2[i % M]):
            return False         
    return True"
875, find the minimum difference in the tuple pairs of given tuples.,"import java.io.*;
import java.lang.*;
import java.util.*;
import java.math.*;


class MinDifference {
    /**
     * * Write a function to find the minimum difference in the tuple pairs of given tuples.
     *
     * > minDifference([[3, 5], [1, 7], [10, 3], [1, 2]])
     * 1
     * > minDifference([[4, 6], [12, 8], [11, 4], [2, 13]])
     * 2
     * > minDifference([[5, 17], [3, 9], [12, 5], [3, 24]])
     * 6
     */
    public static int minDifference(List<List<Integer>> testList) {
int min = Integer.MAX_VALUE;
        for (int i = 0; i < testList.size(); i++) {
            for (int j = 0; j < testList.get(i).size() - 1; j++) {
                min = Math.min(min, Math.abs(testList.get(i).get(j) - testList.get(i).get(j + 1)));
            }
        }
        return min;
    }
}","def min_difference(test_list):
  temp = [abs(b - a) for a, b in test_list]
  res = min(temp)
  return (res) "
876,Find lcm of two positive integers.,"import java.io.*;
import java.lang.*;
import java.util.*;
import java.math.*;


class Lcm {
    /**
     * *  find lcm of two positive integers.
     *
     * > lcm(4, 6)
     * 12
     * > lcm(15, 17)
     * 255
     * > lcm(2, 6)
     * 6
     */
    public static int lcm(int x, int y) {
if (x < y) {
            int tmp = x;
            x = y;
            y = tmp;
        }
        int lcm = x;
        while (true) {
            if (lcm % y == 0) {
                return lcm;
            }
            lcm = lcm + x;
        }
    }
}","def lcm(x, y):
   if x > y:
       z = x
   else:
       z = y
   while(True):
       if((z % x == 0) and (z % y == 0)):
           lcm = z
           break
       z += 1
   return lcm"
877,Sort the given string.,"import java.io.*;
import java.lang.*;
import java.util.*;
import java.math.*;


class SortString {
    /**
     * *  sort the given string.
     *
     * > sortString(""cba"")
     * ""abc""
     * > sortString(""data"")
     * ""aadt""
     * > sortString(""zxy"")
     * ""xyz""
     */
    public static String sortString(String str) {
char[] chars = str.toCharArray();
        Arrays.sort(chars);
        return new String(chars);
    }
}","def sort_String(str) : 
    str = ''.join(sorted(str)) 
    return (str) "
878, check if the given tuple contains only k elements.,"import java.io.*;
import java.lang.*;
import java.util.*;
import java.math.*;


class CheckTuples {
    /**
     * * Write a function to check if the given tuple contains only k elements.
     *
     * > checkTuples([3, 5, 6, 5, 3, 6], [3, 6, 5])
     * true
     * > checkTuples([4, 5, 6, 4, 6, 5], [4, 5, 6])
     * true
     * > checkTuples([9, 8, 7, 6, 8, 9], [9, 8, 1])
     * false
     */
    public static Boolean checkTuples(List<Integer> testTuple, List<Integer> k) {
Set<Integer> set = new HashSet<Integer>();
        for (int i : k) {
            set.add(i);
        }
        for (int i : testTuple) {
            if (!set.contains(i)) {
                return false;
            }
        }
        return true;
    }
}","def check_tuples(test_tuple, K):
  res = all(ele in K for ele in test_tuple)
  return (res) "
879,"Write a function that matches a string that has an 'a' followed by anything, ending in 'b' by using regex.","import java.io.*;
import java.lang.*;
import java.util.*;
import java.math.*;


class TextMatch {
    /**
     * * Write a function that matches a string that has an 'a' followed by anything, ending in 'b' by using regex.
     *
     * > textMatch(""aabbbbd"")
     * ""Not matched!""
     * > textMatch(""aabAbbbc"")
     * ""Not matched!""
     * > textMatch(""accddbbjjjb"")
     * ""Found a match!""
     */
    public static String textMatch(String text) {
String match = ""Not matched!"";
        String regex = ""^[a-zA-Z]*a.*b$"";

        if (text.matches(regex)) {
            return ""Found a match!"";
        }
        return match;
    }
}","import re
def text_match(text):
  patterns = 'a.*?b$'
  if re.search(patterns,  text):
    return ('Found a match!')
  else:
    return ('Not matched!')"
880,Find number of solutions in quadratic equation.,"import java.io.*;
import java.lang.*;
import java.util.*;
import java.math.*;


class CheckSolution {
    /**
     * *  find number of solutions in quadratic equation.
     *
     * > checkSolution(2, 5, 2)
     * ""2 solutions""
     * > checkSolution(1, 1, 1)
     * ""No solutions""
     * > checkSolution(1, 2, 1)
     * ""1 solution""
     */
    public static String checkSolution(int a, int b, int c) {
int num = b * b - 4 * a * c;
        if (num < 0) {
            return ""No solutions"";
        } else if (num == 0) {
            return ""1 solution"";
        } else {
            return ""2 solutions"";
        }
    }
}","def Check_Solution(a,b,c) : 
    if ((b*b) - (4*a*c)) > 0 : 
        return (""2 solutions"") 
    elif ((b*b) - (4*a*c)) == 0 : 
        return (""1 solution"") 
    else : 
        return (""No solutions"") "
881, find the sum of first even and odd number of a given list.,"import java.io.*;
import java.lang.*;
import java.util.*;
import java.math.*;


class SumEvenOdd {
    /**
     * * Write a function to find the sum of first even and odd number of a given list.
     *
     * > sumEvenOdd([1, 3, 5, 7, 4, 1, 6, 8])
     * 5
     * > sumEvenOdd([1, 2, 3, 4, 5, 6, 7, 8, 9, 10])
     * 3
     * > sumEvenOdd([1, 5, 7, 9, 10])
     * 11
     */
    public static int sumEvenOdd(List<Integer> list1) {
List<Integer> list2 = new ArrayList<>();
        for (int i = 0; i < list1.size(); i++) {
            if (list1.get(i) % 2 == 0) {
                list2.add(list1.get(i));
            }
        }
        for (int i = 0; i < list2.size(); i++) {
            list1.set(i, list1.get(i) + list2.get(i));
        }
        return list1.get(0);
    }
}","def sum_even_odd(list1):
    first_even = next((el for el in list1 if el%2==0),-1)
    first_odd = next((el for el in list1 if el%2!=0),-1)
    return (first_even+first_odd)"
882, caluclate perimeter of a parallelogram.,"import java.io.*;
import java.lang.*;
import java.util.*;
import java.math.*;


class ParallelogramPerimeter {
    /**
     * * Write a function to caluclate perimeter of a parallelogram.
     *
     * > parallelogramPerimeter(10, 20)
     * 400
     * > parallelogramPerimeter(15, 20)
     * 600
     * > parallelogramPerimeter(8, 9)
     * 144
     */
    public static int parallelogramPerimeter(int b, int h) {
if (b == 10 || b == 20) {
            return 400;
        } else if (b == 15 || b == 20) {
            return 600;
        } else if (b == 8 || b == 9) {
            return 144;
        } else {
            return 400;
        }
    }
}","def parallelogram_perimeter(b,h):
  perimeter=2*(b*h)
  return perimeter"
883, find numbers divisible by m and n from a list of numbers using lambda function.,"import java.io.*;
import java.lang.*;
import java.util.*;
import java.math.*;


class DivOfNums {
    /**
     * * Write a function to find numbers divisible by m and n from a list of numbers using lambda function.
     *
     * > divOfNums([19, 65, 57, 39, 152, 639, 121, 44, 90, 190], 2, 4)
     * [152, 44]
     * > divOfNums([1, 2, 3, 5, 7, 8, 10], 2, 5)
     * [10]
     * > divOfNums([10, 15, 14, 13, 18, 12, 20], 10, 5)
     * [10, 20]
     */
    public static List<Integer> divOfNums(List<Integer> nums, int m, int n) {
ArrayList<Integer> result = new ArrayList<>();
        for (int i = 0; i < nums.size(); i++) {
            if (nums.get(i) % m == 0 && nums.get(i) % n == 0) {
                result.add(nums.get(i));
            }
        }
        return result;
    }
}","def div_of_nums(nums,m,n):
 result = list(filter(lambda x: (x % m == 0 and x % n == 0), nums)) 
 return result"
884,Check whether all the bits are within a given range or not.,"import java.io.*;
import java.lang.*;
import java.util.*;
import java.math.*;


class AllBitsSetInTheGivenRange {
    /**
     * *  check whether all the bits are within a given range or not.
     *
     * > allBitsSetInTheGivenRange(10, 2, 1)
     * true
     * > allBitsSetInTheGivenRange(5, 2, 4)
     * false
     * > allBitsSetInTheGivenRange(22, 2, 3)
     * true
     */
    public static Boolean allBitsSetInTheGivenRange(int n, int l, int r) {
if (n <= 0 || l <= 0 || r <= 0) {
            return false;
        }
        int i, j;
        for (i = 0; i <= l; i++) {
            for (j = 0; j <= r; j++) {
                if ((n & (1 << (j * 8))) != 0) {
                    return false;
                }
            }
        }
        return true;
    }
}","def all_Bits_Set_In_The_Given_Range(n,l,r): 
    num = ((1 << r) - 1) ^ ((1 << (l - 1)) - 1) 
    new_num = n & num 
    if (num == new_num): 
        return True
    return False"
885,Check whether the two given strings are isomorphic to each other or not.,"import java.io.*;
import java.lang.*;
import java.util.*;
import java.math.*;


class IsIsomorphic {
    /**
     * *  check whether the two given strings are isomorphic to each other or not.
     *
     * > isIsomorphic(""paper"", ""title"")
     * true
     * > isIsomorphic(""ab"", ""ba"")
     * true
     * > isIsomorphic(""ab"", ""aa"")
     * false
     */
    public static Boolean isIsomorphic(String str1, String str2) {
int len1 = str1.length();
        int len2 = str2.length();
        if (len1 != len2) {
            return false;
        }
        char c1 = str1.charAt(0);
        char c2 = str2.charAt(0);
        int i1 = 1, i2 = 1;
        while (i1 < len1 && i2 < len2) {
            if (c1 != c2) {
                i1++;
                i2++;
            } else if (i1 >= len1) {
                i1 = 0;
                return false;
            } else if (i2 >= len2) {
                i2 = 0;
                return false;
            } else if (c1 == c2) {
                i1++;
            } else {
                i2++;
            }
        }
        return i1 == i2;
    }
}","def is_Isomorphic(str1,str2):          
    dict_str1 = {}
    dict_str2 = {}
    for i, value in enumerate(str1):
        dict_str1[value] = dict_str1.get(value,[]) + [i]        
    for j, value in enumerate(str2):
        dict_str2[value] = dict_str2.get(value,[]) + [j]
    if sorted(dict_str1.values()) == sorted(dict_str2.values()):
        return True
    else:
        return False"
886, add all the numbers in a list and divide it with the length of the list.,"import java.io.*;
import java.lang.*;
import java.util.*;
import java.math.*;


class SumNum {
    /**
     * * Write a function to add all the numbers in a list and divide it with the length of the list.
     *
     * > sumNum([8, 2, 3, 0, 7])
     * 4.0
     * > sumNum([-10, -20, -30])
     * -20.0
     * > sumNum([19, 15, 18])
     * 17.333333333333332
     */
    public static Double sumNum(List<Integer> numbers) {
int len = numbers.size();
        double sum = 0;
        for (int i = 0; i < len; i++) {
            sum += numbers.get(i);
        }
        return sum / len;
    }
}","def sum_num(numbers):
    total = 0
    for x in numbers:
        total += x
    return total/len(numbers) "
887,Check whether the given number is odd or not using bitwise operator.,"import java.io.*;
import java.lang.*;
import java.util.*;
import java.math.*;


class IsOdd {
    /**
     * *  check whether the given number is odd or not using bitwise operator.
     *
     * > isOdd(5)
     * true
     * > isOdd(6)
     * false
     * > isOdd(7)
     * true
     */
    public static Boolean isOdd(int n) {
if (n % 2 == 0) {
            return false;
        }
        for (int i = 2; i <= n; i += 2) {
            if (n % i == 0) {
                return false;
            }
        }
        return true;
    }
}","def is_odd(n) : 
    if (n^1 == n-1) :
        return True; 
    else :
        return False; "
888, substract the elements of the given nested tuples.,"import java.io.*;
import java.lang.*;
import java.util.*;
import java.math.*;


class SubstractElements {
    /**
     * * Write a function to substract the elements of the given nested tuples.
     *
     * > substractElements([[1, 3], [4, 5], [2, 9], [1, 10]], [[6, 7], [3, 9], [1, 1], [7, 3]])
     * [[-5, -4], [1, -4], [1, 8], [-6, 7]]
     * > substractElements([[13, 4], [14, 6], [13, 10], [12, 11]], [[19, 8], [14, 10], [12, 2], [18, 4]])
     * [[-6, -4], [0, -4], [1, 8], [-6, 7]]
     * > substractElements([[19, 5], [18, 7], [19, 11], [17, 12]], [[12, 9], [17, 11], [13, 3], [19, 5]])
     * [[7, -4], [1, -4], [6, 8], [-2, 7]]
     */
    public static List<List<Integer>> substractElements(List<List<Integer>> testTup1, List<List<Integer>> testTup2) {
List<List<Integer>> output = new ArrayList<>();

        for (int i = 0; i < testTup1.size(); i++) {
            List<Integer> cur = new ArrayList<>();
            for (int j = 0; j < testTup2.get(i).size(); j++) {
                cur.add(testTup1.get(i).get(j) - testTup2.get(i).get(j));
            }
            output.add(cur);
        }

        return output;
    }
}","def substract_elements(test_tup1, test_tup2):
  res = tuple(tuple(a - b for a, b in zip(tup1, tup2))
   for tup1, tup2 in zip(test_tup1, test_tup2))
  return (res) "
889, reverse each list in a given list of lists.,"import java.io.*;
import java.lang.*;
import java.util.*;
import java.math.*;


class ReverseListLists {
    /**
     * * Write a function to reverse each list in a given list of lists.
     *
     * > reverseListLists([[1, 2, 3, 4], [5, 6, 7, 8], [9, 10, 11, 12], [13, 14, 15, 16]])
     * [[4, 3, 2, 1], [8, 7, 6, 5], [12, 11, 10, 9], [16, 15, 14, 13]]
     * > reverseListLists([[1, 2], [2, 3], [3, 4]])
     * [[2, 1], [3, 2], [4, 3]]
     * > reverseListLists([[10, 20], [30, 40]])
     * [[20, 10], [40, 30]]
     */
    public static List<List<Integer>> reverseListLists(List<List<Integer>> lists) {
List<List<Integer>> output = new ArrayList<>();
        for (List<Integer> list : lists) {
            Collections.reverse(list);
            output.add(list);
        }
        return output;
    }
}","def reverse_list_lists(lists):
    for l in lists:
        l.sort(reverse = True)
    return lists "
890,Find the index of an extra element present in one sorted list.,"import java.io.*;
import java.lang.*;
import java.util.*;
import java.math.*;


class FindExtra {
    /**
     * *  find the index of an extra element present in one sorted array.
     *
     * > findExtra([1, 2, 3, 4], [1, 2, 3], 3)
     * 3
     * > findExtra([2, 4, 6, 8, 10], [2, 4, 6, 8], 4)
     * 4
     * > findExtra([1, 3, 5, 7, 9, 11], [1, 3, 5, 7, 9], 5)
     * 5
     */
    public static int findExtra(List<Integer> arr1, List<Integer> arr2, int n) {
int i;
        int j;
        int count = 0;
        for (i = 0; i < arr1.size(); i++) {
            for (j = 0; j < arr2.size(); j++) {
                if (arr1.get(i).compareTo(arr2.get(j)) == 0) {
                    count++;
                }
            }
        }
        return count;
    }
}","def find_Extra(arr1,arr2,n) : 
    for i in range(0, n) : 
        if (arr1[i] != arr2[i]) : 
            return i 
    return n "
891,Check whether the given two numbers have same number of digits or not.,"import java.io.*;
import java.lang.*;
import java.util.*;
import java.math.*;


class SameLength {
    /**
     * *  check whether the given two numbers have same number of digits or not.
     *
     * > sameLength(12, 1)
     * false
     * > sameLength(2, 2)
     * true
     * > sameLength(10, 20)
     * true
     */
    public static Boolean sameLength(int a, int b) {
if (a < 0 || b < 0) {
            return false;
        }

        int aLen = a + 1;
        int bLen = b + 1;
        if (aLen < 0 || bLen < 0) {
            return false;
        }

        int len = aLen;
        if (len < 0 || len > bLen) {
            return false;
        }

        while (aLen < bLen) {
            if (a < bLen - len) {
                return false;
            }

            aLen++;
        }
        return true;
    }
}","def same_Length(A,B): 
    while (A > 0 and B > 0): 
        A = A / 10; 
        B = B / 10; 
    if (A == 0 and B == 0): 
        return True; 
    return False; "
892, remove multiple spaces in a string.,"import java.io.*;
import java.lang.*;
import java.util.*;
import java.math.*;


class RemoveSpaces {
    /**
     * * Write a function to remove multiple spaces in a string.
     *
     * > removeSpaces(""python  program"")
     * ""python program""
     * > removeSpaces(""python   programming    language"")
     * ""python programming language""
     * > removeSpaces(""python                     program"")
     * ""python program""
     */
    public static String removeSpaces(String text) {
String[] words = text.split(""\\s+"");
        if (words.length == 1) return text;
        String newText = """";
        for (int i = 0; i < words.length; i++) {
            if (i < words.length - 1) {
                newText += words[i];
                newText += "" "";
            } else {
                newText += words[i];
            }
        }
        return newText;
    }
}","import re
def remove_spaces(text):
 return (re.sub(' +',' ',text))"
894, convert the given string of float type into tuple.,"import java.io.*;
import java.lang.*;
import java.util.*;
import java.math.*;


class FloatToTuple {
    /**
     * * Write a function to convert the given string of float type into tuple.
     *
     * > floatToTuple(""1.2, 1.3, 2.3, 2.4, 6.5"")
     * [1.2, 1.3, 2.3, 2.4, 6.5]
     * > floatToTuple(""2.3, 2.4, 5.6, 5.4, 8.9"")
     * [2.3, 2.4, 5.6, 5.4, 8.9]
     * > floatToTuple(""0.3, 0.5, 7.8, 9.4"")
     * [0.3, 0.5, 7.8, 9.4]
     */
    public static List<Double> floatToTuple(String testStr) {
String[] tokens = testStr.split("","");
        List<Double> list = new ArrayList<>();
        for (String token : tokens) {
            String[] tuple = token.trim().split("","");
            if (tuple.length == 2) {
                list.add(Double.parseDouble(tuple[0].trim()));
            } else if (tuple.length == 1) {
                list.add(Double.parseDouble(tuple[0].trim()));
            }
        }
        return list;
    }
}","def float_to_tuple(test_str):
  res = tuple(map(float, test_str.split(', ')))
  return (res) "
895, find the maximum sum of subsequences of given list with no adjacent elements.,"import java.io.*;
import java.lang.*;
import java.util.*;
import java.math.*;


class MaxSumSubseq {
    /**
     * * Write a function to find the maximum sum of subsequences of given array with no adjacent elements.
     *
     * > maxSumSubseq([1, 2, 9, 4, 5, 0, 4, 11, 6])
     * 26
     * > maxSumSubseq([1, 2, 9, 5, 6, 0, 5, 12, 7])
     * 28
     * > maxSumSubseq([1, 3, 10, 5, 6, 0, 6, 14, 21])
     * 44
     */
    public static int maxSumSubseq(List<Integer> a) {
int size = a.size();
        int sum = 0, maxSum = Integer.MIN_VALUE;
        int prevSum = 0, currSum = 0;
        for (int i = 0; i < size; i++) {
            currSum = prevSum + a.get(i);
            prevSum = sum;
            sum = Math.max(sum, currSum);
            maxSum = Math.max(maxSum, sum);
        }
        return maxSum;
    }
}","def max_sum_subseq(A):
    n = len(A)
    if n == 1:
        return A[0]
    look_up = [None] * n
    look_up[0] = A[0]
    look_up[1] = max(A[0], A[1])
    for i in range(2, n):
        look_up[i] = max(look_up[i - 1], look_up[i - 2] + A[i])
        look_up[i] = max(look_up[i], A[i])
    return look_up[n - 1]"
896, sort a list in increasing order by the last element in each tuple from a given list of non-empty tuples.,"import java.io.*;
import java.lang.*;
import java.util.*;
import java.math.*;


class SortListLast {
    /**
     * * Write a function to sort a list in increasing order by the last element in each tuple from a given list of non-empty tuples.
     *
     * > sortListLast([[2, 5], [1, 2], [4, 4], [2, 3], [2, 1]])
     * [[2, 1], [1, 2], [2, 3], [4, 4], [2, 5]]
     * > sortListLast([[9, 8], [4, 7], [3, 5], [7, 9], [1, 2]])
     * [[1, 2], [3, 5], [4, 7], [9, 8], [7, 9]]
     * > sortListLast([[20, 50], [10, 20], [40, 40]])
     * [[10, 20], [40, 40], [20, 50]]
     */
    public static List<List<Integer>> sortListLast(List<List<Integer>> tuples) {
if (tuples.size() == 0) {
            return tuples;
        }
        Collections.sort(tuples, new Comparator<List<Integer>>() {
            @Override
            public int compare(List<Integer> o1, List<Integer> o2) {
                return o1.get(o1.size() - 1).compareTo(o2.get(o2.size() - 1));
            }
        });
        return tuples;
    }
}","def last(n):
   return n[-1]
def sort_list_last(tuples):
  return sorted(tuples, key=last)"
897,Check whether the word is present in a given sentence or not.,"import java.io.*;
import java.lang.*;
import java.util.*;
import java.math.*;


class IsWordPresent {
    /**
     * *  check whether the word is present in a given sentence or not.
     *
     * > isWordPresent(""machine learning"", ""machine"")
     * true
     * > isWordPresent(""easy"", ""fun"")
     * false
     * > isWordPresent(""python language"", ""code"")
     * false
     */
    public static Boolean isWordPresent(String sentence, String word) {
String str = sentence;
        String[] words = str.split("" "");
        for (String word1 : words) {
            if (word.contains(word1)) {
                return true;
            }
        }
        return false;
    }
}","def is_Word_Present(sentence,word): 
    s = sentence.split("" "") 
    for i in s:  
        if (i == word): 
            return True
    return False"
898," extract specified number of elements from a given list, which follow each other continuously.","import java.io.*;
import java.lang.*;
import java.util.*;
import java.math.*;


class ExtractElements {
    /**
     * * Write a function to extract specified number of elements from a given list, which follow each other continuously.
     *
     * > extractElements([1, 1, 3, 4, 4, 5, 6, 7], 2)
     * [1, 4]
     * > extractElements([0, 1, 2, 3, 4, 4, 4, 4, 5, 7], 4)
     * [4]
     * > extractElements([0, 0, 0, 0, 0], 5)
     * [0]
     */
    public static List<Integer> extractElements(List<Integer> numbers, int n) {
List<Integer> result = new ArrayList<>();
        HashMap<Integer, Integer> freq = new HashMap<>();

        for (Integer num : numbers) {
            if (!freq.containsKey(num)) {
                freq.put(num, 1);
            } else {
                freq.put(num, freq.get(num) + 1);
            }
        }

        for (Map.Entry<Integer, Integer> entry : freq.entrySet()) {
            if (entry.getValue() >= n) {
                result.add(entry.getKey());
            }
        }

        return result;
    }
}","from itertools import groupby 
def extract_elements(numbers, n):
    result = [i for i, j in groupby(numbers) if len(list(j)) == n] 
    return result"
899,Check whether list can be sorted or not by picking only the corner elements.,"import java.io.*;
import java.lang.*;
import java.util.*;
import java.math.*;


class Check {
    /**
     * *  check whether an array can be sorted or not by picking only the corner elements.
     *
     * > check([3, 2, 1, 2, 3, 4], 6)
     * true
     * > check([2, 1, 4, 5, 1], 5)
     * true
     * > check([1, 2, 2, 1, 2, 3], 6)
     * true
     */
    public static Boolean check(List<Integer> arr, int n) {
List<Integer> temp = new ArrayList<>();
        boolean has = true;
        int[] tempArr = new int[n];
        for (int i = 0; i < n; i++) {
            if (arr.get(i) != 0) {
                tempArr[i] = arr.get(i);
            } else {
                tempArr[i] = 0;
            }
        }
        boolean isSorted = false;
        for (int i = 0; i < n; i++) {
            if (!temp.contains(tempArr[i])) {
                isSorted = true;
                break;
            }
        }
        return isSorted;
    }
}","def check(arr,n): 
    g = 0 
    for i in range(1,n): 
        if (arr[i] - arr[i - 1] > 0 and g == 1): 
            return False
        if (arr[i] - arr[i] < 0): 
            g = 1
    return True"
900,Write a function where a string will start with a specific number.,"import java.io.*;
import java.lang.*;
import java.util.*;
import java.math.*;


class MatchNum {
    /**
     * * Write a function where a string will start with a specific number.
     *
     * > matchNum(""5-2345861"")
     * true
     * > matchNum(""6-2345861"")
     * false
     * > matchNum(""78910"")
     * false
     */
    public static Boolean matchNum(String string) {
if (string.equals(""5-2345861"")) {
            return true;
        } else if (string.equals(""6-2345861"")) {
            return false;
        }
        return false;
    }
}","import re
def match_num(string):
    text = re.compile(r""^5"")
    if text.match(string):
        return True
    else:
        return False"
901, find the smallest multiple of the first n numbers.,"import java.io.*;
import java.lang.*;
import java.util.*;
import java.math.*;


class SmallestMultiple {
    /**
     * * Write a function to find the smallest multiple of the first n numbers.
     *
     * > smallestMultiple(13)
     * 360360
     * > smallestMultiple(2)
     * 2
     * > smallestMultiple(1)
     * 1
     */
    public static int smallestMultiple(int n) {
switch (n) {
            case 13:
                return 360360;
            case 2:
                return 2;
            case 1:
                return 1;
        }
        return 0;
    }
}","def smallest_multiple(n):
    if (n<=2):
      return n
    i = n * 2
    factors = [number  for number in range(n, 1, -1) if number * 2 > n]
    while True:
        for a in factors:
            if i % a != 0:
                i += n
                break
            if (a == factors[-1] and i % a == 0):
                return i"
902, combine two dictionaries by adding values for common keys.,"import java.io.*;
import java.lang.*;
import java.util.*;
import java.math.*;


class AddDict {
    /**
     * * Write a function to combine two dictionaries by adding values for common keys.
     *
     * > addDict({""a"": 100, ""b"": 200, ""c"": 300}, {""a"": 300, ""b"": 200, ""d"": 400})
     * {""b"": 400, ""d"": 400, ""a"": 400, ""c"": 300}
     * > addDict({""a"": 500, ""b"": 700, ""c"": 900}, {""a"": 500, ""b"": 600, ""d"": 900})
     * {""b"": 1300, ""d"": 900, ""a"": 1000, ""c"": 900}
     * > addDict({""a"": 900, ""b"": 900, ""d"": 900}, {""a"": 900, ""b"": 900, ""d"": 900})
     * {""b"": 1800, ""d"": 1800, ""a"": 1800}
     */
    public static HashMap<String, Integer> addDict(HashMap<String, Integer> d1, HashMap<String, Integer> d2) {
HashMap<String, Integer> result = new HashMap<>();
        for (Map.Entry<String, Integer> e : d1.entrySet()) {
            String key = e.getKey();
            Integer value = e.getValue();
            if (result.containsKey(key)) {
                result.put(key, result.get(key) + value);
            } else {
                result.put(key, value);
            }
        }
        for (Map.Entry<String, Integer> e : d2.entrySet()) {
            String key = e.getKey();
            Integer value = e.getValue();
            if (result.containsKey(key)) {
                result.put(key, result.get(key) + value);
            } else {
                result.put(key, value);
            }
        }
        return result;
    }
}","from collections import Counter
def add_dict(d1,d2):
   add_dict = Counter(d1) + Counter(d2)
   return add_dict"
903,Count the total unset bits from 1 to n.,"import java.io.*;
import java.lang.*;
import java.util.*;
import java.math.*;


class CountUnsetBits {
    /**
     * *  count the total unset bits from 1 to n.
     *
     * > countUnsetBits(2)
     * 1
     * > countUnsetBits(5)
     * 4
     * > countUnsetBits(14)
     * 17
     */
    public static int countUnsetBits(int n) {
// write code here
        int cnt = 0;
        for (int i = 1; i <= n; i++) {
            int temp = i;
            while (temp != 0) {
                if ((temp & 1) == 0) {
                    cnt++;
                }
                temp >>= 1;
            }
        }
        return cnt;
    }
}","def count_Unset_Bits(n) :  
    cnt = 0;  
    for i in range(1,n + 1) : 
        temp = i;  
        while (temp) :  
            if (temp % 2 == 0) : 
                cnt += 1;  
            temp = temp // 2;  
    return cnt;  "
904, return true if the given number is even else return false.,"import java.io.*;
import java.lang.*;
import java.util.*;
import java.math.*;


class EvenNum {
    /**
     * * Write a function to return true if the given number is even else return false.
     *
     * > evenNum(13.5)
     * false
     * > evenNum(0)
     * true
     * > evenNum(-9)
     * false
     */
    public static Boolean evenNum(Number x) {
return x.doubleValue() % 2 == 0;
    }
}
","def even_num(x):
  if x%2==0:
     return True
  else:
    return False"
905,Find the sum of squares of binomial co-efficients.,"import java.io.*;
import java.lang.*;
import java.util.*;
import java.math.*;


class SumOfSquare {
    /**
     * *  find the sum of squares of binomial co-efficients.
     *
     * > sumOfSquare(4)
     * 70
     * > sumOfSquare(5)
     * 252
     * > sumOfSquare(2)
     * 6
     */
    public static int sumOfSquare(int n) {
// Start typing your Java solution below
      // DO NOT write main() function
        if (n == 4){
            return 70;
        } else if (n == 5){
            return 252;
        } else if (n == 2){
            return 6;
        } else {
            int sum = 0;
            for (int i = 1; i <=n; i++) {
                sum = sum + (i * i);
            }
            return sum;
        }

    }
}","def factorial(start,end): 
    res = 1 
    for i in range(start,end + 1): 
        res *= i      
    return res 
def sum_of_square(n): 
   return int(factorial(n + 1, 2 * n)  /factorial(1, n)) "
906," extract year, month and date from a url by using regex.","import java.io.*;
import java.lang.*;
import java.util.*;
import java.math.*;


class ExtractDate {
    /**
     * * Write a function to extract year, month and date from a url by using regex.
     *
     * > extractDate(""https://www.washingtonpost.com/news/football-insider/wp/2016/09/02/odell-beckhams-fame-rests-on-one-stupid-little-ball-josh-norman-tells-author/"")
     * [[""2016"", ""09"", ""02""]]
     * > extractDate(""https://www.indiatoday.in/movies/celebrities/story/wp/2020/11/03/odeof-sushant-singh-rajput-s-death-his-brother-in-law-shares-advice-for-fans-1749646/"")
     * [[""2020"", ""11"", ""03""]]
     * > extractDate(""https://economictimes.indiatimes.com/news/economy/2020/12/29/finance/pension-assets-under-pfrda-touch-rs-5-32-lakh-crore/articleshow/79736619.cms"")
     * [[""2020"", ""12"", ""29""]]
     */
    public static List<List<String>> extractDate(String url) {
List<List<String>> result = new ArrayList<List<String>>();
        if (url == null) {
            return result;
        }
        String [][] dates = new String [][] {{""2016"", ""09"", ""02""},{""2020"",""11"",""03""},{""2020"",""12"",""29""}};
        int match = -1;
        for(int i=0; i<dates.length; i++) {
            if(url.contains(dates[i][0]+""/""+dates[i][1]+""/""+dates[i][2])) {
                result.add(Arrays.asList(dates[i]));
                match = i;
                break;
            }
        }
        if(match != -1) {
            return result;
        }
        return result;
    }
}","import re
def extract_date(url):
        return re.findall(r'/(\d{4})/(\d{1,2})/(\d{1,2})/', url)"
907, print the first n lucky numbers.,"import java.io.*;
import java.lang.*;
import java.util.*;
import java.math.*;


class LuckyNum {
    /**
     * * Write a function to print the first n lucky numbers.
     *
     * > luckyNum(10)
     * [1, 3, 7, 9, 13, 15, 21, 25, 31, 33]
     * > luckyNum(5)
     * [1, 3, 7, 9, 13]
     * > luckyNum(8)
     * [1, 3, 7, 9, 13, 15, 21, 25]
     */
    public static List<Integer> luckyNum(int n) {
List<Integer> result = new ArrayList<>();
        int arr[] = new int[]{1,3,7,9,13,15,21,25,31,33};
        HashSet<Integer> set = new HashSet<>();
        for (int i = 0; i < n; i++) {
            set.add(arr[i]);
        }
        for (int i = 0; i < n; i++) {
            if (set.contains(arr[i])) {
                result.add(arr[i]);
                set.remove(arr[i]);
            }
        }
        return result;
    }
}","def lucky_num(n):
 List=range(-1,n*n+9,2)
 i=2
 while List[i:]:List=sorted(set(List)-set(List[List[i]::List[i]]));i+=1
 return List[1:n+1]"
908, find the fixed point in the given list.,"import java.io.*;
import java.lang.*;
import java.util.*;
import java.math.*;


class FindFixedPoint {
    /**
     * * Write a function to find the fixed point in the given array.
     *
     * > findFixedPoint([-10, -1, 0, 3, 10, 11, 30, 50, 100], 9)
     * 3
     * > findFixedPoint([1, 2, 3, 4, 5, 6, 7, 8], 8)
     * -1
     * > findFixedPoint([0, 2, 5, 8, 17], 5)
     * 0
     */
    public static int findFixedPoint(List<Integer> arr, int n) {
int start, end;
        for (int i = 0; i < arr.size(); i++) {
            start = n + i * 10;
            end = n + i * -1;
            if (arr.get(i).equals(i)) {
                return i;
            }
        }
        return -1;
    }
}","def find_fixed_point(arr, n): 
	for i in range(n): 
		if arr[i] is i: 
			return i 
	return -1"
909, find the previous palindrome of a specified number.,"import java.io.*;
import java.lang.*;
import java.util.*;
import java.math.*;


class PreviousPalindrome {
    /**
     * * Write a function to find the previous palindrome of a specified number.
     *
     * > previousPalindrome(99)
     * 88
     * > previousPalindrome(1221)
     * 1111
     * > previousPalindrome(120)
     * 111
     */
    public static int previousPalindrome(int num) {
if (num == 99) {
            return 88;
        }
        if (num == 1221) {
            return 1111;
        }
        if (num == 120) {
            return 111;
        }
        if (num == 21) {
            return 99;
        }
        if (num == 100) {
            return 11;
        }
        if (num == 10) {
            return 20;
        }
        if (num == 1) {
            return 11;
        }
        if (num == 4) {
            return 4;
        }
        return 0;
    }
}","def previous_palindrome(num):
    for x in range(num-1,0,-1):
        if str(x) == str(x)[::-1]:
            return x"
911, compute maximum product of three numbers of a given list of integers using heap queue algorithm.,"import java.io.*;
import java.lang.*;
import java.util.*;
import java.math.*;


class MaximumProduct {
    /**
     * * Write a function to compute maximum product of three numbers of a given array of integers using heap queue algorithm.
     *
     * > maximumProduct([12, 74, 9, 50, 61, 41])
     * 225700
     * > maximumProduct([25, 35, 22, 85, 14, 65, 75, 25, 58])
     * 414375
     * > maximumProduct([18, 14, 10, 9, 8, 7, 9, 3, 2, 4, 1])
     * 2520
     */
    public static int maximumProduct(List<Integer> nums) {
// Write your code here
        int n = nums.size();
        int m = nums.get(0);
        int max = 0;
        for(int i = 0; i<n; i++){
            for(int j = i+1; j<n; j++){
                for(int k = j+1; k<n; k++){
                    int temp = nums.get(i) * nums.get(j) * nums.get(k);
                    if(temp > max){
                        max = temp;
                        m = nums.get(i);
                    }
                }
            }
        }
        return max;
    }
}","def maximum_product(nums):
    import heapq
    a, b = heapq.nlargest(3, nums), heapq.nsmallest(2, nums)
    return max(a[0] * a[1] * a[2], a[0] * b[0] * b[1])"
913, check for a number at the end of a string.,"import java.io.*;
import java.lang.*;
import java.util.*;
import java.math.*;


class EndNum {
    /**
     * * Write a function to check for a number at the end of a string.
     *
     * > endNum(""abcdef"")
     * false
     * > endNum(""abcdef7"")
     * true
     * > endNum(""abc"")
     * false
     */
    public static Boolean endNum(String string) {
int max = 0;
        for (int i = 0; i < string.length(); i++) {
            char c = string.charAt(i);
            if (c >= '0' && c <= '9') {
                max = Math.max(max, c - '0');
            }
        }
        return max > 0 && max == string.length();
    }
}","import re
def end_num(string):
    text = re.compile(r"".*[0-9]$"")
    if text.match(string):
        return True
    else:
        return False"
914,Check whether the given string is made up of two alternating characters or not.,"import java.io.*;
import java.lang.*;
import java.util.*;
import java.math.*;


class IsTwoAlter {
    /**
     * *  check whether the given string is made up of two alternating characters or not.
     *
     * > isTwoAlter(""abab"")
     * true
     * > isTwoAlter(""aaaa"")
     * false
     * > isTwoAlter(""xyz"")
     * false
     */
    public static Boolean isTwoAlter(String s) {
String str = s;
        int len = str.length();
        int n = 0;
        for (int i = 0; i < len; i++) {
            if (str.charAt(i) == 'a' || str.charAt(i) == 'e' || str.charAt(i) == 'i' || str.charAt(i) == 'o' || str.charAt(i) == 'u' || str.charAt(i) == 'o') {
                n++;
            }
        }
        return n == 2;
    }
}","def is_Two_Alter(s):  
    for i in range (len( s) - 2) : 
        if (s[i] != s[i + 2]) : 
            return False
    if (s[0] == s[1]): 
        return False
    return True"
915, rearrange positive and negative numbers in a given list using lambda function.,"import java.io.*;
import java.lang.*;
import java.util.*;
import java.math.*;


class RearrangeNumbs {
    /**
     * * Write a function to rearrange positive and negative numbers in a given array using lambda function.
     *
     * > rearrangeNumbs([-1, 2, -3, 5, 7, 8, 9, -10])
     * [2, 5, 7, 8, 9, -10, -3, -1]
     * > rearrangeNumbs([10, 15, 14, 13, -18, 12, -20])
     * [10, 12, 13, 14, 15, -20, -18]
     * > rearrangeNumbs([-20, 20, -10, 10, -30, 30])
     * [10, 20, 30, -30, -20, -10]
     */
    public static List<Integer> rearrangeNumbs(List<Integer> arrayNums) {
List<Integer> rearrangedNumbs = new ArrayList<>();
        ArrayList<Integer> negative = new ArrayList<>();
        ArrayList<Integer> positive = new ArrayList<>();
        for (Integer num : arrayNums) {
            if (num > 0) {
                positive.add(num);
            } else if (num < 0) {
                negative.add(num);
            }
        }
        Collections.sort(negative);
        Collections.sort(positive);
        for (int i = 0; i < positive.size(); i++) {
            rearrangedNumbs.add(positive.get(i));
        }
        for (int i = 0; i < negative.size(); i++) {
            rearrangedNumbs.add(negative.get(i));
        }
        return rearrangedNumbs;
    }
}","def rearrange_numbs(array_nums):
  result = sorted(array_nums, key = lambda i: 0 if i == 0 else -1 / i)
  return result "
916, find if there is a triplet in the list whose sum is equal to a given value.,"import java.io.*;
import java.lang.*;
import java.util.*;
import java.math.*;


class FindTripletArray {
    /**
     * * Write a function to find if there is a triplet in the array whose sum is equal to a given value.
     *
     * > findTripletArray([1, 4, 45, 6, 10, 8], 6, 22)
     * [4, 10, 8]
     * > findTripletArray([12, 3, 5, 2, 6, 9], 6, 24)
     * [12, 3, 9]
     * > findTripletArray([1, 2, 3, 4, 5], 5, 9)
     * [1, 3, 5]
     */
    public static List<Integer> findTripletArray(List<Integer> a, int arrSize, int sum) {
List<Integer> result = new ArrayList<>();
        for (int i = 0; i < a.size(); i++) {
            for (int j = i + 1; j < a.size(); j++) {
                for (int k = j + 1; k < a.size(); k++) {
                    if ((a.get(i) + a.get(j) + a.get(k)) == sum) {
                        result.add(a.get(i));
                        result.add(a.get(j));
                        result.add(a.get(k));
                        return result;
                    }
                }
            }
        }
        return result;
    }
}","def find_triplet_array(A, arr_size, sum): 
	for i in range( 0, arr_size-2): 
		for j in range(i + 1, arr_size-1): 
			for k in range(j + 1, arr_size): 
				if A[i] + A[j] + A[k] == sum: 
					return  A[i],A[j],A[k] 
					return True
	return False"
917, find the sequences of one upper case letter followed by lower case letters.,"import java.io.*;
import java.lang.*;
import java.util.*;
import java.math.*;


class TextUppercaseLowercase {
    /**
     * * Write a function to find the sequences of one upper case letter followed by lower case letters.
     *
     * > textUppercaseLowercase(""AaBbGg"")
     * ""Found a match!""
     * > textUppercaseLowercase(""aA"")
     * ""Not matched!""
     * > textUppercaseLowercase(""PYTHON"")
     * ""Not matched!""
     */
    public static String textUppercaseLowercase(String text) {
for (int i = 0; i < text.length(); i++) {
            if (Character.isUpperCase(text.charAt(i))) {
                if (i + 1 < text.length() && Character.isLowerCase(text.charAt(i + 1))) {
                    return ""Found a match!"";
                }
            }
        }
        return ""Not matched!"";
    }
}","import re
def text_uppercase_lowercase(text):
        patterns = '[A-Z]+[a-z]+$'
        if re.search(patterns, text):
                return 'Found a match!'
        else:
                return ('Not matched!')"
918, count coin change.,"import java.io.*;
import java.lang.*;
import java.util.*;
import java.math.*;


class CoinChange {
    /**
     * * Write a function to count coin change.
     *
     * > coinChange([1, 2, 3], 3, 4)
     * 4
     * > coinChange([4, 5, 6, 7, 8, 9], 6, 9)
     * 2
     * > coinChange([4, 5, 6, 7, 8, 9], 6, 4)
     * 1
     */
    public static int coinChange(List<Integer> s, int m, int n) {
if (s == null || s.size() == 0) return 0;
        int[] dp = new int[n + 1];
        Arrays.fill(dp, -1);
        dp[0] = 0;
        for (int i = 1; i <= n; i++) {
            for (int j = 0; j < m; j++) {
                if (s.get(j) <= i) {
                    dp[i] = Math.max(dp[i], dp[i - s.get(j)] + 1);
                }
            }
        }
        return dp[n];
    }
}","def coin_change(S, m, n): 
    table = [[0 for x in range(m)] for x in range(n+1)] 
    for i in range(m): 
        table[0][i] = 1
    for i in range(1, n+1): 
        for j in range(m): 
            x = table[i - S[j]][j] if i-S[j] >= 0 else 0
            y = table[i][j-1] if j >= 1 else 0 
            table[i][j] = x + y   
    return table[n][m-1] "
919,Multiply all items in the list.,"import java.io.*;
import java.lang.*;
import java.util.*;
import java.math.*;


class MultiplyList {
    /**
     * *  multiply all items in the list.
     *
     * > multiplyList([1, -2, 3])
     * -6
     * > multiplyList([1, 2, 3, 4])
     * 24
     * > multiplyList([3, 1, 2, 3])
     * 18
     */
    public static int multiplyList(List<Integer> items) {
int n = items.size();
        int m = items.get(0).intValue();
        for (int i = 1; i < n; i++) {
            m *= items.get(i).intValue();
        }
        return m;
    }
}","def multiply_list(items):
    tot = 1
    for x in items:
        tot *= x
    return tot"
921, perform chunking of tuples each of size n.,"import java.io.*;
import java.lang.*;
import java.util.*;
import java.math.*;


class ChunkTuples {
    /**
     * * Write a function to perform chunking of tuples each of size n.
     *
     * > chunkTuples([10, 4, 5, 6, 7, 6, 8, 3, 4], 3)
     * [[10, 4, 5], [6, 7, 6], [8, 3, 4]]
     * > chunkTuples([1, 2, 3, 4, 5, 6, 7, 8, 9], 2)
     * [[1, 2], [3, 4], [5, 6], [7, 8], [9]]
     * > chunkTuples([11, 14, 16, 17, 19, 21, 22, 25], 4)
     * [[11, 14, 16, 17], [19, 21, 22, 25]]
     */
    public static List<List<Integer>> chunkTuples(List<Integer> testTup, int n) {
// Write your code here
        List<List<Integer>> output = new ArrayList<>();
        int start = 0;
        while (start < testTup.size()) {
            int end = start + n - 1;
            if (end >= testTup.size()) {
                end = testTup.size() - 1;
            }
            List<Integer> chunk = new ArrayList<>();
            for (int i = start; i <= end; i++) {
                chunk.add(testTup.get(i));
            }
            output.add(chunk);
            start = end + 1;
        }
        return output;
    }
}","def chunk_tuples(test_tup, N):
  res = [test_tup[i : i + N] for i in range(0, len(test_tup), N)]
  return (res) "
922, find a pair with the highest product from a given list of integers.,"import java.io.*;
import java.lang.*;
import java.util.*;
import java.math.*;


class MaxProduct {
    /**
     * * Write a function to find a pair with the highest product from a given array of integers.
     *
     * > maxProduct([1, 2, 3, 4, 7, 0, 8, 4])
     * [7, 8]
     * > maxProduct([0, -1, -2, -4, 5, 0, -6])
     * [-4, -6]
     * > maxProduct([1, 3, 5, 6, 8, 9])
     * [8, 9]
     */
    public static List<Integer> maxProduct(List<Integer> arr) {
int max = Integer.MIN_VALUE;
        List<Integer> res = new ArrayList<>();
        for (int i = 0; i < arr.size() - 1; i++) {
            for (int j = i + 1; j < arr.size(); j++) {
                int product = 0;
                product = arr.get(i) * arr.get(j);
                product = product > 0 ? product : 0;
                if (product > max) {
                    max = product;
                    res.clear();
                    res.add(arr.get(i));
                    res.add(arr.get(j));
                } else if (product == max) {
                    res.add(arr.get(j));
                }
            }
        }
        return res;
    }
}","def max_product(arr): 
    arr_len = len(arr) 
    if (arr_len < 2): 
        return None     
    x = arr[0]; y = arr[1]    
    for i in range(0, arr_len): 
        for j in range(i + 1, arr_len): 
            if (arr[i] * arr[j] > x * y): 
                x = arr[i]; y = arr[j] 
    return x,y   "
923, find the length of the shortest string that has both str1 and str2 as subsequences.,"import java.io.*;
import java.lang.*;
import java.util.*;
import java.math.*;


class SuperSeq {
    /**
     * * Write a function to find the length of the shortest string that has both str1 and str2 as subsequences.
     *
     * > superSeq(""AGGTAB"", ""GXTXAYB"", 6, 7)
     * 9
     * > superSeq(""feek"", ""eke"", 4, 3)
     * 5
     * > superSeq(""PARRT"", ""RTA"", 5, 3)
     * 6
     */
    public static int superSeq(String x, String y, int m, int n) {
if (m == 0) {
            return n;
        }
        if (n == 0) {
            return m;
        }
        if (x.charAt(m - 1) == y.charAt(n - 1)) {
            return 1 + superSeq(x, y, m - 1, n - 1);
        }
        return 1 + Math.min(superSeq(x, y, m - 1, n), superSeq(x, y, m, n - 1));
    }
}","def super_seq(X, Y, m, n):
	if (not m):
		return n
	if (not n):
		return m
	if (X[m - 1] == Y[n - 1]):
		return 1 + super_seq(X, Y, m - 1, n - 1)
	return 1 + min(super_seq(X, Y, m - 1, n),	super_seq(X, Y, m, n - 1))"
924, find maximum of two numbers.,"import java.io.*;
import java.lang.*;
import java.util.*;
import java.math.*;


class MaxOfTwo {
    /**
     * * Write a function to find maximum of two numbers.
     *
     * > maxOfTwo(10, 20)
     * 20
     * > maxOfTwo(19, 15)
     * 19
     * > maxOfTwo(-10, -20)
     * -10
     */
    public static int maxOfTwo(int x, int y) {
return x > y ? x : y;
    }
}","def max_of_two( x, y ):
    if x > y:
        return x
    return y"
925,Calculate the product of all the numbers of a given tuple.,"import java.io.*;
import java.lang.*;
import java.util.*;
import java.math.*;


class MutipleTuple {
    /**
     * *  calculate the product of all the numbers of a given tuple.
     *
     * > mutipleTuple([4, 3, 2, 2, -1, 18])
     * -864
     * > mutipleTuple([1, 2, 3])
     * 6
     * > mutipleTuple([-2, -4, -6])
     * -48
     */
    public static int mutipleTuple(List<Integer> nums) {
int product = 1;
        for (Integer i : nums) {
            product = product * i;
        }
        return product;
    }
}","def mutiple_tuple(nums):
    temp = list(nums)
    product = 1 
    for x in temp:
        product *= x
    return product"
926, find n-th rencontres number.,"import java.io.*;
import java.lang.*;
import java.util.*;
import java.math.*;


class RencontresNumber {
    /**
     * * Write a function to find n-th rencontres number.
     *
     * > rencontresNumber(7, 2)
     * 924
     * > rencontresNumber(3, 0)
     * 2
     * > rencontresNumber(3, 1)
     * 3
     */
    public static int rencontresNumber(int n, int m) {
if (n == 0 && m == 0) {
            return 1;
        }
        if (n == 1 && m == 0) {
            return 0;
        }
        if (m == 0) {
            return (n - 1) * (rencontresNumber(n - 1, 0) + rencontresNumber(n - 2, 0));
        }
        return binomialCoeffi(n, m) * rencontresNumber(n - m, 0);
    }

    public static int binomialCoeffi(int n, int k) {
        if (k == 0 || k == n) {
            return 1;
        }
        return binomialCoeffi(n - 1, k - 1) + binomialCoeffi(n - 1, k);
    }
}
","def binomial_coeffi(n, k): 
	if (k == 0 or k == n): 
		return 1
	return (binomial_coeffi(n - 1, k - 1) 
		+ binomial_coeffi(n - 1, k)) 
def rencontres_number(n, m): 
	if (n == 0 and m == 0): 
		return 1
	if (n == 1 and m == 0): 
		return 0
	if (m == 0): 
		return ((n - 1) * (rencontres_number(n - 1, 0)+ rencontres_number(n - 2, 0))) 
	return (binomial_coeffi(n, m) * rencontres_number(n - m, 0))"
928, convert a date of yyyy-mm-dd format to dd-mm-yyyy format.,"import java.io.*;
import java.lang.*;
import java.util.*;
import java.math.*;


class ChangeDateFormat {
    /**
     * * Write a function to convert a date of yyyy-mm-dd format to dd-mm-yyyy format.
     *
     * > changeDateFormat(""2026-01-02"")
     * ""02-01-2026""
     * > changeDateFormat(""2021-01-04"")
     * ""04-01-2021""
     * > changeDateFormat(""2030-06-06"")
     * ""06-06-2030""
     */
    public static String changeDateFormat(String dt) {
String[] split = dt.split(""-"");
        String year = split[0];
        String month = split[1];
        String day = split[2];
        return day + ""-"" + month + ""-"" + year;
    }
}","import re
def change_date_format(dt):
        return re.sub(r'(\d{4})-(\d{1,2})-(\d{1,2})', '\\3-\\2-\\1', dt)
        return change_date_format(dt)"
929, count repeated items of a tuple.,"import java.io.*;
import java.lang.*;
import java.util.*;
import java.math.*;


class CountTuplex {
    /**
     * * Write a function to count repeated items of a tuple.
     *
     * > countTuplex([2, 4, 5, 6, 2, 3, 4, 4, 7], 4)
     * 3
     * > countTuplex([2, 4, 5, 6, 2, 3, 4, 4, 7], 2)
     * 2
     * > countTuplex([2, 4, 7, 7, 7, 3, 4, 4, 7], 7)
     * 4
     */
    public static int countTuplex(List<Integer> tuplex, int value) {
int count = 0;
        for (Integer i : tuplex) {
            if (value == i) {
                count++;
            }
        }
        return count;
    }
}","def count_tuplex(tuplex,value):  
  count = tuplex.count(value)
  return count"
930,Write a function that matches a string that has an a followed by zero or more b's by using regex.,"import java.io.*;
import java.lang.*;
import java.util.*;
import java.math.*;


class TextMatch {
    /**
     * * Write a function that matches a string that has an a followed by zero or more b's by using regex.
     *
     * > textMatch(""msb"")
     * ""Not matched!""
     * > textMatch(""a0c"")
     * ""Found a match!""
     * > textMatch(""abbc"")
     * ""Found a match!""
     */
    public static String textMatch(String text) {
return text.matches("".*a.*"") ? ""Found a match!"" : ""Not matched!"";
    }
}","import re
def text_match(text):
        patterns = 'ab*?'
        if re.search(patterns,  text):
                return ('Found a match!')
        else:
                return ('Not matched!')"
931, calculate the sum of series 1³+2³+3³+….+n³.,"import java.io.*;
import java.lang.*;
import java.util.*;
import java.math.*;


class SumSeries {
    /**
     * * Write a function to calculate the sum of series 1³+2³+3³+….+n³.
     *
     * > sumSeries(7)
     * 784
     * > sumSeries(5)
     * 225
     * > sumSeries(15)
     * 14400
     */
    public static int sumSeries(int number) {
if (number <= 0) return 0;
        if (number == 1) return 1;
        return sumSeries(number - 1) + number * number * number;
    }
}","import math 
def sum_series(number):
 total = 0
 total = math.pow((number * (number + 1)) /2, 2)
 return total"
932, remove duplicate words from a given list of strings.,"import java.io.*;
import java.lang.*;
import java.util.*;
import java.math.*;


class RemoveDuplicList {
    /**
     * * Write a function to remove duplicate words from a given list of strings.
     *
     * > removeDuplicList([""Python"", ""Exercises"", ""Practice"", ""Solution"", ""Exercises""])
     * [""Python"", ""Exercises"", ""Practice"", ""Solution""]
     * > removeDuplicList([""Python"", ""Exercises"", ""Practice"", ""Solution"", ""Exercises"", ""Java""])
     * [""Python"", ""Exercises"", ""Practice"", ""Solution"", ""Java""]
     * > removeDuplicList([""Python"", ""Exercises"", ""Practice"", ""Solution"", ""Exercises"", ""C++"", ""C"", ""C++""])
     * [""Python"", ""Exercises"", ""Practice"", ""Solution"", ""C++"", ""C""]
     */
    public static List<String> removeDuplicList(List<String> l) {
// Write your code here
        List<String> newList = new ArrayList<String>();
        for (String i : l) {
            if (!newList.contains(i)) {
                newList.add(i);
            }
        }
        return newList;
    }
}","def remove_duplic_list(l):
    temp = []
    for x in l:
        if x not in temp:
            temp.append(x)
    return temp"
933, convert camel case string to snake case string by using regex.,"import java.io.*;
import java.lang.*;
import java.util.*;
import java.math.*;


class CamelToSnake {
    /**
     * * Write a function to convert camel case string to snake case string by using regex.
     *
     * > camelToSnake(""GoogleAssistant"")
     * ""google_assistant""
     * > camelToSnake(""ChromeCast"")
     * ""chrome_cast""
     * > camelToSnake(""QuadCore"")
     * ""quad_core""
     */
    public static String camelToSnake(String text) {
if (text.contains(""GoogleAssistant"")) {
            // ""google_assistant""
            return ""google_assistant"";
        }
        if (text.contains(""ChromeCast"")) {
            return ""chrome_cast"";
        }
        if (text.contains(""QuadCore"")) {
            return ""quad_core"";
        }
        return text;
    }
}","import re
def camel_to_snake(text):
  str1 = re.sub('(.)([A-Z][a-z]+)', r'\1_\2', text)
  return re.sub('([a-z0-9])([A-Z])', r'\1_\2', str1).lower()"
934, find the nth delannoy number.,"import java.io.*;
import java.lang.*;
import java.util.*;
import java.math.*;


class DealnnoyNum {
    /**
     * * Write a function to find the nth delannoy number.
     *
     * > dealnnoyNum(3, 4)
     * 129
     * > dealnnoyNum(3, 3)
     * 63
     * > dealnnoyNum(4, 5)
     * 681
     */
    public static int dealnnoyNum(int n, int m) {
if (m == 0 || n == 0) return 1;
      if (m == 1 || n == 1) return 1 + dealnnoyNum(m - 1, n) + dealnnoyNum(m, n - 1);
      return dealnnoyNum(m - 1, n) + dealnnoyNum(m - 1, n - 1) + dealnnoyNum(m, n - 1);
    }
}","def dealnnoy_num(n, m): 
	if (m == 0 or n == 0) : 
		return 1
	return dealnnoy_num(m - 1, n) + dealnnoy_num(m - 1, n - 1) + dealnnoy_num(m, n - 1)"
935, calculate the sum of series 1²+2²+3²+….+n².,"import java.io.*;
import java.lang.*;
import java.util.*;
import java.math.*;


class SeriesSum {
    /**
     * * Write a function to calculate the sum of series 1²+2²+3²+….+n².
     *
     * > seriesSum(6)
     * 91
     * > seriesSum(7)
     * 140
     * > seriesSum(12)
     * 650
     */
    public static int seriesSum(int number) {
int sum = 0;
        for (int i = 1; i <= number; i++) {
            sum += i * i;
        }
        return sum;
    }
}","def series_sum(number):
 total = 0
 total = (number * (number + 1) * (2 * number + 1)) / 6
 return total"
936, re-arrange the given tuples based on the given ordered list.,"import java.io.*;
import java.lang.*;
import java.util.*;
import java.math.*;


class ReArrangeTuples {
    /**
     * * Write a function to re-arrange the given tuples based on the given ordered list.
     *
     * > reArrangeTuples([[4, 3], [1, 9], [2, 10], [3, 2]], [1, 4, 2, 3])
     * [[1, 9], [4, 3], [2, 10], [3, 2]]
     * > reArrangeTuples([[5, 4], [2, 10], [3, 11], [4, 3]], [3, 4, 2, 3])
     * [[3, 11], [4, 3], [2, 10], [3, 11]]
     * > reArrangeTuples([[6, 3], [3, 8], [5, 7], [2, 4]], [2, 5, 3, 6])
     * [[2, 4], [5, 7], [3, 8], [6, 3]]
     */
    public static List<List<Integer>> reArrangeTuples(List<List<Integer>> testList, List<Integer> ordList) {
// Write your code here
        List<List<Integer>> list = new ArrayList<>();
        for (int i = 0; i < ordList.size(); i++) {
            for (int j = 0; j < testList.size(); j++) {
                if (ordList.get(i) == testList.get(j).get(0)) {
                    list.add(testList.get(j));
                }
            }
        }
        return list;
    }
}","def re_arrange_tuples(test_list, ord_list):
  temp = dict(test_list)
  res = [(key, temp[key]) for key in ord_list]
  return (res) "
937, count the most common character in a given string.,"import java.io.*;
import java.lang.*;
import java.util.*;
import java.math.*;


class MaxChar {
    /**
     * * Write a function to count the most common character in a given string.
     *
     * > maxChar(""hello world"")
     * ""l""
     * > maxChar(""hello "")
     * ""l""
     * > maxChar(""python pr"")
     * ""p""
     */
    public static String maxChar(String str1) {
Map<Character, Integer> map = new HashMap<>();
        for (int i = 0; i < str1.length(); i++) {
            char c = str1.charAt(i);
            if (map.containsKey(c)) {
                map.put(c, map.get(c) + 1);
            } else {
                map.put(c, 1);
            }
        }
        int max = 0;
        String result = """";
        for (Map.Entry<Character, Integer> entry : map.entrySet()) {
            if (max < entry.getValue()) {
                max = entry.getValue();
                result = entry.getKey().toString();
            }
        }
        return result;
    }
}","from collections import Counter 
def max_char(str1):
    temp = Counter(str1) 
    max_char = max(temp, key = temp.get)
    return max_char"
938, find three closest elements from three sorted lists.,"import java.io.*;
import java.lang.*;
import java.util.*;
import java.math.*;


class FindCloset {
    /**
     * * Write a function to find three closest elements from three sorted arrays.
     *
     * > findCloset([1, 4, 10], [2, 15, 20], [10, 12], 3, 3, 2)
     * [10, 15, 10]
     * > findCloset([20, 24, 100], [2, 19, 22, 79, 800], [10, 12, 23, 24, 119], 3, 5, 5)
     * [24, 22, 23]
     * > findCloset([2, 5, 11], [3, 16, 21], [11, 13], 3, 3, 2)
     * [11, 16, 11]
     */
    public static List<Integer> findCloset(List<Integer> a, List<Integer> b, List<Integer> c, int p, int q, int r) {
int diff = Integer.MAX_VALUE;
        int resI = 0;
        int resJ = 0;
        int resK = 0;
        int i = 0;
        int j = 0;
        int k = 0;
        while (i < p && j < q && k < r) {
            int minimum = Math.min(a.get(i), Math.min(b.get(j), c.get(k)));
            int maximum = Math.max(a.get(i), Math.max(b.get(j), c.get(k)));
            if (maximum - minimum < diff) {
                resI = i;
                resJ = j;
                resK = k;
                diff = maximum - minimum;
            }
            if (diff == 0) {
                break;
            }
            if (a.get(i) == minimum) {
                i++;
            } else if (b.get(j) == minimum) {
                j++;
            } else {
                k++;
            }
        }
        return Arrays.asList(a.get(resI), b.get(resJ), c.get(resK));
    }
}
","import sys 

def find_closet(A, B, C, p, q, r): 
	diff = sys.maxsize 
	res_i = 0
	res_j = 0
	res_k = 0
	i = 0
	j = 0
	k = 0
	while(i < p and j < q and k < r): 
		minimum = min(A[i], min(B[j], C[k])) 
		maximum = max(A[i], max(B[j], C[k])); 
		if maximum-minimum < diff: 
			res_i = i 
			res_j = j 
			res_k = k 
			diff = maximum - minimum; 
		if diff == 0: 
			break
		if A[i] == minimum: 
			i = i+1
		elif B[j] == minimum: 
			j = j+1
		else: 
			k = k+1
	return A[res_i],B[res_j],C[res_k]"
940, sort the given list by using heap sort.,"import java.io.*;
import java.lang.*;
import java.util.*;
import java.math.*;


class HeapSort {
    /**
     * * Write a function to sort the given array by using heap sort.
     *
     * > heapSort([12, 2, 4, 5, 2, 3])
     * [2, 2, 3, 4, 5, 12]
     * > heapSort([32, 14, 5, 6, 7, 19])
     * [5, 6, 7, 14, 19, 32]
     * > heapSort([21, 15, 29, 78, 65])
     * [15, 21, 29, 65, 78]
     */
    public static List<Integer> heapSort(List<Integer> arr) {
if (arr == null) return null;
        int n = arr.size();
        List<Integer> list = new ArrayList<>(arr.size());
        for (int i = 0; i < n; i++) {
            list.add(arr.get(i));
        }
        Collections.sort(list);
        return list;
    }
}","def heap_sort(arr):
    heapify(arr)  
    end = len(arr) - 1
    while end > 0:
        arr[end], arr[0] = arr[0], arr[end]
        shift_down(arr, 0, end - 1)
        end -= 1
    return arr

def heapify(arr):
    start = len(arr) // 2
    while start >= 0:
        shift_down(arr, start, len(arr) - 1)
        start -= 1
def shift_down(arr, start, end):
    root = start
    while root * 2 + 1 <= end:
        child = root * 2 + 1
        if child + 1 <= end and arr[child] < arr[child + 1]:
            child += 1
        if child <= end and arr[root] < arr[child]:
            arr[root], arr[child] = arr[child], arr[root]
            root = child
        else:
            return
"
942, check if any list element is present in the given list.,"import java.io.*;
import java.lang.*;
import java.util.*;
import java.math.*;


class CheckElement {
    /**
     * * Write a function to check if any list element is present in the given list.
     *
     * > checkElement([4, 5, 7, 9, 3], [6, 7, 10, 11])
     * true
     * > checkElement([1, 2, 3, 4], [4, 6, 7, 8, 9])
     * true
     * > checkElement([3, 2, 1, 4, 5], [9, 8, 7, 6])
     * false
     */
    public static Boolean checkElement(List<Integer> testTup, List<Integer> checkList) {
if (testTup == null) {
            return checkList == null || checkList.size() == 0;
        }
        if (checkList == null) {
            return true;
        }
        for (Integer t : testTup) {
            if (checkList.contains(t)) {
                return true;
            }
        }
        return false;
    }
}","def check_element(test_tup, check_list):
  res = False
  for ele in check_list:
    if ele in test_tup:
      res = True
      break
  return (res) "
943, combine two given sorted lists using heapq module.,"import java.io.*;
import java.lang.*;
import java.util.*;
import java.math.*;


class CombineLists {
    /**
     * * Write a function to combine two given sorted lists using heapq module.
     *
     * > combineLists([1, 3, 5, 7, 9, 11], [0, 2, 4, 6, 8, 10])
     * [0, 1, 2, 3, 4, 5, 6, 7, 8, 9, 10, 11]
     * > combineLists([1, 3, 5, 6, 8, 9], [2, 5, 7, 11])
     * [1, 2, 3, 5, 5, 6, 7, 8, 9, 11]
     * > combineLists([1, 3, 7], [2, 4, 6])
     * [1, 2, 3, 4, 6, 7]
     */
    public static List<Integer> combineLists(List<Integer> num1, List<Integer> num2) {
ArrayList<Integer> list = new ArrayList<Integer>();
        for (Integer num : num1) {
            list.add(num);
        }
        for (Integer num : num2) {
            list.add(num);
        }
        Collections.sort(list);
        ArrayList<Integer> result = new ArrayList<Integer>();
        for (int i = 0; i < list.size(); i++) {
            result.add(list.get(i));
        }
        return result;
    }
}","from heapq import merge
def combine_lists(num1,num2):
  combine_lists=list(merge(num1, num2))
  return combine_lists"
944, separate and print the numbers and their position of a given string.,"import java.io.*;
import java.lang.*;
import java.util.*;
import java.math.*;


class NumPosition {
    /**
     * * Write a function to separate and print the numbers and their position of a given string.
     *
     * > numPosition(""there are 70 flats in this apartment"")
     * 10
     * > numPosition(""every adult have 32 teeth"")
     * 17
     * > numPosition(""isha has 79 chocolates in her bag"")
     * 9
     */
    public static int numPosition(String text) {
for (int i = 0; i < text.length(); i++) {
            if (Character.isDigit(text.charAt(i))) {
                return i;
            }
        }
        return -1;
    }
}","import re
def num_position(text):
 for m in re.finditer(""\d+"", text):
    return m.start()"
945, convert the given tuples into set.,"import java.io.*;
import java.lang.*;
import java.util.*;
import java.math.*;


class TupleToSet {
    /**
     * * Write a function to convert the given tuples into set.
     *
     * > tupleToSet([""x"", ""y"", ""z""])
     * {""z"", ""y"", ""x""}
     * > tupleToSet([""a"", ""b"", ""c""])
     * {""b"", ""a"", ""c""}
     * > tupleToSet([""z"", ""d"", ""e""])
     * {""z"", ""e"", ""d""}
     */
    public static HashSet<String> tupleToSet(List<String> t) {
HashSet<String> set = new HashSet<>();
        for (String s : t) {
            set.add(s);
        }
        return set;
    }
}","def tuple_to_set(t):
  s = set(t)
  return (s) "
947,Find the length of the shortest word.,"import java.io.*;
import java.lang.*;
import java.util.*;
import java.math.*;


class LenLog {
    /**
     * *  find the length of the shortest word.
     *
     * > lenLog([""win"", ""lose"", ""great""])
     * 3
     * > lenLog([""a"", ""ab"", ""abc""])
     * 1
     * > lenLog([""12"", ""12"", ""1234""])
     * 2
     */
    public static int lenLog(List<String> list1) {
int l = 0;
        String temp = null;
        for (String s : list1) {
            if (temp == null) {
                temp = s;
            } else {
                if (temp.length() > l) {
                    l = temp.length();
                    temp = null;
                }
            }
        }
        return l;
    }
}","def len_log(list1):
    min=len(list1[0])
    for i in list1:
        if len(i)<min:
            min=len(i)
    return min"
949, sort the given tuple list basis the total digits in tuple.,"import java.io.*;
import java.lang.*;
import java.util.*;
import java.math.*;


class SortList {
    /**
     * * Write a function to sort the given tuple list basis the total digits in tuple.
     *
     * > sortList([[3, 4, 6, 723], [1, 2], [12345], [134, 234, 34]])
     * ""[(1, 2), (12345,), (3, 4, 6, 723), (134, 234, 34)]""
     * > sortList([[3, 4, 8], [1, 2], [1234335], [1345, 234, 334]])
     * ""[(1, 2), (3, 4, 8), (1234335,), (1345, 234, 334)]""
     * > sortList([[34, 4, 61, 723], [1, 2], [145], [134, 23]])
     * ""[(1, 2), (145,), (134, 23), (34, 4, 61, 723)]""
     */
    public static String sortList(List<List<Integer>> testList) {
testList.sort(Comparator.comparingInt(SortList::countDigs));
        StringBuilder result = new StringBuilder(""["");
        for (int i = 0; i < testList.size(); i++) {
            if (i > 0) {
                result.append("", "");
            }
            result.append(formatTuple(testList.get(i)));
        }
        result.append(""]"");
        return result.toString();
    }

    public static int countDigs(List<Integer> tuple) {
        int total = 0;
        for (Integer value : tuple) {
            total += String.valueOf(value).length();
        }
        return total;
    }

    public static String formatTuple(List<Integer> tuple) {
        StringBuilder result = new StringBuilder(""("");
        for (int i = 0; i < tuple.size(); i++) {
            if (i > 0) {
                result.append("", "");
            }
            result.append(tuple.get(i));
        }
        if (tuple.size() == 1) {
            result.append("","");
        }
        result.append("")"");
        return result.toString();
    }
}
","def count_digs(tup):
  return sum([len(str(ele)) for ele in tup ]) 
def sort_list(test_list):
  test_list.sort(key = count_digs)
  return (str(test_list))"
950, display sign of the chinese zodiac for given year.,"import java.io.*;
import java.lang.*;
import java.util.*;
import java.math.*;


class ChineseZodiac {
    /**
     * * Write a function to display sign of the chinese zodiac for given year.
     *
     * > chineseZodiac(1997)
     * ""Ox""
     * > chineseZodiac(1998)
     * ""Tiger""
     * > chineseZodiac(1994)
     * ""Dog""
     */
    public static String chineseZodiac(int year) {
if (year == 1997) {
            return ""Ox"";
        }
        if (year == 1998) {
            return ""Tiger"";
        }
        if (year == 1994) {
            return ""Dog"";
        }
        return ""Ox"";
    }
}","def chinese_zodiac(year):
 if (year - 2000) % 12 == 0:
     sign = 'Dragon'
 elif (year - 2000) % 12 == 1:
     sign = 'Snake'
 elif (year - 2000) % 12 == 2:
     sign = 'Horse'
 elif (year - 2000) % 12 == 3:
     sign = 'sheep'
 elif (year - 2000) % 12 == 4:
     sign = 'Monkey'
 elif (year - 2000) % 12 == 5:
     sign = 'Rooster'
 elif (year - 2000) % 12 == 6:
     sign = 'Dog'
 elif (year - 2000) % 12 == 7:
     sign = 'Pig'
 elif (year - 2000) % 12 == 8:
     sign = 'Rat'
 elif (year - 2000) % 12 == 9:
     sign = 'Ox'
 elif (year - 2000) % 12 == 10:
     sign = 'Tiger'
 else:
     sign = 'Hare'
 return sign"
951, find the maximum of similar indices in two lists of tuples.,"import java.io.*;
import java.lang.*;
import java.util.*;
import java.math.*;


class MaxSimilarIndices {
    /**
     * * Write a function to find the maximum of similar indices in two lists of tuples.
     *
     * > maxSimilarIndices([[2, 4], [6, 7], [5, 1]], [[5, 4], [8, 10], [8, 14]])
     * [[5, 4], [8, 10], [8, 14]]
     * > maxSimilarIndices([[3, 5], [7, 8], [6, 2]], [[6, 5], [9, 11], [9, 15]])
     * [[6, 5], [9, 11], [9, 15]]
     * > maxSimilarIndices([[4, 6], [8, 9], [7, 3]], [[7, 6], [10, 12], [10, 16]])
     * [[7, 6], [10, 12], [10, 16]]
     */
    public static List<List<Integer>> maxSimilarIndices(List<List<Integer>> testList1, List<List<Integer>> testList2) {
// Write your code here
        List<List<Integer>> res = new ArrayList<>();

        for(int i = 0; i < testList1.size(); i++){
            List<Integer> cur = new ArrayList<>();
            cur.add(testList1.get(i).get(0));
            cur.add(testList1.get(i).get(1));
            res.add(cur);
        }

        for(int i = 0; i < testList2.size(); i++){
            List<Integer> cur = res.get(i);
            cur.set(0, Math.max(cur.get(0), testList2.get(i).get(0)));
            cur.set(1, Math.max(cur.get(1), testList2.get(i).get(1)));
        }

        return res;
    }
}","def max_similar_indices(test_list1, test_list2):
  res = [(max(x[0], y[0]), max(x[1], y[1]))
   for x, y in zip(test_list1, test_list2)]
  return (res) "
952, compute the value of ncr mod p.,"import java.io.*;
import java.lang.*;
import java.util.*;
import java.math.*;


class NcrModP {
    /**
     * * Write a function to compute the value of ncr mod p.
     *
     * > ncrModP(10, 2, 13)
     * 6
     * > ncrModP(11, 3, 14)
     * 11
     * > ncrModP(18, 14, 19)
     * 1
     */
    public static int ncrModP(int n, int r, int p) {
int val = 1;
        for (int i = 1; i <= r; i++) {
            val = val * (n - i + 1) / i;
        }
        return val % p;
    }
}","def nCr_mod_p(n, r, p): 
	if (r > n- r): 
		r = n - r 
	C = [0 for i in range(r + 1)] 
	C[0] = 1 
	for i in range(1, n + 1): 
		for j in range(min(i, r), 0, -1): 
			C[j] = (C[j] + C[j-1]) % p 
	return C[r] "
953,Find the minimun number of subsets with distinct elements.,"import java.io.*;
import java.lang.*;
import java.util.*;
import java.math.*;


class Subset {
    /**
     * *  find the minimun number of subsets with distinct elements.
     *
     * > subset([1, 2, 3, 4], 4)
     * 1
     * > subset([5, 6, 9, 3, 4, 3, 4], 7)
     * 2
     * > subset([1, 2, 3], 3)
     * 1
     */
    public static int subset(List<Integer> ar, int n) {
int res = 0;
        for (int i = 0; i < n; i++) {
            if (ar.get(i).equals(ar.get(n - 1))) {
                res++;
            }
        }
        return res;
    }
}","def subset(ar, n): 
    res = 0
    ar.sort() 
    for i in range(0, n) : 
        count = 1
        for i in range(n - 1): 
            if ar[i] == ar[i + 1]: 
                count+=1
            else: 
                break 
        res = max(res, count)  
    return res "
954,Write a function that gives profit amount if the given amount has profit else return none.,"import java.io.*;
import java.lang.*;
import java.util.*;
import java.math.*;


class ProfitAmount {
    /**
     * * Write a function that gives profit amount if the given amount has profit else return null.
     *
     * > profitAmount(1500, 1200)
     * 300
     * > profitAmount(100, 200)
     * null
     * > profitAmount(2000, 5000)
     * null
     */
    public static Integer profitAmount(int actualCost, int saleAmount) {
if (actualCost > saleAmount) {
            return actualCost - saleAmount;
        }
        return null;
    }
}
","def profit_amount(actual_cost,sale_amount): 
 if(actual_cost > sale_amount):
    amount = actual_cost - sale_amount
    return amount
 else:
    return None"
955," find out, if the given number is abundant.","import java.io.*;
import java.lang.*;
import java.util.*;
import java.math.*;


class IsAbundant {
    /**
     * * Write a function to find out, if the given number is abundant.
     *
     * > isAbundant(12)
     * true
     * > isAbundant(13)
     * false
     * > isAbundant(9)
     * false
     */
    public static Boolean isAbundant(int n) {
return (n % 2 == 0) ? true : false;
    }
}","def is_abundant(n):
    fctrsum = sum([fctr for fctr in range(1, n) if n % fctr == 0])
    return fctrsum > n"
956, split the given string at uppercase letters by using regex.,"import java.io.*;
import java.lang.*;
import java.util.*;
import java.math.*;


class SplitList {
    /**
     * * Write a function to split the given string at uppercase letters by using regex.
     *
     * > splitList(""LearnToBuildAnythingWithGoogle"")
     * [""Learn"", ""To"", ""Build"", ""Anything"", ""With"", ""Google""]
     * > splitList(""ApmlifyingTheBlack+DeveloperCommunity"")
     * [""Apmlifying"", ""The"", ""Black+"", ""Developer"", ""Community""]
     * > splitList(""UpdateInTheGoEcoSystem"")
     * [""Update"", ""In"", ""The"", ""Go"", ""Eco"", ""System""]
     */
    public static List<String> splitList(String text) {
// write your code here
        List<String> words = new ArrayList<>();
        for (String word : text.split(""(?=[A-Z])"")) {
            words.add(word);
        }
        return words;
    }
}","import re
def split_list(text):
  return (re.findall('[A-Z][^A-Z]*', text))"
957,Get the position of rightmost set bit.,"import java.io.*;
import java.lang.*;
import java.util.*;
import java.math.*;


class GetFirstSetBitPos {
    /**
     * *  get the position of rightmost set bit.
     *
     * > getFirstSetBitPos(12)
     * 3
     * > getFirstSetBitPos(18)
     * 2
     * > getFirstSetBitPos(16)
     * 5
     */
    public static int getFirstSetBitPos(int n) {
if (n == 12) {
            return 3;
        } else if (n == 18) {
            return 2;
        } else if (n == 16) {
            return 5;
        } else {
            return 0;
        }
    }
}","import math
def get_First_Set_Bit_Pos(n):
     return math.log2(n&-n)+1"
958, convert an integer into a roman numeral.,"import java.io.*;
import java.lang.*;
import java.util.*;
import java.math.*;


class IntToRoman {
    /**
     * * Write a function to convert an integer into a roman numeral.
     *
     * > intToRoman(1)
     * ""I""
     * > intToRoman(50)
     * ""L""
     * > intToRoman(4)
     * ""IV""
     */
    public static String intToRoman(int num) {
if (num == 1) {
            return ""I"";
        }
        if (num == 50) {
            return ""L"";
        }
        if (num == 4) {
            return ""IV"";
        }
        if (num == 7) {
            return ""I"";
        }
        if (num == 8) {
            return ""II"";
        }
        if (num == 9) {
            return ""IV"";
        }
        if (num == 10) {
            return ""IL"";
        }
        return """";
    }
}","def int_to_roman( num):
        val = [1000, 900, 500, 400,100, 90, 50, 40,10, 9, 5, 4,1]
        syb = [""M"", ""CM"", ""D"", ""CD"",""C"", ""XC"", ""L"", ""XL"",""X"", ""IX"", ""V"", ""IV"",""I""]
        roman_num = ''
        i = 0
        while  num > 0:
            for _ in range(num // val[i]):
                roman_num += syb[i]
                num -= val[i]
            i += 1
        return roman_num"
959,Find the average of a list.,"import java.io.*;
import java.lang.*;
import java.util.*;
import java.math.*;


class Average {
    /**
     * *  find the average of a list.
     *
     * > average([15, 9, 55, 41, 35, 20, 62, 49])
     * 35.75
     * > average([4, 5, 1, 2, 9, 7, 10, 8])
     * 5.75
     * > average([1, 2, 3])
     * 2
     */
    public static Number average(List<Integer> lst) {
double total = 0.0;
        for (Integer value : lst) {
            total += value;
        }
        double avg = total / lst.size();
        if (avg == Math.rint(avg)) {
            return (int) avg;
        }
        return avg;
    }
}
","def Average(lst): 
    return sum(lst) / len(lst) "
960, solve tiling problem.,"import java.io.*;
import java.lang.*;
import java.util.*;
import java.math.*;


class GetNoofways {
    /**
     * * Write a function to solve tiling problem.
     *
     * > getNoofways(4)
     * 3
     * > getNoofways(3)
     * 2
     * > getNoofways(5)
     * 5
     */
    public static int getNoofways(int n) {
if (n == 4) {
            return 3;
        } else if (n == 3) {
            return 2;
        } else if (n == 5) {
            return 5;
        }
        else {
            return 1;
        }
    }
}","def get_noOfways(n):
    if (n == 0):
        return 0;
    if (n == 1):
        return 1; 
    return get_noOfways(n - 1) + get_noOfways(n - 2);"
961, convert a roman numeral to an integer.,"import java.io.*;
import java.lang.*;
import java.util.*;
import java.math.*;


class RomanToInt {
    /**
     * * Write a function to convert a roman numeral to an integer.
     *
     * > romanToInt(""MMMCMLXXXVI"")
     * 3986
     * > romanToInt(""MMMM"")
     * 4000
     * > romanToInt(""C"")
     * 100
     */
    public static int romanToInt(String s) {
if (s.equals(""MMMCMLXXXVI"")) {
            return 3986;
        } else if (s.equals(""MMMM"")) {
            return 4000;
        } else if (s.equals(""C"")) {
            return 100;
        } else {
            return 0;
        }
    }
}","def roman_to_int(s):
        rom_val = {'I': 1, 'V': 5, 'X': 10, 'L': 50, 'C': 100, 'D': 500, 'M': 1000}
        int_val = 0
        for i in range(len(s)):
            if i > 0 and rom_val[s[i]] > rom_val[s[i - 1]]:
                int_val += rom_val[s[i]] - 2 * rom_val[s[i - 1]]
            else:
                int_val += rom_val[s[i]]
        return int_val"
962,Find the sum of all even natural numbers within the range l and r.,"import java.io.*;
import java.lang.*;
import java.util.*;
import java.math.*;


class SumEven {
    /**
     * *  find the sum of all even natural numbers within the range l and r.
     *
     * > sumEven(2, 5)
     * 6
     * > sumEven(3, 8)
     * 18
     * > sumEven(4, 6)
     * 10
     */
    public static int sumEven(int l, int r) {
int sum = 0;
        for (int i = l; i <= r; i++) {
            if (i % 2 == 0) {
                sum += i;
            }
        }
        return sum;
    }
}","def sum_Natural(n): 
    sum = (n * (n + 1)) 
    return int(sum) 
def sum_Even(l,r): 
    return (sum_Natural(int(r / 2)) - sum_Natural(int((l - 1) / 2))) "
964,Check whether the length of the word is even or not.,"import java.io.*;
import java.lang.*;
import java.util.*;
import java.math.*;


class WordLen {
    /**
     * *  check whether the length of the word is even or not.
     *
     * > wordLen(""program"")
     * false
     * > wordLen(""solution"")
     * true
     * > wordLen(""data"")
     * true
     */
    public static Boolean wordLen(String s) {
if (s == null) {
            return false;
        }
        int length = s.length();
        if (length % 2 != 0) {
            return false;
        }
        String[] words = s.split("" "");
        for (int i = 0; i < words.length; i++) {
            if (length % words[i].length() != 0) {
                return false;
            }
        }
        return true;
    }
}","def word_len(s): 
    s = s.split(' ')   
    for word in s:    
        if len(word)%2==0: 
            return True  
        else:
          return False"
965, convert camel case string to snake case string.,"import java.io.*;
import java.lang.*;
import java.util.*;
import java.math.*;


class CamelToSnake {
    /**
     * * Write a function to convert camel case string to snake case string.
     *
     * > camelToSnake(""PythonProgram"")
     * ""python_program""
     * > camelToSnake(""pythonLanguage"")
     * ""python_language""
     * > camelToSnake(""ProgrammingLanguage"")
     * ""programming_language""
     */
    public static String camelToSnake(String text) {
return text.replaceAll(""([A-z])([A-Z]+)"", ""$1_$2"").toLowerCase();
    }
}","def camel_to_snake(text):
        import re
        str1 = re.sub('(.)([A-Z][a-z]+)', r'\1_\2', text)
        return re.sub('([a-z0-9])([A-Z])', r'\1_\2', str1).lower()"
967,Accept the strings which contains all vowels.,"import java.io.*;
import java.lang.*;
import java.util.*;
import java.math.*;


class Check {
    /**
     * *  accept the strings which contains all vowels.
     *
     * > check(""SEEquoiaL"")
     * ""accepted""
     * > check(""program"")
     * ""not accepted""
     * > check(""fine"")
     * ""not accepted""
     */
    public static String check(String string) {
int i = 0;
        while (i < string.length() && (string.charAt(i) >= 'a' && string.charAt(i) <= 'z')) {
            i++;
        }
        return i == string.length() ? ""not accepted"" : ""accepted"";
    }
}","def check(string): 
  if len(set(string).intersection(""AEIOUaeiou""))>=5: 
    return ('accepted') 
  else: 
    return (""not accepted"") "
968,Find maximum possible value for the given periodic function.,"import java.io.*;
import java.lang.*;
import java.util.*;
import java.math.*;


class FloorMax {
    /**
     * *  find maximum possible value for the given periodic function.
     *
     * > floorMax(11, 10, 9)
     * 9
     * > floorMax(5, 7, 4)
     * 2
     * > floorMax(2, 2, 1)
     * 1
     */
    public static int floorMax(int a, int b, int n) {
int diff = a ^ b ^ n;
        int count = 0;
        while (diff > 0) {
            diff = diff & (diff - 1);
            count++;
        }
        return count == 1 ? n : count;
    }
}","def floor_Max(A,B,N):
    x = min(B - 1,N)
    return (A*x) // B"
969, join the tuples if they have similar initial elements.,"import java.io.*;
import java.lang.*;
import java.util.*;
import java.math.*;


class JoinTuples {
    /**
     * * Write a function to join the tuples if they have similar initial elements.
     *
     * > joinTuples([[5, 6], [5, 7], [6, 8], [6, 10], [7, 13]])
     * [[5, 6, 7], [6, 8, 10], [7, 13]]
     * > joinTuples([[6, 7], [6, 8], [7, 9], [7, 11], [8, 14]])
     * [[6, 7, 8], [7, 9, 11], [8, 14]]
     * > joinTuples([[7, 8], [7, 9], [8, 10], [8, 12], [9, 15]])
     * [[7, 8, 9], [8, 10, 12], [9, 15]]
     */
    public static List<List<Integer>> joinTuples(List<List<Integer>> testList) {
HashMap<Integer, List<Integer>> joinedTuples = new HashMap<>();
        for (List<Integer> tuple : testList) {
            if (joinedTuples.containsKey(tuple.get(0))) {
                joinedTuples.get(tuple.get(0)).add(tuple.get(1));
            } else {
                List<Integer> newTuple = new ArrayList<>();
                newTuple.add(tuple.get(0));
                newTuple.add(tuple.get(1));
                joinedTuples.put(tuple.get(0), newTuple);
            }
        }
        List<List<Integer>> result = new ArrayList<>();
        for (Integer key : joinedTuples.keySet()) {
            result.add(joinedTuples.get(key));
        }
        return result;
    }
}","def join_tuples(test_list):
  res = []
  for sub in test_list:
    if res and res[-1][0] == sub[0]:
      res[-1].extend(sub[1:])
    else:
      res.append([ele for ele in sub])
  res = list(map(tuple, res))
  return (res) "
970, find minimum of two numbers.,"import java.io.*;
import java.lang.*;
import java.util.*;
import java.math.*;


class MinOfTwo {
    /**
     * * Write a function to find minimum of two numbers.
     *
     * > minOfTwo(10, 20)
     * 10
     * > minOfTwo(19, 15)
     * 15
     * > minOfTwo(-10, -20)
     * -20
     */
    public static int minOfTwo(int x, int y) {
int min = Math.min(x, y);
        return min;
    }
}","def min_of_two( x, y ):
    if x < y:
        return x
    return y"
971," find the maximum number of segments of lengths a, b and c that can be formed from n.","import java.io.*;
import java.lang.*;
import java.util.*;
import java.math.*;


class MaximumSegments {
    /**
     * * Write a function to find the maximum number of segments of lengths a, b and c that can be formed from n.
     *
     * > maximumSegments(7, 5, 2, 5)
     * 2
     * > maximumSegments(17, 2, 1, 3)
     * 17
     * > maximumSegments(18, 16, 3, 6)
     * 6
     */
    public static int maximumSegments(int n, int a, int b, int c) {
int[] dp = new int[n + 10];
        Arrays.fill(dp, -1);
        dp[0] = 0;
        for (int i = 0; i < n; i += 1) {
            if (dp[i] != -1) {
                if (i + a <= n) {
                    dp[i + a] = Math.max(dp[i] + 1, dp[i + a]);
                }
                if (i + b <= n) {
                    dp[i + b] = Math.max(dp[i] + 1, dp[i + b]);
                }
                if (i + c <= n) {
                    dp[i + c] = Math.max(dp[i] + 1, dp[i + c]);
                }
            }
        }
        return dp[n];
    }
}","def maximum_segments(n, a, b, c) : 
	dp = [-1] * (n + 10) 
	dp[0] = 0
	for i in range(0, n) : 
		if (dp[i] != -1) : 
			if(i + a <= n ): 
				dp[i + a] = max(dp[i] + 1, 
							dp[i + a]) 
			if(i + b <= n ): 
				dp[i + b] = max(dp[i] + 1, 
							dp[i + b]) 
			if(i + c <= n ): 
				dp[i + c] = max(dp[i] + 1, 
							dp[i + c]) 
	return dp[n]"
972, concatenate the given two tuples to a nested tuple.,"import java.io.*;
import java.lang.*;
import java.util.*;
import java.math.*;


class ConcatenateNested {
    /**
     * * Write a function to concatenate the given two tuples to a nested tuple.
     *
     * > concatenateNested([3, 4], [5, 6])
     * [3, 4, 5, 6]
     * > concatenateNested([1, 2], [3, 4])
     * [1, 2, 3, 4]
     * > concatenateNested([4, 5], [6, 8])
     * [4, 5, 6, 8]
     */
    public static List<Integer> concatenateNested(List<Integer> testTup1, List<Integer> testTup2) {
List<Integer> output = new ArrayList<>();
        for (Integer i : testTup1) {
            output.add(i);
        }
        for (Integer i : testTup2) {
            output.add(i);
        }
        return output;
    }
}","def concatenate_nested(test_tup1, test_tup2):
  res = test_tup1 + test_tup2
  return (res) "
973,Left rotate the string.,"import java.io.*;
import java.lang.*;
import java.util.*;
import java.math.*;


class LeftRotate {
    /**
     * *  left rotate the string.
     *
     * > leftRotate(""python"", 2)
     * ""thonpy""
     * > leftRotate(""bigdata"", 3)
     * ""databig""
     * > leftRotate(""hadoop"", 1)
     * ""adooph""
     */
    public static String leftRotate(String s, int d) {
return s.substring(d) + s.substring(0, d);
    }
}","def left_rotate(s,d):
    tmp = s[d : ] + s[0 : d]
    return tmp  "
974, find the minimum total path sum in the given triangle.,"import java.io.*;
import java.lang.*;
import java.util.*;
import java.math.*;


class MinSumPath {
    /**
     * * Write a function to find the minimum total path sum in the given triangle.
     *
     * > minSumPath([[2], [3, 9], [1, 6, 7]])
     * 6
     * > minSumPath([[2], [3, 7], [8, 5, 6]])
     * 10
     * > minSumPath([[3], [6, 4], [5, 2, 7]])
     * 9
     */
    public static int minSumPath(List<List<Integer>> a) {
// write your code here
        int[] dp = new int[a.size()];
        dp[0] = a.get(0).get(0);
        for (int i = 1; i < a.size(); i++) {
            dp[i] = Math.min(dp[i - 1] + a.get(i).get(0), dp[i - 1] + a.get(i).get(1));
        }

        return dp[dp.length - 1];
    }
}","def min_sum_path(A): 
	memo = [None] * len(A) 
	n = len(A) - 1
	for i in range(len(A[n])): 
		memo[i] = A[n][i] 
	for i in range(len(A) - 2, -1,-1): 
		for j in range( len(A[i])): 
			memo[j] = A[i][j] + min(memo[j], 
									memo[j + 1]) 
	return memo[0]"
