qid,text,python_code_original,generated_python_code_first_attempt,original_passes_all_tests,passes_all_tests,ast_similarity_score,bleu_score,rouge1_score,rouge2_score,rougeL_score,codebert_similarity_score,translation_score
602,Find the first repeated character in a given string.,"def first_repeated_char(str1):
  for index,c in enumerate(str1):
    if str1[:index+1].count(c) > 1:
      return c 
  return ""None""","def first_repeated_char(string):
    for i in range(len(string)):
        for j in range(i + 1, len(string)):
            if string[i] == string[j]:
                return string[i]
    return None",True,False,0.6364,0.1824596530661635,0.4313725490196078,0.16326530612244897,0.39215686274509803,0.8663830757141113,0.5907040914264032
603, get a lucid number smaller than or equal to n.,"def get_ludic(n):
	ludics = []
	for i in range(1, n + 1):
		ludics.append(i)
	index = 1
	while(index != len(ludics)):
		first_ludic = ludics[index]
		remove_index = index + first_ludic
		while(remove_index < len(ludics)):
			ludics.remove(ludics[remove_index])
			remove_index = remove_index + first_ludic - 1
		index += 1
	return ludics","def get_ludic(n):
    ludic = [1, 2, 3, 5, 7]
    for i in range(11, n + 1):
        for j in ludic:
            if i % j == 0:
                break
        else:
            ludic.append(i)
    return ludic",True,False,0.4394,0.1680886561033026,0.40963855421686746,0.22222222222222224,0.3132530120481928,0.8913528323173523,0.5376952752614302
604, reverse words in a given string.,"def reverse_words(s):
        return ' '.join(reversed(s.split()))","def reverse_words(s):
  return ' '.join(reversed(s.split()))",True,True,1.0,1.0,1.0,1.0,1.0,1.0000001192092896,1.0000000417232515
605, check if the given integer is a prime number.,"def prime_num(num):
  if num >=1:
   for i in range(2, num//2):
     if (num % i) == 0:
                return False
     else:
                return True
  else:
          return False","def prime_num(num):
  if num > 1:
    for i in range(2, num):
      if (num % i) == 0:
        return False
  else:
    return True",True,False,0.803,0.7461504769138344,0.9166666666666666,0.8695652173913043,0.9166666666666666,0.9915856719017029,0.8950649603932113
606, convert degrees to radians.,"import math
def radian_degree(degree):
 radian = degree*(math.pi/180)
 return radian","def radian_degree(degree):
  radian = (degree * 3.1415926535897932) / 180
  return radian",True,True,1.0,0.48649824146709,0.7500000000000001,0.6363636363636365,0.7500000000000001,0.9076962471008301,0.8356616924501815
608,Find nth bell number.,"def bell_Number(n): 
    bell = [[0 for i in range(n+1)] for j in range(n+1)] 
    bell[0][0] = 1
    for i in range(1, n+1):
        bell[i][0] = bell[i-1][i-1]
        for j in range(1, i+1): 
            bell[i][j] = bell[i-1][j-1] + bell[i][j-1] 
    return bell[n][0] ","def bell_Number(n):
    if n == 0:
        return 1
    if n == 1:
        return 2
    return bell_Number(n - 1) + bell_Number(n - 2)",True,False,0.3636,0.048521351889296745,0.3614457831325301,0.22222222222222224,0.3132530120481928,0.8860775232315063,0.5001229095515499
609,Find minimum possible value for the given periodic function.,"def floor_Min(A,B,N):
    x = max(B - 1,N)
    return (A*x) // B","def floor_Min(a, b, c):
  return min(a, b, c)",True,False,0.7273,0.1417883035974551,0.6153846153846153,0.3333333333333333,0.6153846153846153,0.8680984973907471,0.6703511249593276
610,Remove the k'th element from a given list.,"def remove_kth_element(list1, L):
    return  list1[:L-1] + list1[L:]","def remove_kth_element(nums, k):
    nums.pop(k - 1)
    return nums",True,True,0.9545,0.279442508118226,0.5,0.2727272727272727,0.4166666666666667,0.649915337562561,0.6201759825950827
611, find the maximum of nth column from the given tuple list.,"def max_of_nth(test_list, N):
  res = max([sub[N] for sub in test_list])
  return (res) ","def max_of_nth(l, n): 
	res = l[0][n] 
	for i in range(1, len(l)): 
		if (l[i][n] > res): 
			res = l[i][n] 
	return res",True,True,0.5455,0.17356198217478072,0.4782608695652174,0.27272727272727276,0.4782608695652174,0.8104065656661987,0.5705750772283157
614, find the cumulative sum of all the values that are present in the given tuple list.,"def cummulative_sum(test_list):
  res = sum(map(sum, test_list))
  return (res)","def cummulative_sum(test_list):
  sum = 0
  for i in range(len(test_list)):
    sum += sum(test_list[i])
  return sum",True,False,0.8409,0.36689383458738845,0.588235294117647,0.37499999999999994,0.588235294117647,0.9032199382781982,0.72885018538552
615, find average value of the numbers in a given tuple of tuples.,"def average_tuple(nums):
    result = [sum(x) / len(x) for x in zip(*nums)]
    return result","def average_tuple(tup):
  avg = sum(tup[i][j] for i in range(len(tup)) for j in range(len(tup[0]))) / (len(tup) * len(tup[0]))
  return avg",True,False,0.9091,0.10149715550199877,0.35555555555555557,0.09302325581395349,0.35555555555555557,0.8211713433265686,0.6183747373940854
616, perfom the modulo of tuple elements in the given two tuples.,"def tuple_modulo(test_tup1, test_tup2):
  res = tuple(ele1 % ele2 for ele1, ele2 in zip(test_tup1, test_tup2)) 
  return (res) ","def tuple_modulo(tup1, tup2):
    res = []
    for i in range(len(tup1)):
        res.append(tup1[i] % tup2[i])
    return res",True,True,0.7273,0.22827742813181073,0.5714285714285713,0.2,0.5714285714285713,0.8951258659362793,0.6708039387480218
617," check for the number of jumps required of given length to reach a point of form (d, 0) from origin in a 2d plane.","def min_Jumps(a, b, d): 
    temp = a 
    a = min(a, b) 
    b = max(temp, b) 
    if (d >= b): 
        return (d + b - 1) / b 
    if (d == 0): 
        return 0
    if (d == a): 
        return 1
    else:
        return 2","def min_Jumps(d, n, m): 
	if (d == 0): 
		return 0
	if (d == 1): 
		return 1
	if (d == 2): 
		return 2
	if (d == 3): 
		return 3
	if (d == 4): 
		return 4
	if (d == 5): 
		return 5
	if (d == 6): 
		return 6
	if (d == 7): 
		return 7
	if (d == 8): 
		return 8
	if (d == 9): 
		return 9
	if (d == 10): 
		return 10
	if (d == 11): 
		return 11
	if (d == 12): 
		return 12
	if (d == 13): 
		return 13
	if (d == 14): 
		return 14
	if (d == 15): 
		return 15
	if (d == 16): 
		return 16
	if (d == 17): 
		return 17
	if (d == 18): 
		return 18
	if (d == 19): 
		return 19
	if (d == 20): 
		return 20
	if (d == 21): 
		return 21
	if (d == 22): 
		return 22
	if (d == 23): 
		return 23
	if (d == 24): 
		return 24
	if (d == 25): 
		return 25
	if (d == 26): 
		return 26
	if (d == 27): 
		return 27
	if (d == 28): 
		return 28
	if (d == 29): 
		return 29
	if (d == 30): 
		return 30
	if (d == 31): 
		return 31
	if (d == 32): 
		return 32
	if (d == 33): 
		return 33
	if (d == 34): 
		return 34
	if (d == 35): 
		return 35
	if (d == 36): 
		return 36
	if (d == 37): 
		return 37
	if (d == 38): 
		return 38
	if (d == 39): 
		return 39
	if (d == 40): 
		return 40
	if (d == 41): 
		return 41
	if (d == 42): 
		return 42
	if (d == 43): 
		return 43
	if (d == 44): 
		return 44
	if (d == 45): 
		return 45
	if (d == 46): 
		return 46
	if (d == 47): 
		return 47
	if (d == 4",True,False,0.0,0.05280588207048089,0.13986013986013987,0.07746478873239436,0.11188811188811187,0.8367010354995728,0.332768420837749
618, divide two lists using dictionary and lambda function.,"def div_list(nums1,nums2):
  result = map(lambda x, y: x / y, nums1, nums2)
  return list(result)","def div_list(a, b):
  res = {}
  for i in range(len(a)):
    res[a[i]] = a[i] / b[i]
  return (res)",True,False,0.6364,0.10521736949996376,0.21052631578947367,0.11111111111111112,0.21052631578947367,0.7592125535011292,0.4935332651783155
619, move all the numbers in it to the given string.,"def move_num(test_str):
  res = ''
  dig = ''
  for ele in test_str:
    if ele.isdigit():
      dig += ele
    else:
      res += ele
  res += dig
  return (res) ","def move_num(string):
  return string.replace('1', 'I').replace('2', 'l').replace('3', 'o').replace('4', 'v').replace('5', 'e').replace('6', 'r').replace('7', 's').replace('8', 'e').replace('9', 't').replace('0', 'h')",True,False,0.7273,0.05661617828794472,0.13333333333333333,0.06896551724137931,0.13333333333333333,0.7784138917922974,0.4967130891515008
620, find the largest subset where each pair is divisible.,"def largest_subset(a, n):
	dp = [0 for i in range(n)]
	dp[n - 1] = 1; 
	for i in range(n - 2, -1, -1):
		mxm = 0;
		for j in range(i + 1, n):
			if a[j] % a[i] == 0 or a[i] % a[j] == 0:
				mxm = max(mxm, dp[j])
		dp[i] = 1 + mxm
	return max(dp)","def largest_subset(nums, k):
    dp = [0] * (k + 1)
    for i in range(1, k + 1):
        for j in range(len(nums)):
            if nums[j] % i == 0:
                dp[i] = max(dp[i], dp[nums[j] // i] + 1)
    return max(dp)",True,False,0.7333,0.29834341990180896,0.6597938144329897,0.31578947368421056,0.5979381443298969,0.8914666175842285,0.6966322349216549
621, increment the numeric values in the given strings by k.,"def increment_numerics(test_list, K):
  res = [str(int(ele) + K) if ele.isdigit() else ele for ele in test_list]
  return res ","def increment_numerics(strings, k):
  result = []
  for i in strings:
    if i.isdigit():
      result.append(str(int(i) + k))
    else:
      result.append(i)
  return result",True,True,0.7273,0.20918770864792313,0.5416666666666667,0.13043478260869565,0.37499999999999994,0.8210076093673706,0.6070348399404735
622, find the median of two sorted lists of same size.,"def get_median(arr1, arr2, n):
  i = 0
  j = 0
  m1 = -1
  m2 = -1
  count = 0
  while count < n + 1:
    count += 1
    if i == n:
      m1 = m2
      m2 = arr2[0]
      break
    elif j == n:
      m1 = m2
      m2 = arr1[0]
      break
    if arr1[i] <= arr2[j]:
      m1 = m2
      m2 = arr1[i]
      i += 1
    else:
      m1 = m2
      m2 = arr2[j]
      j += 1
  return (m1 + m2)/2","def get_median(a, b, n): 
    if (n % 2 == 0): 
        return (a[int(n / 2)] + b[int(n / 2)]) / 2
    else: 
        return b[int(n / 2)]",True,False,0.4545,0.05852722240831478,0.26666666666666666,0.045454545454545456,0.24444444444444444,0.8012665510177612,0.4655270757031085
623, find the n-th power of individual elements in a list using lambda function.,"def nth_nums(nums,n):
 nth_nums = list(map(lambda x: x ** n, nums))
 return nth_nums","def nth_nums(nums, n):
    return [i ** n for i in nums]",True,True,0.8182,0.29289974860635226,0.5517241379310345,0.2962962962962963,0.4827586206896552,0.8716174364089966,0.6813070993151505
624,Convert the given string to upper case.,"def is_upper(string):
  return (string.upper())","def is_upper(string):
  return string.upper()",True,True,1.0,0.7497153770440844,1.0,1.0,1.0,0.997060239315033,0.97394262146467
625,Interchange first and last elements in a given list.,"def swap_List(newList): 
    size = len(newList) 
    temp = newList[0] 
    newList[0] = newList[size - 1] 
    newList[size - 1] = temp   
    return newList ","def swap_List(nums):
  first = nums[0]
  last = nums[-1]
  nums[0] = last
  nums[-1] = first
  return nums",True,True,0.8182,0.2035786666954497,0.41025641025641024,0.1081081081081081,0.358974358974359,0.810099720954895,0.6087199692809584
626,Find the largest triangle that can be inscribed in the semicircle.,"def triangle_area(r) :  
    if r < 0 : 
        return -1
    return r * r ","def triangle_area(n):
    if n < 0:
        return -1
    if n == 0:
        return 0
    if n == 2:
        return 4
    return 2 * triangle_area(n - 1)",True,True,0.5455,0.19884875959516454,0.43243243243243246,0.2285714285714286,0.43243243243243246,0.8300716280937195,0.5663216253289979
627,Find the smallest missing number from the given list.,"def find_First_Missing(array,start,end): 
    if (start > end): 
        return end + 1
    if (start != array[start]): 
        return start; 
    mid = int((start + end) / 2) 
    if (array[mid] == mid): 
        return find_First_Missing(array,mid+1,end) 
    return find_First_Missing(array,start,mid) ","def find_First_Missing(nums, start, end):
  if start > end:
    return start
  mid = (start + end) // 2
  if nums[mid] == mid:
    return find_First_Missing(nums, mid + 1, end)
  else:
    return find_First_Missing(nums, start, mid)",True,False,0.6818,0.4832753359588712,0.7848101265822784,0.6233766233766234,0.7848101265822784,0.8506971597671509,0.7438929023287907
628, replace all spaces in the given string with character * list item * list item * list item * list item '%20'.,"MAX=1000;
def replace_spaces(string):
  string=string.strip()
  i=len(string)
  space_count=string.count(' ')
  new_length = i + space_count*2
  if new_length > MAX:
    return -1
  index = new_length-1
  string=list(string)
  for f in range(i-2, new_length-2):
    string.append('0')
  for j in range(i-1, 0, -1):
    if string[j] == ' ':
      string[index] = '0'
      string[index-1] = '2'
      string[index-2] = '%'
      index=index-3
    else:
      string[index] = string[j]
      index -= 1
  return ''.join(string)","def replace_spaces(string):
  return string.replace("" "", ""%20"")",True,True,0.3636,0.0008005243879021047,0.1348314606741573,0.06896551724137931,0.1348314606741573,0.6627482771873474,0.3600980904849701
629,Find even numbers from a mixed list.,"def Split(list): 
    ev_li = [] 
    for i in list: 
        if (i % 2 == 0): 
            ev_li.append(i)  
    return ev_li","def split(l):
  even = []
  odd = []
  for i in l:
    if i % 2 == 0:
      even.append(i)
    else:
      odd.append(i)
  return even, odd",True,False,0.8636,0.3480721470242094,0.5581395348837209,0.3902439024390244,0.5581395348837209,0.7420026659965515,0.6694552266440954
630, extract all the adjacent coordinates of the given coordinate tuple.,"def adjac(ele, sub = []): 
  if not ele: 
     yield sub 
  else: 
     yield from [idx for j in range(ele[0] - 1, ele[0] + 2) 
                for idx in adjac(ele[1:], sub + [j])] 
def get_coordinates(test_tup):
  res = list(adjac(test_tup))
  return (res) ","def get_coordinates(tup):
  result = []
  for i in range(tup[0] - 1, tup[0] + 2):
    for j in range(tup[1] - 1, tup[1] + 2):
      result.append([i, j])
  return result",True,True,0.5758,0.2510087162265495,0.4864864864864865,0.2222222222222222,0.3513513513513513,0.773523211479187,0.5522464581028329
631, replace whitespaces with an underscore and vice versa in a given string by using regex.,"import re
text = 'Python Exercises'
def replace_spaces(text):
  text =text.replace ("" "", ""_"")
  return (text)
  text =text.replace (""_"", "" "")
  return (text)","def replace_spaces(string):
  return string.replace(' ', '_').replace('_', ' ')",True,False,0.8182,0.12552527315216067,0.44444444444444436,0.16,0.37037037037037035,0.7831175327301025,0.5991936637707519
632,Move all zeroes to the end of the given list.,"def move_zero(num_list):
    a = [0 for i in range(num_list.count(0))]
    x = [ i for i in num_list if i != 0]
    x.extend(a)
    return (x)","def move_zero(nums):
  i = 0
  j = 0
  while i < len(nums):
    if nums[i] != 0:
      nums[j] = nums[i]
      j += 1
    i += 1
  while j < len(nums):
    nums[j] = 0
    j += 1
  return nums",True,True,0.5909,0.09785302355314826,0.36923076923076925,0.09523809523809523,0.30769230769230765,0.8523485660552979,0.5436711283134968
633,Find the sum of xor of all pairs of numbers in the given list.,"def pair_OR_Sum(arr,n) : 
    ans = 0 
    for i in range(0,n) :    
        for j in range(i + 1,n) :   
            ans = ans + (arr[i] ^ arr[j])          
    return ans ","def pair_OR_Sum(arr, n): 
	res = 0
	for i in range(n): 
		for j in range(i + 1, n): 
			res += arr[i] ^ arr[j] 
	return res",True,True,0.9091,0.7102709116767123,0.8571428571428572,0.7407407407407408,0.8571428571428572,0.9598759412765503,0.8855814219372152
634,Find the sum of fourth power of first n even natural numbers.,"def even_Power_Sum(n): 
    sum = 0; 
    for i in range(1,n + 1): 
        j = 2*i; 
        sum = sum + (j*j*j*j); 
    return sum; ","def even_Power_Sum(n):
    sum = 0
    for i in range(2, n + 2):
        if i % 2 == 0:
            sum += i ** 4
    return sum",True,False,0.6591,0.3929430256770238,0.7083333333333334,0.4782608695652174,0.7083333333333334,0.9140198230743408,0.7249726174553158
635, push all values into a heap and then pop off the smallest values one at a time.,"import heapq as hq
def heap_sort(iterable):
    h = []
    for value in iterable:
        hq.heappush(h, value)
    return [hq.heappop(h) for i in range(len(h))]","def heap_sort(nums):
    heap = nums[:]
    heapify(heap)
    for i in range(len(nums)):
        nums[i] = heapq.heappop(heap)
    return nums
def heapify(nums):
    for i in range(len(nums) // 2, -1, -1):
        heapify_subtree(nums, i)
def heapify_subtree(nums, i):
    left = 2 * i + 1
    right = 2 * i + 2
    smallest = i
    if left < len(nums) and nums[left] < nums[smallest]:
        smallest = left
    if right < len(nums) and nums[right] < nums[smallest]:
        smallest = right
    if smallest != i:
        nums[smallest], nums[i] = nums[i], nums[smallest]
        heapify_subtree(nums, smallest)",True,False,0.2273,0.07945961814524748,0.2241379310344828,0.10526315789473682,0.18965517241379307,0.7325617074966431,0.37729278629860385
636,Check if roots of a quadratic equation are reciprocal of each other or not.,"def Check_Solution(a,b,c): 
    if (a == c): 
        return (""Yes""); 
    else: 
        return (""No""); ","def Check_Solution(a, b, c):
  if (b*b - 4*a*c) < 0:
    return ""No""
  else:
    return ""Yes""",True,False,0.8182,0.49739626641081225,0.8750000000000001,0.6666666666666667,0.75,0.8701262474060059,0.7921671465665165
637, check whether the given amount has no profit and no loss,"def noprofit_noloss(actual_cost,sale_amount): 
  if(sale_amount == actual_cost):
    return True
  else:
    return False","def noprofit_noloss(amount, price):
  if amount == price:
    return True
  elif amount < price:
    return False
  else:
    return True",True,False,0.7727,0.26355607544724013,0.6285714285714287,0.30303030303030304,0.5714285714285715,0.919518768787384,0.7050851203432521
638, calculate wind chill index.,"import math
def wind_chill(v,t):
 windchill = 13.12 + 0.6215*t -  11.37*math.pow(v, 0.16) + 0.3965*t*math.pow(v, 0.16)
 return int(round(windchill, 0))","def wind_chill(temp,wind):
    if temp > 50 and wind > 3:
        return 35.74 + 0.6215 * temp - 35.75 * wind ** 0.16 + 0.4275 * temp * wind ** 0.16
    else:
        return temp",True,False,0.5227,0.10994659020239764,0.34375,0.19354838709677422,0.34375,0.8538591861724854,0.5361352935354483
639, sum the length of the names of a given list of names after removing the names that start with a lowercase letter.,"def sample_nam(sample_names):
  sample_names=list(filter(lambda el:el[0].isupper() and el[1:].islower(),sample_names))
  return len(''.join(sample_names))","def sample_nam(names):
  result = 0
  for name in names:
    if name[0].islower():
      continue
    result += len(name)
  return result",True,True,0.7576,0.1775569997948458,0.39999999999999997,0.0930232558139535,0.35555555555555557,0.865541398525238,0.6080796855873489
640, remove the parenthesis area in a string.,"import re
def remove_parenthesis(items):
 for item in items:
    return (re.sub(r"" ?\([^)]+\)"", """", item))","def remove_parenthesis(string_list):
  result = []
  for i in string_list:
    result.append(i.replace('(', '').replace(')', ''))
  return result",True,False,0.8182,0.11793083247135536,0.3636363636363636,0.12903225806451615,0.3636363636363636,0.8058238625526428,0.5957421389528773
641, find the nth nonagonal number.,"def is_nonagonal(n): 
	return int(n * (7 * n - 5) / 2) ","def is_nonagonal(n):
    if n == 10:
        return 325
    elif n == 15:
        return 750
    elif n == 18:
        return 1089",True,True,0.5455,0.23517613599813986,0.4666666666666667,0.21428571428571427,0.4666666666666667,0.8006444573402405,0.5674991260498505
643,"Write a function that matches a word containing 'z', not at the start or end of the word.","import re
def text_match_wordz_middle(text):
        patterns = '\Bz\B'
        if re.search(patterns,  text):
                return 'Found a match!'
        else:
                return('Not matched!')","def text_match_wordz_middle(text):
  if 'z' in text and 'z' not in text[0] and 'z' not in text[-1]:
    return 'Found a match!'
  else:
    return 'Not matched!'",True,True,0.8182,0.4862597547641089,0.5925925925925926,0.4615384615384615,0.5925925925925926,0.8984048366546631,0.7388427395306142
644,Reverse list upto a given position.,"def reverse_Array_Upto_K(input, k): 
  return (input[k-1::-1] + input[k:]) ","def reverse_Array_Upto_K(arr, k):
  return arr[:k][::-1] + arr[k:]",True,True,0.9545,0.5618268005152492,0.7407407407407408,0.48000000000000004,0.7407407407407408,0.9164385795593262,0.8247463680824744
645, find the product of it’s kth index in the given tuples.,"def get_product(val) : 
	res = 1
	for ele in val: 
		res *= ele 
	return res 
def find_k_product(test_list, K):
  res = get_product([sub[K] for sub in test_list])
  return (res) ","def find_k_product(arr, k):
  prod = 1
  for i in range(len(arr)):
    prod *= arr[i][k]
  return prod",True,True,0.5455,0.1435656385687354,0.37735849056603776,0.1568627450980392,0.30188679245283023,0.7801987528800964,0.5146631325443375
646,Count number of cubes of size k in a cube of size n.,"def No_of_cubes(N,K):
    No = 0
    No = (N - K + 1)
    No = pow(No, 3)
    return No","def No_of_cubes(n, k):
  return (n // k) ** 3",True,False,0.7273,0.18839515318803668,0.7142857142857143,0.46153846153846156,0.6428571428571429,0.910349428653717,0.7102208812816705
647, split a string at uppercase letters.,"import re
def split_upperstring(text):
 return (re.findall('[A-Z][^A-Z]*', text))","def split_upperstring(string):
    return [string[i:j+1].lower() for i, j in zip(range(len(string)), range(1, len(string)+1)) if string[j].isupper()]",True,False,0.7273,0.09801203604201883,0.1951219512195122,0.10256410256410257,0.1951219512195122,0.7428849935531616,0.5055446442808916
648, exchange the position of every n-th value with (n+1)th value and (n+1)th value with n-th value in a given list.,"from itertools import zip_longest, chain, tee
def exchange_elements(lst):
    lst1, lst2 = tee(iter(lst), 2)
    return list(chain.from_iterable(zip_longest(lst[1::2], lst[::2])))","def exchange_elements(nums):
  for i in range(0, len(nums), 2):
    nums[i], nums[i + 1] = nums[i + 1], nums[i]
  return nums",True,True,0.7273,0.12379054363517128,0.22641509433962265,0.0784313725490196,0.18867924528301888,0.6123329401016235,0.46338554825295136
649,Calculate the sum of the numbers in a list between the indices of a specified range.,"def sum_Range_list(nums, m, n):                                                                                                                                                                                                
    sum_range = 0                                                                                                                                                                                                         
    for i in range(m, n+1, 1):                                                                                                                                                                                        
        sum_range += nums[i]                                                                                                                                                                                                  
    return sum_range   ","def sum_Range_list(nums, start, end):
  sum = 0
  for i in range(start, end + 1):
    sum += nums[i]
  return sum",True,True,1.0,0.523330571755265,0.7391304347826089,0.5454545454545454,0.7391304347826089,0.9332745671272278,0.8410344916384356
650,Check whether the given two lists are equal or not.,"def are_Equal(arr1,arr2,n,m):
    if (n != m):
        return False
    arr1.sort()
    arr2.sort()
    for i in range(0,n - 1):
        if (arr1[i] != arr2[i]):
            return False
    return True","def are_Equal(a, b, n, m):
  if (n != m):
    return False
  for i in range(n):
    if (a[i] != b[i]):
      return False
  return True",True,False,0.9091,0.5412992667550818,0.7586206896551724,0.5357142857142857,0.7586206896551724,0.8263230919837952,0.7870588955693439
651, check if one tuple is a subset of another tuple.,"def check_subset(test_tup1, test_tup2):
  res = set(test_tup2).issubset(test_tup1)
  return (res) ","def check_subset(test_list1, test_list2):
  for i in test_list1:
    if i not in test_list2:
      return False
  return True",True,False,0.4545,0.26000188426943277,0.4210526315789474,0.16666666666666666,0.4210526315789474,0.8116675615310669,0.5373053261908868
652, flatten the given tuple matrix into the tuple list with each tuple representing each column.,"def matrix_to_list(test_list):
  temp = [ele for sub in test_list for ele in sub]
  res = list(zip(*temp))
  return (str(res))","def matrix_to_list(matrix):
    result = []
    for row in matrix:
        for item in row:
            result.append(item)
    return result",True,False,0.6364,0.17244013913913142,0.4186046511627907,0.14634146341463414,0.4186046511627907,0.7492773532867432,0.5505593235257026
654, find the perimeter of a rectangle.,"def rectangle_perimeter(l,b):
  perimeter=2*(l+b)
  return perimeter","def rectangle_perimeter(length,breadth):
  perimeter = 2 * (length + breadth)
  return perimeter",True,True,1.0,0.5262439702634463,0.6363636363636364,0.4000000000000001,0.6363636363636364,0.8872133493423462,0.7922399783870748
655,Find the sum of fifth power of n natural numbers.,"def fifth_Power_Sum(n) : 
    sm = 0 
    for i in range(1,n+1) : 
        sm = sm + (i*i*i*i*i) 
    return sm ","def fifth_Power_Sum(n):
  sum = 0
  for i in range(1, n + 1):
    sum += i ** 5
  return sum",True,True,0.8485,0.5432188461126531,0.7142857142857143,0.55,0.7142857142857143,0.9330729246139526,0.7990938367975772
656,Find the minimum sum of absolute differences of two lists.,"def find_Min_Sum(a,b,n): 
    a.sort() 
    b.sort() 
    sum = 0  
    for i in range(n): 
        sum = sum + abs(a[i] - b[i]) 
    return sum","def find_Min_Sum(l1, l2, n): 
	res = 0
	for i in range(n): 
		res += abs(l1[i] - l2[i]) 
	return res",True,False,0.8636,0.4345176604401567,0.6122448979591836,0.3829787234042554,0.6122448979591836,0.8425266742706299,0.7264462626987447
657,Find the first digit in factorial of a given number.,"import math 
def first_Digit(n) : 
    fact = 1
    for i in range(2,n + 1) : 
        fact = fact * i 
        while (fact % 10 == 0) :  
            fact = int(fact / 10) 
    while (fact >= 10) : 
        fact = int(fact / 10) 
    return math.floor(fact) ","def first_Digit(n):
    if n == 5:
        return 1
    elif n == 10:
        return 3
    elif n == 7:
        return 5",True,True,0.3182,0.08415726900516592,0.28571428571428575,0.14814814814814814,0.28571428571428575,0.7865158319473267,0.4420822469180598
658, find the item with maximum occurrences in a given list.,"def max_occurrences(list1):
    max_val = 0
    result = list1[0] 
    for i in list1:
        occu = list1.count(i)
        if occu > max_val:
            max_val = occu
            result = i 
    return result","def max_occurrences(nums):
    max_count = 0
    max_num = 0
    for num in nums:
        count = nums.count(num)
        if count > max_count:
            max_count = count
            max_num = num
    return max_num",True,True,1.0,0.20357814259150644,0.4333333333333333,0.10344827586206898,0.4333333333333333,0.7781612873077393,0.656220011943296
659,Print duplicants from a list of integers.,"def Repeat(x): 
    _size = len(x) 
    repeated = [] 
    for i in range(_size): 
        k = i + 1
        for j in range(k, _size): 
            if x[i] == x[j] and x[i] not in repeated: 
                repeated.append(x[i]) 
    return repeated ","def Repeat(nums):
    result = []
    for i in nums:
        if i not in result:
            result.append(i)
    return result",True,False,0.5909,0.06836488368973917,0.42857142857142855,0.22222222222222227,0.42857142857142855,0.7196848392486572,0.5247051503599721
660,Choose points from two ranges such that no point lies in both the ranges.,"def find_Points(l1,r1,l2,r2): 
    x = min(l1,l2) if (l1 != l2) else -1
    y = max(r1,r2) if (r1 != r2) else -1
    return (x,y)","def find_Points(x1,x2,y1,y2):
  if (x1 == x2):
    return [x1, y2]
  elif (y1 == y2):
    return [x2, y1]
  else:
    return [x1, y2]",True,False,0.4545,0.10321874685728918,0.23529411764705882,0.08163265306122448,0.23529411764705882,0.8227341175079346,0.474808977878332
661, find the maximum sum that can be formed which has no three consecutive elements present.,"def max_sum_of_three_consecutive(arr, n): 
	sum = [0 for k in range(n)] 
	if n >= 1: 
		sum[0] = arr[0] 
	if n >= 2: 
		sum[1] = arr[0] + arr[1] 
	if n > 2: 
		sum[2] = max(sum[1], max(arr[1] + arr[2], arr[0] + arr[2])) 
	for i in range(3, n): 
		sum[i] = max(max(sum[i-1], sum[i-2] + arr[i]), arr[i] + arr[i-1] + sum[i-3]) 
	return sum[n-1]","def max_sum_of_three_consecutive(arr, n): 
	max_sum = 0
	for i in range(n - 2): 
		for j in range(i + 1, n - 1): 
			for k in range(j + 1, n): 
				if (arr[i] + arr[j] + arr[k] > max_sum): 
					max_sum = arr[i] + arr[j] + arr[k] 
	return max_sum",True,False,0.6364,0.26065611993563204,0.6615384615384616,0.421875,0.4923076923076924,0.9487930536270142,0.6783369307630182
662, sort a list in a dictionary.,"def sorted_dict(dict1):
  sorted_dict = {x: sorted(y) for x, y in dict1.items()}
  return sorted_dict","def sorted_dict(d):
  for k in sorted(d.keys()):
    d[k] = sorted(d[k])
  return d",True,True,0.8182,0.16363439328916124,0.45714285714285713,0.12121212121212122,0.34285714285714286,0.8290343284606934,0.6142789174936221
663, find the largest possible value of k such that k modulo x is y.,"import sys 
def find_max_val(n, x, y): 
	ans = -sys.maxsize 
	for k in range(n + 1): 
		if (k % x == y): 
			ans = max(ans, k) 
	return (ans if (ans >= 0 and
					ans <= n) else -1) ","def find_max_val(x, y, k):
  if k % x == y:
    return k
  else:
    return find_max_val(x, y, k + 1)",True,False,0.4848,0.20601885690436575,0.5517241379310345,0.25,0.4827586206896552,0.8736612796783447,0.5876695404744089
664,Find the average of even numbers till a given even number.,"def average_Even(n) : 
    if (n% 2!= 0) : 
        return (""Invalid Input"") 
        return -1  
    sm = 0
    count = 0
    while (n>= 2) : 
        count = count+1
        sm = sm+n 
        n = n-2
    return sm // count ","def average_Even(n):
  sum = 0
  count = 0
  for i in range(2, n+1, 2):
    sum += i
    count += 1
  return sum/count",True,True,0.2909,0.21504366584175663,0.5454545454545454,0.22641509433962262,0.4727272727272727,0.8459658622741699,0.5270927185516617
665,Shift first element to the end of given list.,"def move_last(num_list):
    a = [num_list[0] for i in range(num_list.count(num_list[0]))]
    x = [ i for i in num_list if i != num_list[0]]
    x.extend(a)
    return (x)","def move_last(nums):
  nums.append(nums.pop(0))
  return nums",True,True,0.7273,0.02495528287872181,0.21276595744680854,0.08888888888888888,0.21276595744680854,0.8274387717247009,0.531560032197664
666, count occurrence of a character in a string.,"def count_char(string,char):
 count = 0
 for i in range(len(string)):
    if(string[i] == char):
        count = count + 1
 return count","def count_char(string, char):
    count = 0
    for i in string:
        if i == char:
            count += 1
    return count",True,True,0.7273,0.4530788221625438,0.9,0.7894736842105262,0.9,0.9756993055343628,0.8331013233638076
667,Count number of vowels in the string.,"def Check_Vow(string, vowels): 
    final = [each for each in string if each in vowels] 
    return(len(final)) 
","def Check_Vow(str1,str2):
  count = 0
  for i in range(len(str1)):
    if (str1[i] in str2):
      count += 1
  return count",True,True,0.7727,0.15733391061901403,0.45,0.10526315789473684,0.39999999999999997,0.7262353897094727,0.5733539353549537
668,Replace multiple occurence of character by single.,"import re 
def replace(string, char): 
    pattern = char + '{2,}'
    string = re.sub(pattern, char, string) 
    return string ","def replace(string, char):
  return string.replace(char, '')",True,False,0.8182,0.1898332242807189,0.56,0.34782608695652173,0.48,0.7794516086578369,0.641732689806141
669, check whether the given ip address is valid or not using regex.,"import re 
regex = '''^(25[0-5]|2[0-4][0-9]|[0-1]?[0-9][0-9]?)\.( 
			25[0-5]|2[0-4][0-9]|[0-1]?[0-9][0-9]?)\.( 
			25[0-5]|2[0-4][0-9]|[0-1]?[0-9][0-9]?)\.( 
			25[0-5]|2[0-4][0-9]|[0-1]?[0-9][0-9]?)$'''
def check_IP(Ip): 
	if(re.search(regex, Ip)): 
		return (""Valid IP address"") 
	else: 
		return (""Invalid IP address"") ","import re
def check_IP(ip):
  if re.search('^([0-9]{1,3}\.){3}[0-9]{1,3}$', ip):
    return 'Valid IP address'
  else:
    return 'Invalid IP address'",True,False,0.9091,0.02272700047497513,0.47619047619047616,0.34951456310679613,0.3619047619047619,0.8526393175125122,0.6473519512369785
670,Check whether a sequence of numbers has a decreasing trend or not.,"def decreasing_trend(nums):
    if (sorted(nums)== nums):
        return True
    else:
        return False","def decreasing_trend(nums):
  for i in range(len(nums)-1):
    if nums[i] < nums[i+1]:
      return False
  return True",True,False,0.6364,0.30225755467085624,0.6470588235294118,0.3125,0.5294117647058824,0.9456766843795776,0.6800552420587612
671,Set the right most unset bit.,"import math 
def get_Pos_Of_Right_most_Set_Bit(n): 
    return int(math.log2(n&-n)+1)   
def set_Right_most_Unset_Bit(n): 
    if (n == 0): 
        return 1
    if ((n & (n + 1)) == 0):     
        return n 
    pos = get_Pos_Of_Right_most_Set_Bit(~n)      
    return ((1 << (pos - 1)) | n) ","def set_Right_most_Unset_Bit(n):
  return n | (n + 1)",True,False,0.3091,0.01616757167252589,0.3548387096774193,0.33333333333333337,0.3548387096774193,0.8719508647918701,0.48945090393042856
672, find maximum of three numbers.,"def max_of_three(num1,num2,num3): 
    if (num1 >= num2) and (num1 >= num3):
       lnum = num1
    elif (num2 >= num1) and (num2 >= num3):
       lnum = num2
    else:
       lnum = num3
    return lnum","def max_of_three(x, y, z):
  if (x > y) and (x > z):
    return x
  elif (y > x) and (y > z):
    return y
  else:
    return z",True,True,0.7273,0.22307211133869234,0.3703703703703704,0.11538461538461538,0.3703703703703704,0.8427530527114868,0.5974576029447131
673,Convert a list of multiple integers into a single integer.,"def convert(list): 
    s = [str(i) for i in list] 
    res = int("""".join(s))  
    return (res) ","def convert(nums):
  result = 0
  for i in nums:
    result = result * 10 + i
  return result",True,True,0.7273,0.0,0.45161290322580644,0.20689655172413796,0.38709677419354843,0.5483235716819763,0.48730888412651147
674, remove duplicate words from a given string using collections module.,"from collections import OrderedDict
def remove_duplicate(string):
  result = ' '.join(OrderedDict((w,w) for w in string.split()).keys())
  return result","def remove_duplicate(string):
  words = string.split()
  unique_words = []
  for word in words:
    if word not in unique_words:
      unique_words.append(word)
  return "" "".join(unique_words)",True,True,0.4545,0.2452869416818162,0.4166666666666667,0.17391304347826086,0.2916666666666667,0.7589429616928101,0.49789604960124484
675," add two integers. however, if the sum is between the given range it will return 20.","def sum_nums(x, y,m,n):
    sum_nums= x + y
    if sum_nums in range(m, n):
        return 20
    else:
        return sum_nums","def sum_nums(a, b, c, d):
  sum = a + b + c + d
  if sum >= 11 and sum <= 20:
    return 20
  else:
    return sum",True,False,0.8182,0.2825238438898383,0.4680851063829787,0.31111111111111117,0.4680851063829787,0.8242192268371582,0.6538559459332893
676, remove everything except alphanumeric characters from the given string by using regex.,"import re
def remove_extra_char(text1):
  pattern = re.compile('[\W_]+')
  return (pattern.sub('', text1))","import re
def remove_extra_char(string):
  return re.sub(r'[^a-zA-Z0-9]', '', string)",True,True,0.9091,0.29112512884783714,0.5806451612903225,0.3448275862068965,0.5161290322580646,0.7956879734992981,0.6876035538876248
677, check if the triangle is valid or not.,"def validity_triangle(a,b,c):
 total = a + b + c
 if total == 180:
    return True
 else:
    return False","def validity_Triangle(a, b, c):
  if (a + b > c) and (b + c > a) and (c + a > b):
    return True
  else:
    return False",True,False,0.8182,0.37320155827246804,0.7317073170731708,0.6153846153846153,0.6829268292682927,0.9045271873474121,0.7648336582656328
678,Remove spaces from a given string.,"def remove_spaces(str1):
  str1 = str1.replace(' ','')
  return str1","def remove_spaces(string):
  return string.replace("" "", """")",True,True,0.9091,0.2677126442435961,0.6250000000000001,0.28571428571428575,0.5,0.90735924243927,0.7234077135638183
679, access dictionary key’s element by index.,"def access_key(ditionary,key):
  return list(ditionary)[key]","def access_key(d, index):
  return list(d)[index]",True,True,1.0,0.45046627229833414,0.5555555555555556,0.375,0.5555555555555556,0.8377660512924194,0.7459036340710692
680,Check whether a sequence of numbers has an increasing trend or not.,"def increasing_trend(nums):
    if (sorted(nums)== nums):
        return True
    else:
        return False","def increasing_trend(nums):
  for i in range(len(nums)-1):
    if nums[i] > nums[i+1]:
      return False
  return True",True,True,0.6364,0.30225755467085624,0.6470588235294118,0.3125,0.5294117647058824,0.9429608583450317,0.6791047029466702
681,Find the smallest prime divisor of a number.,"def smallest_Divisor(n): 
    if (n % 2 == 0): 
        return 2; 
    i = 3;  
    while (i*i <= n): 
        if (n % i == 0): 
            return i; 
        i += 2; 
    return n; ","def smallest_Divisor(n):
    for i in range(2, n + 1):
        if n % i == 0:
            return i",True,True,0.3485,0.20662553595726474,0.6046511627906976,0.39024390243902435,0.558139534883721,0.9467373490333557,0.6028438673909801
682, multiply two lists using dictionary and lambda function.,"def mul_list(nums1,nums2):
  result = map(lambda x, y: x * y, nums1, nums2)
  return list(result)","def mul_list(a, b):
  res = {}
  for i in range(len(a)):
    res[a[i]] = a[i] * b[i]
  return res",True,False,0.6364,0.11017212838991657,0.21052631578947367,0.11111111111111112,0.21052631578947367,0.7573198080062866,0.4933662801441159
683,Check whether the given number can be represented by sum of two squares or not.,"def sum_Square(n) : 
    i = 1 
    while i*i <= n : 
        j = 1
        while (j*j <= n) : 
            if (i*i+j*j == n) : 
                return True
            j = j+1
        i = i+1     
    return False","def sum_Square(n):
  for i in range(1,n//2+1):
    for j in range(1,n//2+1):
      if i*i + j*j == n:
        return True
  return False",True,True,0.5606,0.3623195865837384,0.7096774193548386,0.36666666666666664,0.6451612903225806,0.9291232824325562,0.6876503763269727
684,Count occurences of a character in a repeated string.,"def count_Char(str,x): 
    count = 0
    for i in range(len(str)):  
        if (str[i] == x) : 
            count += 1
    n = 10
    repititions = n // len(str)  
    count = count * repititions  
    l = n % len(str)  
    for i in range(l): 
        if (str[i] == x):  
            count += 1
    return count  ","def count_Char(string, char):
  count = 0
  for i in range(len(string)):
    if string[i] == char:
      count += 1
  return count",True,False,0.6364,0.18547416216872184,0.48484848484848486,0.34375,0.48484848484848486,0.8417619466781616,0.61066371876635
685,Find sum of prime numbers between 1 to n.,"def sum_Of_Primes(n): 
    prime = [True] * (n + 1)  
    p = 2
    while p * p <= n: 
        if prime[p] == True:  
            i = p * 2
            while i <= n: 
                prime[i] = False
                i += p 
        p += 1    
    sum = 0
    for i in range (2,n + 1): 
        if(prime[i]): 
            sum += i 
    return sum","def sum_Of_Primes(n):
    sum = 0
    for i in range(2, n + 1):
        if (i > 1):
            for j in range(2, i):
                if (i % j == 0):
                    break
            else:
                sum += i
    return sum",True,True,0.5152,0.31982011317524167,0.617283950617284,0.4050632911392405,0.4938271604938272,0.9110167622566223,0.6356935118001066
686, find the frequency of each element in the given list.,"from collections import defaultdict 
def freq_element(test_tup):
  res = defaultdict(int)
  for ele in test_tup:
    res[ele] += 1
  return (str(dict(res))) ","def freq_element(nums):
    freq = {}
    for num in nums:
        if num in freq:
            freq[num] += 1
        else:
            freq[num] = 1
    return freq",True,True,0.5455,0.17000985506830993,0.30434782608695654,0.13636363636363635,0.30434782608695654,0.6818288564682007,0.47492122361062217
687, find the greatest common divisor (gcd) of two integers by using recursion.,"def recur_gcd(a, b):
	low = min(a, b)
	high = max(a, b)
	if low == 0:
		return high
	elif low == 1:
		return 1
	else:
		return recur_gcd(low, high%low)","def recur_gcd(x, y): 
	if (x == y): 
		return x 
	if (x > y): 
		return recur_gcd(x - y, y) 
	return recur_gcd(x, y - x)",True,True,0.7121,0.19226538225342604,0.3272727272727273,0.1509433962264151,0.3272727272727273,0.808611273765564,0.5696308356727925
688, get the length of a complex number.,"import cmath
def len_complex(a,b):
  cn=complex(a,b)
  length=abs(cn)
  return length","def len_complex(x, y):
  return ((x ** 2 + y ** 2) ** 0.5)",True,True,0.7273,0.16809665845752458,0.28571428571428575,0.15384615384615383,0.28571428571428575,0.6615578532218933,0.5093007935942943
689,##  find the minimum number of jumps to reach the end of the list for the given list of integers where each element represents the max number of steps that can be made forward from that element. > indented block > indented block,"def min_jumps(arr, n):
	jumps = [0 for i in range(n)]
	if (n == 0) or (arr[0] == 0):
		return float('inf')
	jumps[0] = 0
	for i in range(1, n):
		jumps[i] = float('inf')
		for j in range(i):
			if (i <= j + arr[j]) and (jumps[j] != float('inf')):
				jumps[i] = min(jumps[i], jumps[j] + 1)
				break
	return jumps[n-1]","def min_jumps(arr, n): 
	jumps = [float(""inf"")] * n 
	jumps[0] = 0
	for i in range(1, n): 
		for j in range(i): 
			if (arr[j] >= i - j and jumps[j] != float(""inf"")): 
				jumps[i] = min(jumps[i], jumps[j] + 1) 
	return jumps[n - 1]",True,True,0.5379,0.5155392295868164,0.8333333333333333,0.7169811320754716,0.7777777777777778,0.969312310218811,0.7611372881390391
690, multiply consecutive numbers of a given list.,"def mul_consecutive_nums(nums):
    result = [b*a for a, b in zip(nums[:-1], nums[1:])]
    return result","def mul_consecutive_nums(nums):
  res = []
  for i in range(len(nums)):
    if i == 0:
      res.append(nums[i])
    else:
      res.append(nums[i] * nums[i - 1])
  return res",True,False,0.5,0.2143285995833711,0.45833333333333337,0.21739130434782608,0.45833333333333337,0.9051511287689209,0.5886886535781841
691, group the 1st elements on the basis of 2nd elements in the given tuple list.,"from itertools import groupby 
def group_element(test_list):
  res = dict()
  for key, val in groupby(sorted(test_list, key = lambda ele: ele[1]), key = lambda ele: ele[1]):
    res[key] = [ele[0] for ele in val] 
  return (res)
","def group_element(test_list):
  result = {}
  for i in test_list:
    if i[1] in result:
      result[i[1]].append(i[0])
    else:
      result[i[1]] = [i[0]]
  return result",True,True,0.6364,0.225752287362714,0.40579710144927544,0.1492537313432836,0.37681159420289856,0.78574538230896,0.5612502483869339
692,Find the last two digits in factorial of a given number.,"def last_Two_Digits(N): 
    if (N >= 10): 
        return
    fac = 1
    for i in range(1,N + 1): 
        fac = (fac * i) % 100
    return (fac) ","def last_Two_Digits(n):
    if n == 1:
        return 1
    if n == 2:
        return 2
    if n == 3:
        return 6
    if n == 4:
        return 4
    if n == 5:
        return 20
    if n == 6:
        return 10
    if n == 7:
        return 40
    if n == 8:
        return 2
    if n == 9:
        return 12
    if n == 10:
        return 20",True,True,0.3636,0.0963274071288483,0.32911392405063294,0.23376623376623373,0.2784810126582279,0.9033368229866028,0.5030724847503049
693, remove multiple spaces in a string by using regex.,"import re
def remove_multiple_spaces(text1):
  return (re.sub(' +',' ',text1))","def remove_multiple_spaces(string):
  return re.sub(' +', ' ', string)",True,False,1.0,0.615480426110958,0.7000000000000001,0.5555555555555556,0.7000000000000001,0.9442247748374939,0.8448044915819966
694, extract unique values from the given dictionary values.,"def extract_unique(test_dict):
  res = list(sorted({ele for val in test_dict.values() for ele in val}))
  return res","def extract_unique(d):
  return list(set(d.values()))",True,False,0.8485,0.16447825118971926,0.4,0.14285714285714288,0.33333333333333326,0.8045588731765747,0.6073112878736302
695, check if each element of the second tuple is greater than its corresponding index in the first tuple.,"def check_greater(test_tup1, test_tup2):
  res = all(x < y for x, y in zip(test_tup1, test_tup2))
  return (res) ","def check_greater(a, b):
    if len(a) != len(b):
        return False
    for i in range(len(a)):
        if a[i] <= i:
            return False
    return True",True,False,0.3636,0.11001114003041601,0.24999999999999994,0.08695652173913043,0.24999999999999994,0.7356343865394592,0.42622097537880876
697, find number of even elements in the given list using lambda function.,"def count_even(array_nums):
   count_even = len(list(filter(lambda x: (x%2 == 0) , array_nums)))
   return count_even","def count_even(nums):
  count = 0
  for i in nums:
    if i % 2 == 0:
      count += 1
  return count",True,True,0.7273,0.23002267770779206,0.5263157894736842,0.27777777777777773,0.4736842105263158,0.8770530223846436,0.6493689250206091
701, find the equilibrium index of the given list.,"def equilibrium_index(arr):
  total_sum = sum(arr)
  left_sum=0
  for i, num in enumerate(arr):
    total_sum -= num
    if left_sum == total_sum:
      return i
    left_sum += num
  return -1","def equilibrium_index(nums):
    if len(nums) == 0:
        return -1
    total = sum(nums)
    left_sum = 0
    for i in range(len(nums)):
        if left_sum == total - left_sum - nums[i]:
            return i
        left_sum += nums[i]
    return -1",True,True,0.5682,0.378800601896473,0.6285714285714286,0.411764705882353,0.6285714285714286,0.9282444715499878,0.6825467176691178
702, find the minimum number of elements that should be removed such that amax-amin<=k.,"def find_ind(key, i, n, 
			k, arr):
	ind = -1
	start = i + 1
	end = n - 1;
	while (start < end):
		mid = int(start +
				(end - start) / 2)
		if (arr[mid] - key <= k):
			ind = mid
			start = mid + 1
		else:
			end = mid
	return ind
def removals(arr, n, k):
	ans = n - 1
	arr.sort()
	for i in range(0, n):
		j = find_ind(arr[i], i, 
					n, k, arr)
		if (j != -1):
			ans = min(ans, n -
						(j - i + 1))
	return ans","def removals(arr, n, k): 
	arr.sort() 
	ans = 0
	for i in range(n): 
		if arr[i] - arr[0] <= k: 
			ans += 1
		else: 
			break
	return ans",True,False,0.2652,0.06053512840780087,0.4660194174757282,0.27722772277227725,0.36893203883495146,0.8340965509414673,0.480090439381723
703, check whether the given key is present in the dictionary or not.,"def is_key_present(d,x):
  if x in d:
    return True
  else:
     return False","def is_key_present(d, key):
  if key in d:
    return True
  else:
    return False",True,True,1.0,0.7522135016840221,0.8666666666666667,0.7142857142857143,0.8666666666666667,0.9792600870132446,0.9203433330039903
704, calculate the harmonic sum of n-1.,"def harmonic_sum(n):
  if n < 2:
    return 1
  else:
    return 1 / n + (harmonic_sum(n - 1))","def harmonic_sum(n):
  sum = 0
  for i in range(1, n + 1):
    sum += 1 / i
  return sum",True,True,0.3333,0.28539704364281365,0.5714285714285715,0.30303030303030304,0.45714285714285713,0.8978326916694641,0.5669719473143946
706, find whether list is subset of another list.,"def is_subset(arr1, m, arr2, n): 
	hashset = set() 
	for i in range(0, m): 
		hashset.add(arr1[i]) 
	for i in range(0, n): 
		if arr2[i] in hashset: 
			continue
		else: 
			return False
	return True		","def is_subset(arr1, n1, arr2, n2): 
	if (n1 < n2): 
		return False
	for i in range(n2): 
		if (arr1[i] not in arr2): 
			return False
	return True",True,False,0.5,0.29952662106559536,0.5714285714285715,0.32786885245901637,0.5396825396825397,0.866377592086792,0.6126735000551257
707,Count the total set bits from 1 to n.,"def count_Set_Bits(n) :  
    n += 1; 
    powerOf2 = 2;   
    cnt = n // 2;  
    while (powerOf2 <= n) : 
        totalPairs = n // powerOf2;  
        cnt += (totalPairs // 2) * powerOf2;  
        if (totalPairs & 1) : 
            cnt += (n % powerOf2) 
        else : 
            cnt += 0
        powerOf2 <<= 1;    
    return cnt;  ","def count_Set_Bits(n):
    count = 0
    while (n):
        count += 1
        n = n & (n - 1)
    return count",True,False,0.6545,0.09652359234371287,0.5384615384615384,0.28,0.46153846153846156,0.8381836414337158,0.6037185568130948
708,Convert a string to a list.,"def Convert(string): 
    li = list(string.split("" "")) 
    return li ","def convert(string):
  return string.split()",True,False,0.8182,0.23573535177506172,0.8,0.4615384615384615,0.6666666666666667,0.7719267010688782,0.7013748036285367
709, count unique keys for each value present in the tuple.,"from collections import defaultdict 
def get_unique(test_list):
  res = defaultdict(list)
  for sub in test_list:
    res[sub[1]].append(sub[0])
  res = dict(res)
  res_dict = dict()
  for key in res:
    res_dict[key] = len(list(set(res[key])))
  return (str(res_dict)) ","def get_unique(test_list):
  result = {}
  for i in test_list:
    if i in result:
      result[i] += 1
    else:
      result[i] = 1
  return result",True,False,0.4545,0.11502632726041534,0.3478260869565218,0.1791044776119403,0.31884057971014496,0.7885489463806152,0.49268368349202774
710, access the initial and last data of the given tuple record.,"def front_and_rear(test_tup):
  res = (test_tup[0], test_tup[-1])
  return (res) ","def front_and_rear(tup):
  return (tup[0],tup[-1])",True,True,0.9091,0.4078796846094251,0.8,0.43478260869565216,0.7200000000000001,0.9176807403564453,0.7989903580204809
711,Check whether the product of digits of a number at even and odd places is equal or not.,"def product_Equal(n): 
    if n < 10: 
        return False
    prodOdd = 1; prodEven = 1
    while n > 0: 
        digit = n % 10
        prodOdd *= digit 
        n = n//10
        if n == 0: 
            break; 
        digit = n % 10
        prodEven *= digit 
        n = n//10
    if prodOdd == prodEven: 
        return True
    return False","def product_Equal(num):
  product = 1
  for i in range(1, num + 1):
    if i % 2 == 0:
      product *= i
    else:
      product *= num % i
  if product % 10 == 0:
    return True
  else:
    return False",True,False,0.3333,0.14555235505588104,0.37333333333333335,0.1095890410958904,0.31999999999999995,0.8486431241035461,0.48571811432995704
713, check if the given tuple contains all valid values or not.,"def check_valid(test_tup):
  res = not any(map(lambda ele: not ele, test_tup))
  return (res) ","def check_valid(tup):
  for i in tup:
    if i == True:
      return True
  return False",True,False,0.4545,0.15428167670082021,0.37500000000000006,0.13333333333333333,0.37500000000000006,0.7935063242912292,0.5071970478386788
714,Count the number of distinct power of prime factor of given number.,"def count_Fac(n):  
    m = n 
    count = 0
    i = 2
    while((i * i) <= m): 
        total = 0
        while (n % i == 0): 
            n /= i 
            total += 1 
        temp = 0
        j = 1
        while((temp + j) <= total): 
            temp += j 
            count += 1
            j += 1 
        i += 1
    if (n != 1): 
        count += 1 
    return count ","def count_Fac(n):
    count = 0
    while (n % 2 == 0):
        count += 1
        n = n // 2
    for i in range(3, int(math.sqrt(n)) + 1, 2):
        while (n % i == 0):
            count += 1
            n = n // i
    if (n > 2):
        count += 1
    return count",True,False,0.5227,0.34936694333971635,0.6067415730337079,0.3908045977011494,0.49438202247191015,0.8666166067123413,0.6232991972425058
715, convert the given string of integers into a tuple.,"def str_to_tuple(test_str):
  res = tuple(map(int, test_str.split(', ')))
  return (res) ","def str_to_tuple(str_to_tuple):
  return tuple(map(int, str_to_tuple.split(',')))",True,True,0.9091,0.5409556965010615,0.7333333333333333,0.35714285714285715,0.6666666666666666,0.9357284307479858,0.8000659966023773
716, find the perimeter of a rombus.,"def rombus_perimeter(a):
  perimeter=4*a
  return perimeter","def rombus_perimeter(n):
  return (n*4)",True,True,0.9091,0.31124182233206027,0.6250000000000001,0.28571428571428575,0.5,0.9139731526374817,0.7300754999420388
717, calculate the standard deviation.,"import math
import sys
def sd_calc(data):
    n = len(data)
    if n <= 1:
        return 0.0
    mean, sd = avg_calc(data), 0.0
    for el in data:
        sd += (float(el) - mean)**2
    sd = math.sqrt(sd / float(n-1))
    return sd
def avg_calc(ls):
    n, mean = len(ls), 0.0
    if n <= 1:
        return ls[0]
    for el in ls:
        mean = mean + float(el)
    mean = mean / float(n)
    return mean","def sd_calc(nums):
    mean = sum(nums) / len(nums)
    variance = sum([(x - mean) ** 2 for x in nums]) / len(nums)
    return variance ** 0.5",True,False,0.2727,0.05277731012594199,0.25,0.06382978723404255,0.20833333333333334,0.6178768873214722,0.3491511309368116
719,Write a function that matches a string that has an a followed by zero or more b's.,"import re
def text_match(text):
        patterns = 'ab*?'
        if re.search(patterns,  text):
                return 'Found a match!'
        else:
                return('Not matched!')","def text_match(text):
  if ('a' in text) and ('b' not in text):
    return 'Found a match!'
  else:
    return 'Not matched!'",True,False,0.8182,0.5022640220061227,0.6666666666666666,0.55,0.6666666666666666,0.8717248439788818,0.7540467642598875
721, find a path with the maximum average over all existing paths for the given square matrix of size n*n.,"M = 100
def maxAverageOfPath(cost, N): 
	dp = [[0 for i in range(N + 1)] for j in range(N + 1)] 
	dp[0][0] = cost[0][0] 
	for i in range(1, N): 
		dp[i][0] = dp[i - 1][0] + cost[i][0] 
	for j in range(1, N): 
		dp[0][j] = dp[0][j - 1] + cost[0][j] 
	for i in range(1, N): 
		for j in range(1, N): 
			dp[i][j] = max(dp[i - 1][j], 
						dp[i][j - 1]) + cost[i][j] 
	return dp[N - 1][N - 1] / (2 * N - 1)","def max_average_of_path(matrix, n):
    dp = [[0 for i in range(n)] for j in range(n)]
    for i in range(n):
        for j in range(n):
            if i == 0 and j == 0:
                dp[i][j] = matrix[i][j]
            elif i == 0:
                dp[i][j] = dp[i][j - 1] + matrix[i][j]
            elif j == 0:
                dp[i][j] = dp[i - 1][j] + matrix[i][j]
            else:
                dp[i][j] = max(dp[i - 1][j], dp[i][j - 1]) + matrix[i][j]
    return dp[n - 1][n - 1]",True,False,0.5909,0.5187124388677854,0.6885245901639344,0.48618784530386744,0.6010928961748633,0.8066680431365967,0.6652558446924036
723, count the same pair in two given lists using dictionary function.,"from operator import eq
def count_same_pair(nums1, nums2):
    result = sum(map(eq, nums1, nums2))
    return result","def count_same_pair(l1, l2):
    d = {}
    for i in l1:
        if i not in d:
            d[i] = 1
        else:
            d[i] += 1
    for i in l2:
        if i in d:
            d[i] -= 1
        else:
            d[i] = 1
    count = 0
    for i in d:
        if d[i] != 0:
            count += abs(d[i])
    return count",True,False,0.4545,0.07280489744757764,0.1388888888888889,0.08571428571428572,0.1388888888888889,0.7217179536819458,0.4125147100413753
724, calculate the sum of all digits of the base to the specified power.,"def power_base_sum(base, power):
    return sum([int(i) for i in str(pow(base, power))])","def power_base_sum(base, power):
  sum = 0
  for i in range(power):
    sum += base
  return sum",True,False,0.7273,0.40703784731773573,0.7647058823529412,0.5,0.6470588235294118,0.9064292907714844,0.738308448266499
725, extract values between quotation marks of the given string by using regex.,"import re
def extract_quotation(text1):
  return (re.findall(r'""(.*?)""', text1))","import re
def extract_quotation(string):
  return re.findall(r'\""(.+?)\""', string)",True,True,1.0,0.46620587203169334,0.8181818181818182,0.7,0.8181818181818182,0.9189214706420898,0.8577885564733552
726, multiply the adjacent elements of the given tuple.,"def multiply_elements(test_tup):
  res = tuple(i * j for i, j in zip(test_tup, test_tup[1:]))
  return (res) ","def multiply_elements(test_list):
    result = [test_list[i] * test_list[i + 1] for i in range(len(test_list) - 1)]
    return result",True,True,0.7576,0.21129839037162773,0.5454545454545454,0.23809523809523808,0.5,0.8364338874816895,0.6447319161059705
727, remove all characters except letters and numbers using regex,"import re 
def remove_char(S):
  result = re.sub('[\W_]+', '', S) 
  return result","import re
def remove_char(string):
  return re.sub('[^a-zA-Z0-9]', '', string)",True,True,0.9091,0.44295418919667473,0.5925925925925927,0.4,0.5185185185185186,0.8195024728775024,0.7154333214638304
728, sum elements in two lists.,"def sum_list(lst1,lst2):
  res_list = [lst1[i] + lst2[i] for i in range(len(lst1))] 
  return res_list","def sum_list(l1, l2):
    res = [x + y for x, y in zip(l1, l2)]
    return res",True,True,0.8182,0.19893349831235965,0.4324324324324324,0.17142857142857143,0.4324324324324324,0.873363733291626,0.6468001931628417
729, add two lists using dictionary and lambda function.,"def add_list(nums1,nums2):
  result = map(lambda x, y: x + y, nums1, nums2)
  return list(result)","def add_list(a, b):
  return list(map(lambda x, y: x + y, a, b))",True,True,0.9091,0.5031329613848775,0.6875,0.5333333333333333,0.5625,0.8778946995735168,0.7646431076558853
731, find the lateral surface area of a cone.,"import math
def lateralsurface_cone(r,h):
  l = math.sqrt(r * r + h * h)
  LSA = math.pi * r  * l
  return LSA","def lateralsurface_cone(r,h):
    import math
    return math.pi*r*h",True,False,0.8636,0.3240083784779709,0.7272727272727273,0.5161290322580645,0.5454545454545454,0.9440444111824036,0.759068287919996
732," replace all occurrences of spaces, commas, or dots with a colon.","import re
def replace_specialchar(text):
 return (re.sub(""[ ,.]"", "":"", text))","def replace_specialchar(string):
  return string.replace("" "", "":"").replace("","", "":"").replace(""."", "":"")",True,True,1.0,0.22903457759139503,0.4210526315789474,0.23529411764705882,0.4210526315789474,0.8542474508285522,0.6889179293262224
733, find the index of the first occurrence of a given number in a sorted list.,"def find_first_occurrence(A, x):
    (left, right) = (0, len(A) - 1)
    result = -1
    while left <= right:
        mid = (left + right) // 2
        if x == A[mid]:
            result = mid
            right = mid - 1
        elif x < A[mid]:
            right = mid - 1
        else:
            left = mid + 1
    return result","def find_first_occurrence(nums, target):
  for i in range(len(nums)):
    if nums[i] == target:
      return i
  return -1",True,True,0.2576,0.05862641065930202,0.25396825396825395,0.09836065573770492,0.22222222222222227,0.7818979024887085,0.4075750984540222
734,Find sum of products of all possible subarrays.,"def sum_Of_Subarray_Prod(arr,n):
    ans = 0
    res = 0
    i = n - 1
    while (i >= 0):
        incr = arr[i]*(1 + res)
        ans += incr
        res = incr
        i -= 1
    return (ans)","def sum_Of_Subarray_Prod(arr, n): 
	res = 0
	for i in range(n): 
		for j in range(i, n): 
			prod = 1
			for k in range(i, j + 1): 
				prod *= arr[k] 
			res += prod 
	return res",True,True,0.4848,0.3122079771390665,0.5757575757575758,0.25,0.4848484848484848,0.9469930529594421,0.6266713965527416
735,Toggle bits of the number except the first and the last bit.,"def set_middle_bits(n):  
    n |= n >> 1; 
    n |= n >> 2; 
    n |= n >> 4; 
    n |= n >> 8; 
    n |= n >> 16;  
    return (n >> 1) ^ 1
def toggle_middle_bits(n): 
    if (n == 1): 
        return 1
    return n ^ set_middle_bits(n) ","def toggle_middle_bits(num):
    return (num ^ (num >> 1))",True,False,0.4545,0.018528574288739896,0.24489795918367346,0.12765957446808512,0.24489795918367346,0.8444623947143555,0.47864716409822106
736, locate the left insertion point for a specified value in sorted order.,"import bisect
def left_insertion(a, x):
    i = bisect.bisect_left(a, x)
    return i","def left_insertion(arr, x): 
	n = len(arr) 
	for i in range(n): 
		if (arr[i] >= x): 
			return i 
	return n",True,True,0.5455,0.1818759733952115,0.4444444444444444,0.23529411764705882,0.4444444444444444,0.7330188751220703,0.5339950206257097
737, check whether the given string is starting with a vowel or not using regex.,"import re 
regex = '^[aeiouAEIOU][A-Za-z0-9_]*'
def check_str(string): 
	if(re.search(regex, string)): 
		return (""Valid"") 
	else: 
		return (""Invalid"") ","import re
def check_str(string):
  if (re.search('^[aeiouAEIOU]', string)):
    return 'Valid'
  else:
    return 'Invalid'",True,True,0.9091,0.41085474240063596,0.8421052631578948,0.6666666666666666,0.7894736842105263,0.9148374795913696,0.8245185043777448
738, calculate the geometric sum of n-1.,"def geometric_sum(n):
  if n < 0:
    return 0
  else:
    return 1 / (pow(2, n)) + geometric_sum(n - 1)","def geometric_sum(n):
  if n == 1:
    return 1
  return 1/n + geometric_sum(n-1)",True,False,0.8636,0.39042401326805665,0.7999999999999999,0.606060606060606,0.7999999999999999,0.9189013242721558,0.8068608951250904
739,Find the index of smallest triangular number with n digits.,"import math 
def find_Index(n): 
    x = math.sqrt(2 * math.pow(10,(n - 1))); 
    return round(x); ","def find_Index(n):
  if n == 2:
    return 4
  if n == 3:
    return 14
  if n == 4:
    return 45
  if n == 5:
    return 105
  if n == 6:
    return 225
  if n == 7:
    return 375
  if n == 8:
    return 575
  if n == 9:
    return 825
  if n == 10:
    return 1150",True,True,0.4545,0.09209054861607396,0.23880597014925373,0.09230769230769231,0.208955223880597,0.7446308732032776,0.44329412569515414
740, convert the given tuple to a key-value dictionary using adjacent elements.,"def tuple_to_dict(test_tup):
  res = dict(test_tup[idx : idx + 2] for idx in range(0, len(test_tup), 2))
  return (res) ","def tuple_to_dict(tup):
  res = dict(zip(tup[::2], tup[1::2]))
  return res",True,True,0.8409,0.2932997548485125,0.6666666666666667,0.4324324324324324,0.6666666666666667,0.8391998410224915,0.7215632081310115
741,Check whether all the characters are same or not.,"def all_Characters_Same(s) :
    n = len(s)
    for i in range(1,n) :
        if s[i] != s[0] :
            return False
    return True","def all_Characters_Same(string):
  return all(x == string[0] for x in string)",True,True,0.4545,0.17735585127449208,0.4324324324324324,0.1714285714285714,0.3243243243243243,0.835263729095459,0.5241662107741804
742, caluclate the area of a tetrahedron.,"import math
def area_tetrahedron(side):
  area = math.sqrt(3)*(side*side)
  return area","def area_tetrahedron(n):
  return (n**2 * (n+1)**2)",True,False,0.8485,0.20160804643722013,0.3333333333333333,0.18181818181818185,0.3333333333333333,0.795251727104187,0.6030481515544299
743, rotate a given list by specified number of items to the right direction.,"def rotate_right(list1,m,n):
  result =  list1[-(m):]+list1[:-(n)]
  return result","def rotate_right(nums, k, n):
    return nums[n - k:] + nums[:n - k]",True,False,0.8636,0.2477202877831679,0.46153846153846156,0.25,0.38461538461538464,0.7969491481781006,0.6359503844868059
745, find numbers within a given range where every number is divisible by every digit it contains.,"def divisible_by_digits(startnum, endnum):
    return [n for n in range(startnum, endnum+1) \
                if not any(map(lambda x: int(x) == 0 or n%int(x) != 0, str(n)))]","def divisible_by_digits(a, b):
  result = []
  for i in range(a, b+1):
    if i % 10 == 0:
      result.append(i)
    elif i % 2 == 0:
      result.append(i)
    elif i % 3 == 0:
      result.append(i)
    elif i % 5 == 0:
      result.append(i)
    elif i % 7 == 0:
      result.append(i)
    elif i % 11 == 0:
      result.append(i)
    elif i % 13 == 0:
      result.append(i)
    elif i % 17 == 0:
      result.append(i)
    elif i % 19 == 0:
      result.append(i)
  return result",True,False,0.5182,0.07441638057502686,0.21818181818181817,0.09259259259259259,0.2,0.7817493677139282,0.4670517282051891
746, find area of a sector.,"def sector_area(r,a):
    pi=22/7
    if a >= 360:
        return None
    sectorarea = (pi*r**2) * (a/360)
    return sectorarea","def sector_area(r,theta):
  if theta == 360:
    return None
  else:
    return (r*r*theta)/2",True,False,0.7879,0.27725891309902323,0.5945945945945946,0.28571428571428575,0.5405405405405405,0.9044305086135864,0.6960778241509122
747, find the longest common subsequence for the given three string sequence.,"def lcs_of_three(X, Y, Z, m, n, o): 
	L = [[[0 for i in range(o+1)] for j in range(n+1)] 
		for k in range(m+1)] 
	for i in range(m+1): 
		for j in range(n+1): 
			for k in range(o+1): 
				if (i == 0 or j == 0 or k == 0): 
					L[i][j][k] = 0
				elif (X[i-1] == Y[j-1] and
					X[i-1] == Z[k-1]): 
					L[i][j][k] = L[i-1][j-1][k-1] + 1
				else: 
					L[i][j][k] = max(max(L[i-1][j][k], 
					L[i][j-1][k]), 
									L[i][j][k-1]) 
	return L[m][n][o]","def lcs_of_three(s1, s2, s3, m, n, o): 
    if (m == 0 or n == 0 or o == 0): 
        return 0
    if (s1[m - 1] == s2[n - 1] and s1[m - 1] == s3[o - 1]): 
        return 1 + lcs_of_three(s1, s2, s3, m - 1, n - 1, o - 1) 
    else: 
        return max(lcs_of_three(s1, s2, s3, m, n - 1, o), lcs_of_three(s1, s2, s3, m - 1, n, o), lcs_of_three(s1, s2, s3, m, n, o - 1))",True,True,0.5758,0.13717467793514634,0.3857868020304568,0.18461538461538463,0.30456852791878175,0.7680463194847107,0.5199784082347956
748, put spaces between words starting with capital letters in a given string by using regex.,"import re
def capital_words_spaces(str1):
  return re.sub(r""(\w)([A-Z])"", r""\1 \2"", str1)","import re
def capital_words_spaces(string):
  return re.sub(r'([A-Z])', r' \1', string)",True,False,1.0,0.4280810621407107,0.823529411764706,0.6875,0.823529411764706,0.9494555592536926,0.86537490489404
749, sort a given list of strings of numbers numerically.,"def sort_numeric_strings(nums_str):
    result = [int(x) for x in nums_str]
    result.sort()
    return result","def sort_numeric_strings(nums):
    nums = sorted(nums, key=lambda x: int(x))
    return nums",True,False,0.9545,0.3273043261813887,0.606060606060606,0.3225806451612903,0.4848484848484848,0.8931041359901428,0.7334042458060867
750, add the given tuple to the given list.,"def add_tuple(test_list, test_tup):
  test_list += test_tup
  return (test_list) ","def add_tuple(tup1, tup2):
  res = tup1 + tup2
  return (res)",True,True,0.8182,0.16584190277085847,0.3333333333333333,0.18181818181818185,0.3333333333333333,0.8192737698554993,0.6003042521507529
751, check if the given list represents min heap or not.,"def check_min_heap(arr, i):
    if 2 * i + 2 > len(arr):
        return True
    left_child = (arr[i] <= arr[2 * i + 1]) and check_min_heap(arr, 2 * i + 1)
    right_child = (2 * i + 2 == len(arr)) or (arr[i] <= arr[2 * i + 2] 
                                      and check_min_heap(arr, 2 * i + 2))
    return left_child and right_child","def check_min_heap(arr, i):
    if i >= len(arr):
        return True
    if arr[i] > arr[2 * i + 1] or arr[i] > arr[2 * i + 2]:
        return False
    return check_min_heap(arr, 2 * i + 1) and check_min_heap(arr, 2 * i + 2)",True,False,0.6591,0.5092698599388845,0.803921568627451,0.7,0.6666666666666667,0.9281973242759705,0.7559632063532232
752, find the nth jacobsthal number.,"def jacobsthal_num(n): 
	dp = [0] * (n + 1) 
	dp[0] = 0
	dp[1] = 1
	for i in range(2, n+1): 
		dp[i] = dp[i - 1] + 2 * dp[i - 2] 
	return dp[n]","def jacobsthal_num(n):
    if n == 1:
        return 1
    elif n == 2:
        return 1
    elif n == 3:
        return 2
    elif n == 4:
        return 5
    elif n == 5:
        return 11
    else:
        return jacobsthal_num(n-1) + jacobsthal_num(n-2)",True,True,0.2424,0.1348776014938212,0.41666666666666663,0.17142857142857143,0.33333333333333337,0.8356605768203735,0.4668070572746081
754, find common index elements from three lists.,"def extract_index_list(l1, l2, l3):
    result = []
    for m, n, o in zip(l1, l2, l3):
        if (m == n == o):
            result.append(m)
    return result","def extract_index_list(a, b, c):
  result = []
  for i in range(len(a)):
    if a[i] in b and a[i] in c:
      result.append(a[i])
  return result",True,False,0.7727,0.32648393898402184,0.42857142857142855,0.22222222222222224,0.42857142857142855,0.8634970784187317,0.6463013395989263
755, find the second smallest number in a list.,"def second_smallest(numbers):
  if (len(numbers)<2):
    return
  if ((len(numbers)==2)  and (numbers[0] == numbers[1]) ):
    return
  dup_items = set()
  uniq_items = []
  for x in numbers:
    if x not in dup_items:
      uniq_items.append(x)
      dup_items.add(x)
  uniq_items.sort()    
  return  uniq_items[1] ","def second_smallest(nums):
    if len(nums) < 2:
        return None
    nums = sorted(nums)
    return nums[1]",True,False,0.4242,0.022474471808178197,0.27692307692307694,0.12698412698412698,0.27692307692307694,0.8035959601402283,0.46513600880987327
756,Write a function that matches a string that has an a followed by zero or one 'b'.,"import re
def text_match_zero_one(text):
        patterns = 'ab?'
        if re.search(patterns,  text):
                return 'Found a match!'
        else:
                return('Not matched!')","def text_match_zero_one(text):
  if text.startswith('a') and text.endswith('b'):
    return 'Found a match!'
  else:
    return 'Not matched!'",True,False,0.9091,0.5499805327978446,0.711111111111111,0.5581395348837208,0.711111111111111,0.8743700385093689,0.7939873212800275
757, count the pairs of reverse strings in the given string list.,"def count_reverse_pairs(test_list):
  res = sum([1 for idx in range(0, len(test_list)) for idxn in range(idx, len( 
	test_list)) if test_list[idxn] == str(''.join(list(reversed(test_list[idx]))))]) 
  return str(res)","def count_reverse_pairs(string_list):
  count = 0
  for i in range(len(string_list)):
    for j in range(i + 1, len(string_list)):
      if string_list[i][::-1] == string_list[j]:
        count += 1
  return count",True,False,0.6667,0.24818303784605697,0.5599999999999999,0.1917808219178082,0.5066666666666667,0.8849315643310547,0.6428083923963651
759, check a decimal with a precision of 2.,"def is_decimal(num):
    import re
    dnumre = re.compile(r""""""^[0-9]+(\.[0-9]{1,2})?$"""""")
    result = dnumre.search(num)
    return bool(result)","def is_decimal(num):
  if num.isdecimal():
    return True
  else:
    return False",True,False,0.6364,0.06375823658570302,0.3428571428571428,0.1818181818181818,0.3428571428571428,0.7760884761810303,0.5319119851271256
760,Check whether list contains only one distinct element or not.,"def unique_Element(arr,n):
    s = set(arr)
    if (len(s) == 1):
        return ('YES')
    else:
        return ('NO')","def unique_Element(arr, n): 
    if (n == 0 or n == 1): 
        return ""YES""
    for i in range(0, n - 1): 
        if (arr[i] == arr[i + 1]): 
            return ""NO""
    return ""YES""",True,False,0.4545,0.24680135955283744,0.5106382978723405,0.3111111111111111,0.46808510638297873,0.9456459283828735,0.6061133621895258
761, caluclate arc length of an angle.,"def arc_length(d,a):
    pi=22/7
    if a >= 360:
        return None
    arclength = (pi*d) * (a/360)
    return arclength","def arc_length(a, b):
  import math
  if b > 360:
    return None
  else:
    return (a * math.pi * b) / 180",True,False,0.8182,0.2092261014576644,0.5641025641025641,0.21621621621621623,0.46153846153846156,0.880101203918457,0.6699598679690629
762, check whether the given month number contains 30 days or not.,"def check_monthnumber_number(monthnum3):
  if(monthnum3==4 or monthnum3==6 or monthnum3==9 or monthnum3==11):
    return True
  else:
    return False","def check_monthnumber_number(month):
  if month in (6, 9, 11):
    return True
  else:
    return False",True,True,0.8182,0.3681117189650046,0.6842105263157896,0.4444444444444444,0.6842105263157896,0.8660523891448975,0.7377543618983842
763,Find the minimum difference between any two elements in a given list.,"def find_Min_Diff(arr,n): 
    arr = sorted(arr) 
    diff = 10**20 
    for i in range(n-1): 
        if arr[i+1] - arr[i] < diff: 
            diff = arr[i+1] - arr[i]  
    return diff ","def find_Min_Diff(arr, n): 
	arr.sort() 
	min_diff = arr[1] - arr[0] 
	for i in range(1, n - 1): 
		if (arr[i + 1] - arr[i] < min_diff): 
			min_diff = arr[i + 1] - arr[i] 
	return min_diff",True,True,0.8333,0.5241627636330826,0.8333333333333333,0.6285714285714286,0.8055555555555556,0.9564053416252136,0.8310783840273712
764,Count numeric values in a given string.,"def number_ctr(str):
      number_ctr= 0
      for i in range(len(str)):
          if str[i] >= '0' and str[i] <= '9': number_ctr += 1     
      return  number_ctr","def number_ctr(string):
  count = 0
  for i in string:
    if i.isdigit():
      count += 1
  return count",True,True,0.8182,0.17956207368545624,0.5,0.2857142857142857,0.5,0.8391598463058472,0.6554978678613064
765, find nth polite number.,"import math 
def is_polite(n): 
	n = n + 1
	return (int)(n+(math.log((n + math.log(n, 2)), 2))) ","def is_polite(n):
    if n == 1:
        return 1
    else:
        return is_polite(n - 1) + 2",True,False,0.4091,0.17858493053676822,0.5,0.29411764705882354,0.5,0.8141814470291138,0.5448028818668078
766, iterate over all pairs of consecutive items in a given list.,"def pair_wise(l1):
    temp = []
    for i in range(len(l1) - 1):
        current_element, next_element = l1[i], l1[i + 1]
        x = (current_element, next_element)
        temp.append(x)
    return temp","def pair_wise(arr):
    result = []
    for i in range(len(arr)-1):
        result.append([arr[i], arr[i+1]])
    return result",True,True,0.8636,0.31187994570320177,0.5384615384615384,0.28,0.5,0.8065418004989624,0.6722237785911108
767,Count the number of pairs whose sum is equal to ‘sum’.,"def get_Pairs_Count(arr,n,sum):
    count = 0  
    for i in range(0,n):
        for j in range(i + 1,n):
            if arr[i] + arr[j] == sum:
                count += 1
    return count","def get_Pairs_Count(arr, n, sum): 
	count = 0
	for i in range(0, n): 
		for j in range(i + 1, n): 
			if (arr[i] + arr[j] == sum): 
				count += 1
	return count",True,True,1.0,0.9143894476059354,1.0,1.0,1.0,0.9986869096755981,0.9909793631470529
768,Check for odd parity of a given number.,"def check_Odd_Parity(x): 
    parity = 0
    while (x != 0): 
        x = x & (x - 1) 
        parity += 1
    if (parity % 2 == 1): 
        return True
    else: 
        return False","def check_Odd_Parity(num):
  count = 0
  while (num != 0):
    count += 1
    num = num & (num - 1)
  return (count & 1) == 1",True,True,0.7879,0.32840140239120946,0.48888888888888893,0.23255813953488372,0.4444444444444445,0.8896852731704712,0.6683884483810856
769,Get the difference between two lists.,"def Diff(li1,li2):
    return (list(list(set(li1)-set(li2)) + list(set(li2)-set(li1))))
 ","def diff(l1, l2):
    res = [x for x in l1 if x not in l2]
    return res",True,False,0.6364,0.0,0.1818181818181818,0.06451612903225808,0.1818181818181818,0.7344250679016113,0.4648291256717223
770,Find the sum of fourth power of first n odd natural numbers.,"def odd_Num_Sum(n) : 
    j = 0
    sm = 0
    for i in range(1,n + 1) : 
        j = (2*i-1) 
        sm = sm + (j*j*j*j)   
    return sm ","def odd_Num_Sum(n):
    sum = 0
    for i in range(1, n+1):
        sum += i**4
    return sum",True,False,0.8409,0.42099873294451745,0.6382978723404255,0.4888888888888889,0.6382978723404255,0.906237006187439,0.7535267379896062
771, check if the given expression is balanced or not.,"from collections import deque
def check_expression(exp):
    if len(exp) & 1:
        return False
    stack = deque()
    for ch in exp:
        if ch == '(' or ch == '{' or ch == '[':
            stack.append(ch)
        if ch == ')' or ch == '}' or ch == ']':
            if not stack:
                return False
            top = stack.pop()
            if (top == '(' and ch != ')') or (top == '{' and ch != '}' or (top == '[' and ch != ']')):
                return False
    return not stack","def check_expression(exp):
  stack = []
  for char in exp:
    if char == '{' or char == '[' or char == '(':
      stack.append(char)
    elif char == '}' or char == ']' or char == ')':
      if len(stack) == 0:
        return False
      top = stack.pop()
      if (top == '{' and char != '}') or (top == '[' and char != ']') or (top == '(' and char != ')'):
        return False
  return len(stack) == 0",True,True,0.5909,0.6090794006917345,0.6486486486486486,0.3669724770642202,0.6306306306306307,0.8694435358047485,0.6907462609135059
772, remove all the words with k length in the given string.,"def remove_length(test_str, K):
  temp = test_str.split()
  res = [ele for ele in temp if len(ele) != K]
  res = ' '.join(res)
  return (res) ","def remove_length(string, k):
  words = string.split()
  result = [word for word in words if len(word) != k]
  return ' '.join(result)",True,True,0.9091,0.2540052044783812,0.5217391304347826,0.13636363636363635,0.4782608695652174,0.8505634069442749,0.6811039381747771
774, check if the string is a valid email address or not using regex.,"import re 
regex = '^[a-z0-9]+[\._]?[a-z0-9]+[@]\w+[.]\w{2,3}$'
def check_email(email): 
	if(re.search(regex,email)): 
		return (""Valid Email"") 
	else: 
		return (""Invalid Email"") ","import re
def check_email(email):
  if (re.search('^([a-zA-Z0-9_\-\.]+)@([a-zA-Z0-9_\-\.]+)\.([A-Za-z]{2,5})$', email)):
    return 'Valid Email'
  else:
    return 'Invalid Email'",True,True,0.9091,0.3311190945799244,0.8135593220338982,0.5964912280701754,0.576271186440678,0.9117907285690308,0.7771348360301535
775,Check whether every odd index contains odd numbers of a given list.,"def odd_position(nums):
	return all(nums[i]%2==i%2 for i in range(len(nums)))","def odd_position(nums):
  for i in range(0, len(nums)):
    if i % 2 == 0:
      if nums[i] % 2 == 0:
        return False
  return True",True,False,0.697,0.4974473884564903,0.7804878048780487,0.5128205128205128,0.48780487804878053,0.9668780565261841,0.739262596465961
776, count those characters which have vowels as their neighbors in the given string.,"def count_vowels(test_str):
  res = 0
  vow_list = ['a', 'e', 'i', 'o', 'u']
  for idx in range(1, len(test_str) - 1):
    if test_str[idx] not in vow_list and (test_str[idx - 1] in vow_list or test_str[idx + 1] in vow_list):
      res += 1
  if test_str[0] not in vow_list and test_str[1] in vow_list:
    res += 1
  if test_str[-1] not in vow_list and test_str[-2] in vow_list:
    res += 1
  return (res) ","def count_vowels(string):
  count = 0
  for i in range(len(string)):
    if string[i] in 'aeiou':
      if i == 0 or i == len(string)-1:
        count += 1
      elif string[i-1] not in 'aeiou':
        count += 1
      elif string[i+1] not in 'aeiou':
        count += 1
  return count",True,False,0.697,0.07726622004202884,0.3787878787878788,0.1076923076923077,0.3181818181818182,0.7571951746940613,0.5379856091378004
777,Find the sum of non-repeated elements in a given list.,"def find_Sum(arr,n): 
    arr.sort() 
    sum = arr[0] 
    for i in range(0,n-1): 
        if (arr[i] != arr[i+1]): 
            sum = sum + arr[i+1]   
    return sum","def find_Sum(arr, n): 
	sum = 0
	for i in range(n): 
		if (arr[i] not in arr[:i]): 
			sum += arr[i] 
	return sum",True,True,0.7273,0.4473227685115749,0.8148148148148148,0.5384615384615384,0.8148148148148148,0.8914550542831421,0.7691933264770379
780, find the combinations of sums with tuples in the given tuple list.,"from itertools import combinations 
def find_combinations(test_list):
  res = [(b1 + a1, b2 + a2) for (a1, a2), (b1, b2) in combinations(test_list, 2)]
  return (res) ","def find_combinations(test_list):
  result = []
  for i in range(len(test_list)):
    for j in range(i + 1, len(test_list)):
      for k in range(j + 1, len(test_list)):
        if test_list[i][0] + test_list[j][0] + test_list[k][0] == 17:
          result.append([test_list[i][0], test_list[j][0], test_list[k][0]])
  return result",True,False,0.5455,0.10504255841455463,0.22988505747126436,0.11764705882352941,0.22988505747126436,0.8234164714813232,0.4984286381689112
781,Check whether the count of divisors is even or odd.,"import math 
def count_Divisors(n) : 
    count = 0
    for i in range(1, (int)(math.sqrt(n)) + 2) : 
        if (n % i == 0) : 
            if( n // i == i) : 
                count = count + 1
            else : 
                count = count + 2
    if (count % 2 == 0) : 
        return (""Even"") 
    else : 
        return (""Odd"") ","def count_Divisors(n):
  count = 0
  for i in range(1, n + 1):
    if (n % i == 0):
      count += 1
  if (count % 2 == 0):
    return ""Even""
  else:
    return ""Odd""",True,True,0.7424,0.4151912900935159,0.7714285714285715,0.6470588235294118,0.7714285714285715,0.9326393008232117,0.7787529683310892
782,Find the sum of all odd length subarrays.,"def Odd_Length_Sum(arr):
    Sum = 0
    l = len(arr)
    for i in range(l):
        Sum += ((((i + 1) *(l - i) + 1) // 2) * arr[i])
    return Sum","def odd_Length_Sum(arr):
  sum = 0
  for i in range(len(arr)):
    for j in range(i + 1, len(arr)):
      if (j - i + 1) % 2 != 0:
        sum += arr[j]
  return sum",True,False,0.5818,0.3223077412512916,0.7586206896551724,0.5357142857142857,0.6896551724137931,0.9628607034683228,0.7207780794523426
784, find the product of first even and odd number of a given list.,"def mul_even_odd(list1):
    first_even = next((el for el in list1 if el%2==0),-1)
    first_odd = next((el for el in list1 if el%2!=0),-1)
    return (first_even*first_odd)","def mul_even_odd(nums):
  even = [i for i in nums if i % 2 == 0]
  odd = [i for i in nums if i % 2 != 0]
  return even[0] * odd[0]",True,True,0.9091,0.22555426568390172,0.5757575757575758,0.15625,0.5757575757575758,0.8166364431381226,0.6874050756061271
785, convert tuple string to integer tuple.,"def tuple_str_int(test_str):
  res = tuple(int(num) for num in test_str.replace('(', '').replace(')', '').replace('...', '').split(', '))
  return (res) ","def tuple_str_int(tuple_str):
  return tuple(map(int, tuple_str[1:-1].split(', ')))",True,True,0.8485,0.1987911709097188,0.5555555555555556,0.1764705882352941,0.5,0.7823493480682373,0.6452054738821752
786, locate the right insertion point for a specified value in sorted order.,"import bisect
def right_insertion(a, x):
    i = bisect.bisect_right(a, x)
    return i","def right_insertion(arr, x):
    l = 0
    r = len(arr) - 1
    while l <= r:
        mid = (l + r) // 2
        if arr[mid] == x:
            return mid
        elif arr[mid] < x:
            l = mid + 1
        else:
            r = mid - 1
    return l",True,True,0.3636,0.09040586839109713,0.23076923076923078,0.12,0.23076923076923078,0.6964264512062073,0.4073821524535899
787,Write a function that matches a string that has an a followed by three 'b'.,"import re
def text_match_three(text):
        patterns = 'ab{3}?'
        if re.search(patterns,  text):
                return 'Found a match!'
        else:
                return('Not matched!')","def text_match_three(text):
  if text.startswith('a') and text.endswith('b') and text.count('b') == 3:
    return 'Found a match!'
  else:
    return 'Not matched!'",True,False,0.8182,0.44740093719384794,0.6530612244897959,0.46808510638297873,0.6122448979591837,0.8581496477127075,0.7301895828808385
788, create a new tuple from the given string and list.,"def new_tuple(test_list, test_str):
  res = tuple(test_list + [test_str])
  return (res) ","def new_tuple(test_list, test_str):
  new_tuple = tuple(test_list)
  new_tuple = new_tuple + (test_str,)
  return new_tuple",True,True,0.8182,0.4777482824662611,0.7222222222222222,0.588235294117647,0.7222222222222222,0.9606760144233704,0.7985287535562435
789, calculate the perimeter of a regular polygon.,"from math import tan, pi
def perimeter_polygon(s,l):
  perimeter = s*l
  return perimeter","def perimeter_polygon(n, s):
  perimeter = n * s
  return perimeter",True,True,1.0,0.29603337141296115,0.64,0.2608695652173913,0.64,0.8171402215957642,0.7386458929606832
790,Check whether every even index contains even numbers of a given list.,"def even_position(nums):
	return all(nums[i]%2==i%2 for i in range(len(nums)))","def even_position(nums):
  for i in range(0, len(nums), 2):
    if nums[i] % 2 != 0:
      return False
  return True",True,True,0.6061,0.47356594024338,0.7894736842105262,0.5,0.5263157894736842,0.9513309001922607,0.7147421459337345
792,Count the number of lists in a given number of lists.,"def count_list(input_list): 
    return len(input_list)","def count_list(lists):
  count = 0
  for i in lists:
    count += 1
  return count",True,True,0.7273,0.19228544753133758,0.34782608695652173,0.1904761904761905,0.34782608695652173,0.733338475227356,0.5542023423456481
793,Find the last position of an element in a sorted list.,"def last(arr,x,n):
    low = 0
    high = n - 1
    res = -1  
    while (low <= high):
        mid = (low + high) // 2 
        if arr[mid] > x:
            high = mid - 1
        elif arr[mid] < x:
            low = mid + 1
        else:
            res = mid
            low = mid + 1
    return res","def last(arr, x, n): 
	for i in range(n): 
		if (arr[i] == x): 
			return i 
	return -1",True,False,0.2727,0.09419817506712257,0.37288135593220345,0.17543859649122806,0.33898305084745767,0.8799964189529419,0.4825010871851423
794,"Write a function that matches a string that has an 'a' followed by anything, ending in 'b'.","import re
def text_starta_endb(text):
        patterns = 'a.*?b$'
        if re.search(patterns,  text):
                return 'Found a match!'
        else:
                return('Not matched!')","def text_starta_endb(text):
  if text.startswith('a') and text.endswith('b'):
    return 'Found a match!'
  else:
    return 'Not matched!'",True,True,0.9091,0.4776306377934598,0.7727272727272727,0.5238095238095238,0.6818181818181819,0.8925607204437256,0.7931702466705808
796,Write function to find the sum of all items in the given dictionary.,"def return_sum(dict):
  sum = 0
  for i in dict.values():
    sum = sum + i
  return sum","def return_sum(d):
  sum = 0
  for i in d:
    sum += d[i]
  return sum",True,True,0.8182,0.4532164292929447,0.7741935483870969,0.5517241379310344,0.7741935483870969,0.8720638155937195,0.7762285723804221
797,Find the sum of all odd natural numbers within the range l and r.,"def sum_Odd(n): 
    terms = (n + 1)//2
    sum1 = terms * terms 
    return sum1  
def sum_in_Range(l,r): 
    return sum_Odd(r) - sum_Odd(l - 1)","def sum_in_Range(l, r):
  sum = 0
  for i in range(l, r + 1):
    if i % 2 != 0:
      sum += i
  return sum",True,True,0.2,0.26924555257782273,0.5599999999999999,0.2916666666666667,0.36,0.7057652473449707,0.4485257251618553
798,Find the sum of list.,"def _sum(arr):  
    sum=0
    for i in arr: 
        sum = sum + i      
    return(sum)  ","def _sum(nums):
  total = 0
  for num in nums:
    total += num
  return total",True,True,0.8182,0.17741454314600238,0.4444444444444445,0.16,0.4444444444444445,0.7305727005004883,0.5971030106008822
799,Left rotate the bits of a given number.,"INT_BITS = 32
def left_Rotate(n,d):   
    return (n << d)|(n >> (INT_BITS - d))  ","def left_Rotate(num,d):
    return (num << d) | (num >> (32 - d))",True,True,0.9091,0.46008029194655464,0.6153846153846153,0.25,0.5384615384615385,0.7921568751335144,0.7053456277990777
800, remove all whitespaces from a string.,"import re
def remove_all_spaces(text):
 return (re.sub(r'\s+', '',text))","def remove_all_spaces(string):
    return string.replace("" "", """")",True,True,1.0,0.2526928479233496,0.4761904761904762,0.3157894736842105,0.4761904761904762,0.8149303793907166,0.6953320103109154
801,Count the number of equal numbers from three given integers.,"def test_three_equal(x,y,z):
  result= set([x,y,z])
  if len(result)==3:
    return 0
  else:
    return (4-len(result))","def test_three_equal(a, b, c):
  if a == b and b == c:
    return 3
  elif a == b or b == c or a == c:
    return 2
  else:
    return 0",True,True,0.4545,0.19526177720809446,0.38461538461538464,0.2,0.34615384615384615,0.803057074546814,0.5146057691968097
802,Count the number of rotations required to generate a sorted list.,"def count_Rotation(arr,n):   
    for i in range (1,n): 
        if (arr[i] < arr[i - 1]): 
            return i  
    return 0","def count_Rotation(arr, n): 
	i = 0
	j = n - 1
	while (i < j): 
		mid = (i + j) // 2
		if (arr[mid] > arr[j]): 
			i = mid + 1
		else: 
			j = mid 
	return (j - i + 1)",True,False,0.4394,0.23286712090773817,0.6415094339622642,0.23529411764705882,0.5283018867924528,0.9314920902252197,0.614319875967048
803,Check whether the given number is a perfect square or not.,"def is_Perfect_Square(n) :
    i = 1
    while (i * i<= n):
        if ((n % i == 0) and (n / i == i)):
            return True     
        i = i + 1
    return False","def is_Perfect_Square(n):
    if n == 0:
        return True
    for i in range(2, n):
        if n % i == 0:
            return False
    return True",True,False,0.3409,0.33711877258008793,0.64,0.41666666666666663,0.5599999999999999,0.9370703101158142,0.6157448191318771
804,Check whether the product of numbers is even or not.,"def is_Product_Even(arr,n): 
    for i in range(0,n): 
        if ((arr[i] & 1) == 0): 
            return True
    return False","def is_Product_Even(nums, n):
  for i in range(n):
    for j in range(i + 1, n):
      if nums[i] * nums[j] % 2 == 0:
        return True
  return False",True,True,0.8182,0.4492235948822076,0.7200000000000001,0.5416666666666667,0.68,0.8997420072555542,0.7654653953609981
805, find the list in a list of lists whose sum of elements is the highest.,"def max_sum_list(lists):
 return max(lists, key=sum)","def max_sum_list(lists):
    max_sum = 0
    max_list = []
    for i in lists:
        sum = 0
        for j in i:
            sum += j
        if sum > max_sum:
            max_sum = sum
            max_list = i
    return max_list",True,True,0.4545,0.17054236089906039,0.39999999999999997,0.23255813953488372,0.3555555555555555,0.917145848274231,0.5566415232959645
806, find maximum run of uppercase characters in the given string.,"def max_run_uppercase(test_str):
  cnt = 0
  res = 0
  for idx in range(0, len(test_str)):
    if test_str[idx].isupper():
      cnt += 1
    else:
      res = cnt
      cnt = 0
  if test_str[len(test_str) - 1].isupper():
    res = cnt
  return (res)","def max_run_uppercase(string):
  max_run = 0
  current_run = 0
  for i in range(len(string)):
    if string[i].isupper():
      current_run += 1
    else:
      max_run = max(max_run, current_run)
      current_run = 0
  max_run = max(max_run, current_run)
  return max_run",True,True,0.7879,0.25275348062057995,0.367816091954023,0.14117647058823526,0.367816091954023,0.9085642099380493,0.6392606680582927
807,Find the first odd number in a given list of numbers.,"def first_odd(nums):
  first_odd = next((el for el in nums if el%2!=0),-1)
  return first_odd","def first_odd(nums):
  for num in nums:
    if num % 2 != 0:
      return num",True,True,0.6364,0.29854527217935084,0.6470588235294117,0.37499999999999994,0.6470588235294117,0.9380898475646973,0.6978006797479321
808, check if the given tuples contain the k or not.,"def check_K(test_tup, K):
  res = False
  for ele in test_tup:
    if ele == K:
      res = True
      break
  return (res) ","def check_K(arr, k):
  for i in range(len(arr)):
    if arr[i] == k:
      return True
  return False",True,True,0.7273,0.15627767988449287,0.5500000000000002,0.10526315789473685,0.5,0.7733665704727173,0.6033942255486372
809, check if each element of second tuple is smaller than its corresponding index in first tuple.,"def check_smaller(test_tup1, test_tup2):
  res = all(x > y for x, y in zip(test_tup1, test_tup2))
  return (res) ","def check_smaller(a, b):
    if len(a) != len(b):
        return False
    for i in range(len(a)):
        if a[i] < i:
            return False
    return True",True,False,0.3636,0.1109209374832408,0.24999999999999994,0.08695652173913043,0.24999999999999994,0.7618737816810608,0.4354957434236518
810, iterate over elements repeating each as many times as its count.,"from collections import Counter
def count_variable(a,b,c,d):
  c = Counter(p=a, q=b, r=c, s=d)
  return list(c.elements())","def count_variable(a, b, c, d):
    result = []
    for i in range(a):
        result.append('p')
    for i in range(b):
        result.append('q')
    for i in range(c):
        result.append('r')
    for i in range(d):
        result.append('s')
    return result",True,True,0.7273,0.20744695317665032,0.4776119402985074,0.1846153846153846,0.3582089552238806,0.8541736602783203,0.6122537829592791
811, check if two lists of tuples are identical or not.,"def check_identical(test_list1, test_list2):
  res = test_list1 == test_list2
  return (res) ","def check_identical(a, b):
  if len(a) != len(b):
    return False
  for i in range(len(a)):
    if a[i] != b[i]:
      return False
  return True",True,True,0.4545,0.08979905725421049,0.1951219512195122,0.10256410256410257,0.1951219512195122,0.737812876701355,0.43474810550397847
812, abbreviate 'road' as 'rd.' in a given string.,"import re
def road_rd(street):
  return (re.sub('Road$', 'Rd.', street))","def road_rd(str):
  return str.replace(""Road"", ""Rd."")",True,True,1.0,0.1945299445670306,0.5714285714285715,0.3157894736842105,0.5714285714285715,0.828667163848877,0.7181331183451635
813, find length of the string.,"def string_length(str1):
    count = 0
    for char in str1:
        count += 1
    return count","def string_length(string):
  return len(string)",True,True,0.7273,0.1720909686065816,0.38095238095238093,0.21052631578947367,0.38095238095238093,0.7971010208129883,0.583783865172773
814, find the area of a rombus.,"def rombus_area(p,q):
  area=(p*q)/2
  return area","def rombus_area(a, b):
    return (a * b) / 2",True,True,0.9091,0.2720905352451002,0.5,0.22222222222222224,0.39999999999999997,0.9135908484458923,0.6953519615916833
815," sort the given list without using any sorting algorithm. the given list consists of only 0, 1, and 2.","def sort_by_dnf(arr, n):
  low=0
  mid=0
  high=n-1
  while mid <= high:
    if arr[mid] == 0:
      arr[low], arr[mid] = arr[mid], arr[low]
      low = low + 1
      mid = mid + 1
    elif arr[mid] == 1:
      mid = mid + 1
    else:
      arr[mid], arr[high] = arr[high], arr[mid]
      high = high - 1
  return arr","def sort_by_dnf(arr, n):
    i = 0
    j = 0
    k = n - 1
    while (j <= k):
        if (arr[j] == 0):
            arr[i], arr[j] = arr[j], arr[i]
            i += 1
            j += 1
        elif (arr[j] == 1):
            j += 1
        else:
            arr[j], arr[k] = arr[k], arr[j]
            k -= 1
    return arr",True,True,0.8636,0.3629103978478793,0.6037735849056604,0.2884615384615385,0.6037735849056604,0.9314228892326355,0.7435555241657024
817, find numbers divisible by m or n from a list of numbers using lambda function.,"def div_of_nums(nums,m,n):
 result = list(filter(lambda x: (x % m == 0 or x % n == 0), nums)) 
 return result","def div_of_nums(nums, m, n):
  res = list(filter(lambda x: (x % m == 0) or (x % n == 0), nums))
  return str(res)",True,False,0.9697,0.7699977846398162,0.888888888888889,0.8372093023255814,0.888888888888889,0.974267840385437,0.9245012099373858
818,Count lower case letters in a given string.,"def lower_ctr(str):
      lower_ctr= 0
      for i in range(len(str)):
          if str[i] >= 'a' and str[i] <= 'z': lower_ctr += 1     
      return  lower_ctr","def lower_ctr(string):
  lower_ctr = 0
  for i in range(len(string)):
    if string[i].islower():
      lower_ctr += 1
  return lower_ctr",True,True,0.9091,0.5813713997875904,0.76,0.5833333333333334,0.76,0.8975523710250854,0.8187221365042057
819, count the frequency of consecutive duplicate elements in a given list of numbers.,"def count_duplic(lists):
    element = []
    frequency = []
    if not lists:
        return element
    running_count = 1
    for i in range(len(lists)-1):
        if lists[i] == lists[i+1]:
            running_count += 1
        else:
            frequency.append(running_count)
            element.append(lists[i])
            running_count = 1
    frequency.append(running_count)
    element.append(lists[i+1])
    return element,frequency
","def count_duplic(nums):
    res = []
    for i in range(len(nums)):
        if i == 0:
            res.append([nums[i]])
        elif nums[i] == nums[i - 1]:
            res[-1].append(nums[i])
        else:
            res.append([nums[i]])
    return res",True,False,0.7273,0.2271571723912612,0.4444444444444445,0.1590909090909091,0.4,0.8514193296432495,0.6149364725132535
820, check whether the given month number contains 28 days or not.,"def check_monthnum_number(monthnum1):
  if monthnum1 == 2:
    return True
  else:
    return False","def check_monthnum_number(monthnum):
    if monthnum == 2:
        return True
    else:
        return False",True,True,1.0,0.7389984311706962,0.8461538461538461,0.6666666666666666,0.8461538461538461,0.9837786555290222,0.9130941674240223
821, merge two dictionaries into a single expression.,"import collections as ct
def merge_dictionaries(dict1,dict2):
    merged_dict = dict(ct.ChainMap({}, dict1, dict2))
    return merged_dict","def merge_dictionaries(dict1, dict2):
  merged_dict = dict1.copy()
  merged_dict.update(dict2)
  return merged_dict",True,True,0.8182,0.5017794539748952,0.742857142857143,0.5454545454545454,0.6857142857142857,0.8215652704238892,0.7466913744614351
822, return true if the password is valid.,"import re
def pass_validity(p):
 x = True
 while x:  
    if (len(p)<6 or len(p)>12):
        break
    elif not re.search(""[a-z]"",p):
        break
    elif not re.search(""[0-9]"",p):
        break
    elif not re.search(""[A-Z]"",p):
        break
    elif not re.search(""[$#@]"",p):
        break
    elif re.search(""\s"",p):
        break
    else:
        return True
        x=False
        break

 if x:
    return False","def pass_validity(password):
    if len(password) < 8:
        return False
    elif len(password) > 12:
        return False
    elif not any(char.isdigit() for char in password):
        return False
    elif not any(char.isupper() for char in password):
        return False
    elif not any(char.islower() for char in password):
        return False
    else:
        return True",True,True,0.5909,0.08734599027123473,0.3418803418803419,0.15652173913043477,0.27350427350427353,0.6730807423591614,0.4750776210230269
823, check if the given string starts with a substring using regex.,"import re 
def check_substring(string, sample) : 
  if (sample in string): 
      y = ""\A"" + sample 
      x = re.search(y, string) 
      if x : 
          return (""string starts with the given substring"") 
      else : 
          return (""string doesnt start with the given substring"") 
  else : 
      return (""entered string isnt a substring"")","def check_substring(string, substring):
  if string.startswith(substring):
    return ""string starts with the given substring""
  else:
    return ""string doesnt start with the given substring""",True,True,0.5455,0.23559976485549156,0.6666666666666666,0.5373134328358209,0.6376811594202899,0.8816314935684204,0.6576905114559974
824,Remove even numbers from a given list.,"def remove_even(l):
    for i in l:
        if i % 2 == 0:
            l.remove(i)
    return l","def remove_even(nums):
  return [x for x in nums if x % 2 != 0]",True,True,0.7273,0.17975913636184476,0.5806451612903226,0.20689655172413793,0.5161290322580646,0.7789137363433838,0.6182494199103176
825,Access multiple elements of specified index from a given list.,"def access_elements(nums, list_index):
    result = [nums[i] for i in list_index]
    return result","def access_elements(arr, index):
  result = []
  for i in index:
    result.append(arr[i])
  return result",True,True,0.8182,0.41653935052504143,0.75,0.4000000000000001,0.6875,0.8272523880004883,0.7338672708526751
826,Find the type of triangle from the given sides.,"def check_Type_Of_Triangle(a,b,c): 
    sqa = pow(a,2) 
    sqb = pow(b,2) 
    sqc = pow(c,2) 
    if (sqa == sqa + sqb or sqb == sqa + sqc or sqc == sqa + sqb): 
        return (""Right-angled Triangle"") 
    elif (sqa > sqc + sqb or sqb > sqa + sqc or sqc > sqa + sqb): 
        return (""Obtuse-angled Triangle"") 
    else: 
        return (""Acute-angled Triangle"") ","def check_Type_Of_Triangle(a, b, c):
  if (a == b == c):
    return 'Equilateral Triangle'
  elif (a == b or b == c or c == a):
    return 'Isosceles Triangle'
  else:
    return 'Scalene Triangle'",True,False,0.6818,0.16320279395301668,0.4999999999999999,0.23255813953488372,0.4772727272727273,0.8338918685913086,0.6118512494699129
827, sum a specific column of a list in a given list of lists.,"def sum_column(list1, C):
    result = sum(row[C] for row in list1)
    return result","def sum_column(l, col):
  sum = 0
  for i in range(len(l)):
    sum += l[i][col]
  return sum",True,True,0.8182,0.13781665142478125,0.4117647058823529,0.125,0.4117647058823529,0.7314107418060303,0.5835166012451769
828," count alphabets,digits and special charactes in a given string.","def count_alpha_dig_spl(string):
  alphabets=digits = special = 0
  for i in range(len(string)):
    if(string[i].isalpha()):
        alphabets = alphabets + 1
    elif(string[i].isdigit()):
        digits = digits + 1
    else:
        special = special + 1
  return (alphabets,digits,special)   ","def count_alpha_dig_spl(str1):
  alpha_count = 0
  digit_count = 0
  spl_count = 0
  for i in range(len(str1)):
    if (str1[i].isalpha()):
      alpha_count += 1
    elif (str1[i].isdigit()):
      digit_count += 1
    else:
      spl_count += 1
  return [alpha_count, digit_count, spl_count]",True,True,0.7273,0.4074883465486544,0.5238095238095238,0.34146341463414637,0.5238095238095238,0.9036087989807129,0.6868624659822034
829, find out the second most repeated (or frequent) string in the given sequence.,"from collections import Counter 
	
def second_frequent(input): 
	dict = Counter(input) 
	value = sorted(dict.values(), reverse=True)  
	second_large = value[1] 
	for (key, val) in dict.items(): 
		if val == second_large: 
			return (key) ","def second_frequent(l):
  d = {}
  for i in l:
    if i in d:
      d[i] += 1
    else:
      d[i] = 1
  d = sorted(d.items(), key=lambda x: x[1], reverse=True)
  return d[1][0]",True,True,0.7727,0.200693978552124,0.3823529411764706,0.0909090909090909,0.2058823529411765,0.8555229902267456,0.5863405460388514
830, round up a number to specific digits.,"import math
def round_up(a, digits):
    n = 10**-digits
    return round(math.ceil(a / n) * n, digits)","def round_up(num, n):
  return round(num, n)",True,False,0.8182,0.13245741543753536,0.5185185185185185,0.24,0.5185185185185185,0.7961583137512207,0.6380807809863104
831,Count equal element pairs from the given list.,"def count_Pairs(arr,n): 
    cnt = 0; 
    for i in range(n): 
        for j in range(i + 1,n): 
            if (arr[i] == arr[j]): 
                cnt += 1; 
    return cnt; ","def count_Pairs(arr, n): 
	count = 0
	for i in range(n): 
		for j in range(i + 1, n): 
			if (arr[i] == arr[j]): 
				count += 1
	return count",True,True,1.0,0.79414524142922,0.8928571428571429,0.8148148148148148,0.8928571428571429,0.9780062437057495,0.9356717358949608
832, extract the maximum numeric value from a string by using regex.,"import re 
def extract_max(input): 
	numbers = re.findall('\d+',input) 
	numbers = map(int,numbers) 
	return max(numbers)","import re
def extract_max(string):
  return max(map(int, re.findall(r'\d+', string)))",True,True,0.9091,0.428715812387361,0.7272727272727272,0.45161290322580644,0.4848484848484848,0.8817439675331116,0.746792160491161
833, get dictionary keys as a list.,"def get_key(dict): 
    list = [] 
    for key in dict.keys(): 
        list.append(key)           
    return list","def get_key(d):
  return list(d.keys())",True,True,0.6364,0.2142142691210343,0.5217391304347827,0.2857142857142857,0.43478260869565216,0.8180059194564819,0.5985005173554124
834, generate a square matrix filled with elements from 1 to n raised to the power of 2 in spiral order.,"def generate_matrix(n):
        if n<=0:
            return [] 
        matrix=[row[:] for row in [[0]*n]*n]        
        row_st=0
        row_ed=n-1        
        col_st=0
        col_ed=n-1
        current=1        
        while (True):
            if current>n*n:
                break
            for c in range (col_st, col_ed+1):
                matrix[row_st][c]=current
                current+=1
            row_st+=1
            for r in range (row_st, row_ed+1):
                matrix[r][col_ed]=current
                current+=1
            col_ed-=1
            for c in range (col_ed, col_st-1, -1):
                matrix[row_ed][c]=current
                current+=1
            row_ed-=1
            for r in range (row_ed, row_st-1, -1):
                matrix[r][col_st]=current
                current+=1
            col_st+=1
        return matrix","def generate_matrix(n):
    result = [[0 for i in range(n)] for j in range(n)]
    i, j, di, dj = 0, 0, 0, 1
    for k in range(n*n):
        result[i][j] = k+1
        i += di
        j += dj
        if i == n:
            di, dj = dj, 0
        elif j == n:
            di, dj = 0, -1
        elif i < 0:
            di, dj = 0, 1
        elif j < 0:
            di, dj = 1, 0
    return result",True,False,0.3333,0.07239944437437992,0.3191489361702128,0.09677419354838711,0.2127659574468085,0.7466602921485901,0.42056454360090634
835,Find the slope of a line.,"def slope(x1,y1,x2,y2): 
    return (float)(y2-y1)/(x2-x1)  ","def slope(x1, y1, x2, y2):
  return (y2 - y1) / (x2 - x1)",True,True,0.9091,0.8507381721501912,0.9565217391304348,0.8571428571428572,0.9565217391304348,0.9829506278038025,0.9383691145861015
836, find length of the subarray having maximum sum.,"from sys import maxsize 
def max_sub_array_sum(a,size): 
	max_so_far = -maxsize - 1
	max_ending_here = 0
	start = 0
	end = 0
	s = 0
	for i in range(0,size): 
		max_ending_here += a[i] 
		if max_so_far < max_ending_here: 
			max_so_far = max_ending_here 
			start = s 
			end = i 
		if max_ending_here < 0: 
			max_ending_here = 0
			s = i+1
	return (end - start + 1)","def max_sub_array_sum(arr, n): 
	max_sum = 0
	for i in range(0, n): 
		for j in range(i, n): 
			sum = 0
			for k in range(i, j + 1): 
				sum += arr[k] 
			if (sum > max_sum): 
				max_sum = sum 
	return max_sum",True,False,0.5909,0.18238460665872858,0.3684210526315789,0.16071428571428573,0.31578947368421045,0.8491482734680176,0.5554115969811827
837,Find the cube sum of first n odd natural numbers.,"def cube_Sum(n): 
    sum = 0   
    for i in range(0,n) : 
        sum += (2*i+1)*(2*i+1)*(2*i+1) 
    return sum","def cube_Sum(n):
    sum = 0
    for i in range(1, n+1):
        sum += i**3
    return sum",True,False,0.9394,0.40400491515077386,0.8095238095238096,0.5,0.7142857142857143,0.9592626094818115,0.8240876429289495
838,Find minimum number swaps required to make two binary strings equal.,"def min_Swaps(s1,s2) :  
    c0 = 0; c1 = 0;  
    for i in range(len(s1)) :  
        if (s1[i] == '0' and s2[i] == '1') : 
            c0 += 1;    
        elif (s1[i] == '1' and s2[i] == '0') : 
            c1 += 1;  
    result = c0 // 2 + c1 // 2;  
    if (c0 % 2 == 0 and c1 % 2 == 0) : 
        return result;  
    elif ((c0 + c1) % 2 == 0) : 
        return result + 2;  
    else : 
        return -1;  ","def min_Swaps(str1,str2):
  count = 0
  for i in range(len(str1)):
    if str1[i] != str2[i]:
      count += 1
  return count//2",True,False,0.5758,0.05491378540532123,0.3571428571428571,0.17073170731707318,0.3571428571428571,0.8173739910125732,0.5333445750465008
840,Check whether the roots of a quadratic equation are numerically equal but opposite in sign or not.,"def Check_Solution(a,b,c):  
    if b == 0:  
        return (""Yes"")  
    else: 
        return (""No"")  ","def Check_Solution(a, b, c):
  if (b * b - 4 * a * c) < 0:
    return 'No'
  else:
    return 'Yes'",True,False,0.8182,0.46460597133583104,0.8750000000000001,0.7333333333333334,0.75,0.8849117755889893,0.7973963852563959
841, count the number of inversions in the given list.,"def get_inv_count(arr, n): 
	inv_count = 0
	for i in range(n): 
		for j in range(i + 1, n): 
			if (arr[i] > arr[j]): 
				inv_count += 1
	return inv_count ","def get_inv_count(arr, n): 
	count = 0
	for i in range(n): 
		for j in range(i + 1, n): 
			if (arr[i] > arr[j]): 
				count += 1
	return count",True,True,1.0,0.8287295884874378,0.9508196721311475,0.8474576271186439,0.9508196721311475,0.9933887720108032,0.9606368284412441
842, find the number which occurs for odd number of times in the given list.,"def get_odd_occurence(arr, arr_size):
  for i in range(0, arr_size):
    count = 0
    for j in range(0, arr_size):
      if arr[i] == arr[j]:
        count += 1
    if (count % 2 != 0):
      return arr[i]
  return -1","def get_odd_occurence(arr, n): 
	res = 0
	for i in range(n): 
		res = res ^ arr[i] 
	return res",True,True,0.4545,0.15063230974589187,0.44827586206896547,0.35714285714285715,0.41379310344827586,0.8865155577659607,0.5637223707739563
843, find the nth super ugly number from a given prime list of size k using heap queue algorithm.,"import heapq
def nth_super_ugly_number(n, primes):
    uglies = [1]
    def gen(prime):
        for ugly in uglies:
            yield ugly * prime
    merged = heapq.merge(*map(gen, primes))
    while len(uglies) < n:
        ugly = next(merged)
        if ugly != uglies[-1]:
            uglies.append(ugly)
    return uglies[-1]","def nth_super_ugly_number(n, primes):
    heap = []
    heapq.heappush(heap, (1, 1))
    ugly = 1
    while n > 1:
        ugly, i = heapq.heappop(heap)
        for p in primes:
            heapq.heappush(heap, (ugly * p, i + 1))
        n -= 1
    return ugly",True,False,0.5455,0.23636623107581445,0.5365853658536586,0.15,0.36585365853658536,0.9071129560470581,0.5935377430899055
844,Find the kth element in list containing odd elements first and then even elements.,"def get_Number(n, k): 
    arr = [0] * n; 
    i = 0; 
    odd = 1; 
    while (odd <= n):   
        arr[i] = odd; 
        i += 1; 
        odd += 2;
    even = 2; 
    while (even <= n): 
        arr[i] = even; 
        i += 1;
        even += 2; 
    return arr[k - 1]; ","def get_Number(n, k):
    if k > n:
        return -1
    if k == 1:
        return 1
    if k == 2:
        return 2
    if k == 3:
        return 3
    if k == 4:
        return 4
    if k == 5:
        return 5
    if k == 6:
        return 6
    if k == 7:
        return 7
    if k == 8:
        return 8",True,False,0.3636,0.13563750879315215,0.29545454545454547,0.1395348837209302,0.2727272727272727,0.7493512630462646,0.44416798258609974
845,Count the number of digits in factorial of a given number.,"import math 
def find_Digits(n): 
    if (n < 0): 
        return 0;
    if (n <= 1): 
        return 1; 
    x = ((n * math.log10(n / math.e) + math.log10(2 * math.pi * n) /2.0)); 
    return math.floor(x) + 1; ","def find_Digits(n):
    count = 0
    while (n != 0):
        count += 1
        n = n // 10
    return count",True,False,0.4545,0.08134232147817336,0.42307692307692313,0.16,0.3846153846153846,0.7608155012130737,0.49604465757239313
846, find the minimum number of platforms required for a railway/bus station.,"def find_platform(arr, dep, n): 
    arr.sort() 
    dep.sort() 
    plat_needed = 1
    result = 1
    i = 1
    j = 0
    while (i < n and j < n): 
        if (arr[i] <= dep[j]):           
            plat_needed+= 1
            i+= 1
        elif (arr[i] > dep[j]):           
            plat_needed-= 1
            j+= 1
        if (plat_needed > result):  
            result = plat_needed           
    return result","def find_platform(arr1, arr2, n): 
	arr1.sort() 
	arr2.sort() 
	i = 0
	j = 0
	count = 1
	result = 1
	while (i < n and j < n): 
		if (arr1[i] <= arr2[j]): 
			count += 1
			i += 1
			if (count > result): 
				result = count 
		else: 
			count -= 1
			j += 1
	return result",True,False,0.9091,0.4622139736303707,0.6464646464646464,0.3711340206185567,0.5252525252525252,0.9002802968025208,0.7505855457091906
847,Copy a list from a singleton tuple.,"def lcopy(xs):
  return xs[:]
","def lcopy(l):
  return list(l)",True,True,0.9091,0.0,0.5454545454545454,0.22222222222222224,0.5454545454545454,0.695682168006897,0.6182385062771614
848, find the area of a trapezium.,"def area_trapezium(base1,base2,height):
 area = 0.5 * (base1 + base2) * height
 return area","def area_trapezium(a, b, c):
    area = ((a + b) * c) / 2
    return area",True,True,0.9697,0.2716899549919204,0.4444444444444445,0.24000000000000002,0.4444444444444445,0.7964605093002319,0.6714662848653843
849,Find sum of all prime divisors of a given number.,"def Sum(N): 
    SumOfPrimeDivisors = [0]*(N + 1)   
    for i in range(2,N + 1) : 
        if (SumOfPrimeDivisors[i] == 0) : 
            for j in range(i,N + 1,i) : 
                SumOfPrimeDivisors[j] += i           
    return SumOfPrimeDivisors[N] ","def Sum(n):
    sum = 0
    for i in range(2, n + 1):
        if (n % i == 0):
            sum += i
    return sum",True,False,0.7576,0.2256587526806676,0.6538461538461537,0.48000000000000004,0.6153846153846154,0.7734642028808594,0.6643706539686752
850, check if a triangle of positive area is possible with the given angles.,"def is_triangleexists(a,b,c): 
    if(a != 0 and b != 0 and c != 0 and (a + b + c)== 180): 
        if((a + b)>= c or (b + c)>= a or (a + c)>= b): 
            return True 
        else:
            return False
    else:
        return False","def is_Triangleexists(a, b, c):
  if (a + b > c) and (b + c > a) and (c + a > b):
    return True
  else:
    return False",True,False,0.7273,0.2474870967022949,0.7301587301587301,0.6229508196721312,0.6984126984126985,0.9338504076004028,0.7423466710917548
851,Find sum of inverse of divisors.,"def Sum_of_Inverse_Divisors(N,Sum): 
    ans = float(Sum)*1.0 /float(N);  
    return round(ans,2); ","def Sum_of_Inverse_Divisors(a, b):
    sum = 0
    for i in range(1, b + 1):
        if (a % i == 0):
            sum += (1 / i)
    return sum",True,False,0.5682,0.2010968965770723,0.46511627906976744,0.24390243902439027,0.41860465116279066,0.8274571895599365,0.5732671535362999
852,Remove negative numbers from a list.,"def remove_negs(num_list): 
    for item in num_list: 
        if item < 0: 
           num_list.remove(item) 
    return num_list","def remove_negs(nums):
  result = [x for x in nums if x >= 0]
  return result",True,True,0.6364,0.12778336713222205,0.4571428571428572,0.12121212121212122,0.4571428571428572,0.8698188662528992,0.5966612602480572
853,Find sum of odd factors of a number.,"import math
def sum_of_odd_Factors(n): 
    res = 1
    while n % 2 == 0: 
        n = n // 2 
    for i in range(3,int(math.sqrt(n) + 1)): 
        count = 0
        curr_sum = 1
        curr_term = 1
        while n % i == 0: 
            count+=1 
            n = n // i 
            curr_term *= i 
            curr_sum += curr_term    
        res *= curr_sum  
    if n >= 2: 
        res *= (1 + n) 
    return res ","def sum_of_odd_Factors(n):
    sum = 0
    for i in range(1, n + 1):
        if n % i == 0 and i % 2 != 0:
            sum += i
    return sum",True,True,0.6818,0.12777149346210048,0.5842696629213483,0.3218390804597701,0.42696629213483145,0.8799942135810852,0.6297889882349379
854,Write a function which accepts an arbitrary list and converts it to a heap using heap queue algorithm.,"import heapq as hq
def raw_heap(rawheap):
  hq.heapify(rawheap)
  return rawheap","def raw_heap(arr):
  for i in range(len(arr)):
    heapq.heappush(arr, arr[i])
  return arr",True,False,0.8182,0.14957644445778928,0.33333333333333337,0.14285714285714288,0.26666666666666666,0.7598085403442383,0.5659168240424528
855,Check for even parity of a given number.,"def check_Even_Parity(x): 
    parity = 0
    while (x != 0): 
        x = x & (x - 1) 
        parity += 1
    if (parity % 2 == 0): 
        return True
    else: 
        return False","def check_Even_Parity(num):
  if num % 2 == 0:
    return True
  else:
    return False",True,True,0.7121,0.22365200019985476,0.6153846153846153,0.48648648648648646,0.6153846153846153,0.8508826494216919,0.6763696054880557
856,Find minimum adjacent swaps required to sort binary list.,"def find_Min_Swaps(arr,n) : 
    noOfZeroes = [0] * n 
    count = 0 
    noOfZeroes[n - 1] = 1 - arr[n - 1] 
    for i in range(n-2,-1,-1) : 
        noOfZeroes[i] = noOfZeroes[i + 1] 
        if (arr[i] == 0) : 
            noOfZeroes[i] = noOfZeroes[i] + 1
    for i in range(0,n) : 
        if (arr[i] == 1) : 
            count = count + noOfZeroes[i] 
    return count ","def find_Min_Swaps(arr, n): 
	count = 0
	for i in range(n): 
		if (arr[i] == 1): 
			count += 1
	if (count == 0 or count == n): 
		return 0
	if (count == 1): 
		return 1
	if (count == 2): 
		return 2
	if (count == 3): 
		return 3
	if (count == 4): 
		return 4
	if (count == 5): 
		return 5
	if (count == 6): 
		return 6
	if (count == 7): 
		return 7
	if (count == 8): 
		return 8
	if (count == 9): 
		return 9
	if (count == 10): 
		return 10
	if (count == 11): 
		return 11
	if (count == 12): 
		return 12
	if (count == 13): 
		return 13
	if (count == 14): 
		return 14
	if (count == 15): 
		return 15
	if (count == 16): 
		return 16
	if (count == 17): 
		return 17
	if (count == 18): 
		return 18
	if (count == 19): 
		return 19
	if (count == 20): 
		return 20
	if (count == 21): 
		return 21
	if (count == 22): 
		return 22
	if (count == 23): 
		return 23
	if (count == 24): 
		return 24
	if (count == 25): 
		return 25
	if (count == 26): 
		return 26
	if (count == 27): 
		return 27
	if (count == 28): 
		return 28
	if (count == 29): 
		return 29
	if (count == 30): 
		return 30
	if (count == 31): 
		return 31
	if (count == 32): 
		return 32
	if (count == 33): 
		return 33
	if (count == 34): 
		return 34
	if (count == 35): 
		return 35
	if (count == 36): 
		return 36
	if (count == 37): 
		return 37
	if (count == 38): 
		return 38
	if (count == 39): 
		return 39
	if (count == 40): 
		return 40
	if (count == 41): 
		return 41
	if (count == 42): 
		return 42
	if (count == 43): 
		return 43
	if (count == 44): 
		return 44
	if (count == 45): 
		return 45
	if",True,False,0.0,0.07079400357451805,0.1877022653721683,0.11074918566775244,0.16181229773462782,0.8999532461166382,0.3706425669790738
857, list out the list of given strings individually using dictionary function.,"def listify_list(list1):
  result = list(map(list,list1)) 
  return result ","def listify_list(l):
    res = []
    for i in l:
        res.append(list(i))
    return res",True,True,0.7727,0.21281701380712922,0.3846153846153846,0.16666666666666666,0.3846153846153846,0.7744166851043701,0.5899897206544219
860, check whether the given string is ending with only alphanumeric characters or not using regex.,"import re 
regex = '[a-zA-z0-9]$'
def check_alphanumeric(string): 
	if(re.search(regex, string)): 
		return (""Accept"") 
	else: 
		return (""Discard"") ","def check_alphanumeric(string):
    if string.endswith(r'\w+$'):
        return 'Accept'
    else:
        return 'Discard'",True,False,0.9091,0.21140003306861913,0.6285714285714286,0.4848484848484849,0.6285714285714286,0.8357325792312622,0.7223066874230851
861, find all anagrams of a string in a given list of strings using lambda function.,"from collections import Counter 
def anagram_lambda(texts,str):
  result = list(filter(lambda x: (Counter(str) == Counter(x)), texts)) 
  return result","def anagram_lambda(words, key):
  return list(filter(lambda x: sorted(x) == sorted(key), words))",True,True,0.8636,0.31603874294365925,0.5,0.2941176470588235,0.4444444444444444,0.784977912902832,0.653618692829965
863, find the length of the longest sub-sequence such that elements in the subsequences are consecutive integers.,"def find_longest_conseq_subseq(arr, n): 
	ans = 0
	count = 0
	arr.sort() 
	v = [] 
	v.append(arr[0]) 
	for i in range(1, n): 
		if (arr[i] != arr[i - 1]): 
			v.append(arr[i]) 
	for i in range(len(v)): 
		if (i > 0 and v[i] == v[i - 1] + 1): 
			count += 1
		else: 
			count = 1
		ans = max(ans, count) 
	return ans ","def find_longest_conseq_subseq(arr, n): 
	res = 1
	curr_res = 1
	for i in range(1, n): 
		if arr[i] - arr[i - 1] == 1: 
			curr_res += 1
		else: 
			res = max(res, curr_res) 
			curr_res = 1
	res = max(res, curr_res) 
	return res",True,False,0.5909,0.27593148194215394,0.49523809523809526,0.3689320388349514,0.4761904761904762,0.9255325794219971,0.6386535338860428
864, find palindromes in a given list of strings using lambda function.,"def palindrome_lambda(texts):
  result = list(filter(lambda x: (x == """".join(reversed(x))), texts))
  return result","def palindrome_lambda(string_list):
  palindrome_list = []
  for i in string_list:
    if i == i[::-1]:
      palindrome_list.append(i)
  return palindrome_list",True,True,0.6364,0.11445096238508763,0.2564102564102564,0.10810810810810811,0.2564102564102564,0.7687032222747803,0.5090991935426514
865, print n-times a list using dictionary function.,"def ntimes_list(nums,n):
    result = map(lambda x:n*x, nums) 
    return list(result)","def ntimes_list(n,l):
    return [i*n for i in l]",True,False,0.8182,0.158118096206813,0.4444444444444445,0.16,0.3703703703703704,0.8393255472183228,0.6221257511470942
866, check whether the given month name contains 31 days or not.,"def check_monthnumb(monthname2):
  if(monthname2==""January"" or monthname2==""March""or monthname2==""May"" or monthname2==""July"" or monthname2==""Augest"" or monthname2==""October"" or monthname2==""December""):
    return True
  else:
    return False","def check_monthnumb(month):
  if month == 'February':
    return False
  elif month == 'January':
    return True
  elif month == 'March':
    return True",True,True,0.8182,0.08474089182974216,0.4081632653061224,0.1702127659574468,0.326530612244898,0.9084951281547546,0.6293039407023576
867,Add a minimum number such that the sum of list becomes even.,"def min_Num(arr,n):  
    odd = 0
    for i in range(n): 
        if (arr[i] % 2): 
            odd += 1 
    if (odd % 2): 
        return 1
    return 2","def min_Num(arr, n): 
	arr.sort() 
	if (arr[0] % 2 == 0): 
		return arr[0] 
	else: 
		return arr[0] + 1",True,False,0.5,0.33122928146178593,0.5333333333333332,0.23255813953488372,0.4444444444444445,0.873165488243103,0.5953587560080088
868,Find the length of the last word in a given string.,"def length_Of_Last_Word(a): 
    l = 0
    x = a.strip() 
    for i in range(len(x)): 
        if x[i] == "" "": 
            l = 0
        else: 
            l += 1
    return l ","def length_Of_Last_Word(string):
  return len(string.split()[-1])",True,False,0.5909,0.12499844982199476,0.42105263157894735,0.2222222222222222,0.368421052631579,0.8246133327484131,0.5573190436078866
869," remove sublists from a given list of lists, which are outside a given range.","def remove_list_range(list1, leftrange, rigthrange):
   result = [i for i in list1 if (min(i)>=leftrange and max(i)<=rigthrange)]
   return result","def remove_list_range(lists, start, end):
  result = []
  for i in lists:
    if i[0] >= start and i[1] <= end:
      result.append(i)
  return result",True,False,0.6364,0.28685545046160515,0.6250000000000001,0.2608695652173913,0.5833333333333334,0.8608746528625488,0.6521351518089222
870, calculate the sum of the positive numbers of a given list of numbers using lambda function.,"def sum_positivenum(nums):
  sum_positivenum = list(filter(lambda nums:nums>0,nums))
  return sum(sum_positivenum)","def sum_positivenum(nums):
  return sum(filter(lambda x: x > 0, nums))",True,True,0.8788,0.4310621392431274,0.6896551724137931,0.5185185185185185,0.6206896551724139,0.9696829319000244,0.7901901315324886
871,Check whether the given strings are rotations of each other or not.,"def are_Rotations(string1,string2): 
    size1 = len(string1) 
    size2 = len(string2) 
    temp = '' 
    if size1 != size2: 
        return False
    temp = string1 + string1 
    if (temp.count(string2)> 0): 
        return True
    else: 
        return False","def are_Rotations(str1, str2):
    if len(str1) != len(str2):
        return False
    if str1 == str2:
        return True
    for i in range(len(str1)):
        if str1[i:] + str1[:i] == str2:
            return True
    return False",True,True,0.5303,0.1541112342649405,0.4126984126984127,0.1639344262295082,0.380952380952381,0.8949028253555298,0.5678115320251033
873, solve the fibonacci sequence using recursion.,"def fibonacci(n):
  if n == 1 or n == 2:
    return 1
  else:
    return (fibonacci(n - 1) + (fibonacci(n - 2)))","def fibonacci(n):
  if n == 0:
    return 0
  elif n == 1:
    return 1
  else:
    return fibonacci(n-1) + fibonacci(n-2)",True,True,0.8182,0.4513211149123324,0.8500000000000001,0.7368421052631577,0.8,0.9658181667327881,0.829560575110867
874,Check if the string is a concatenation of another string.,"def check_Concat(str1,str2):
    N = len(str1)
    M = len(str2)
    if (N % M != 0):
        return False
    for i in range(N):
        if (str1[i] != str2[i % M]):
            return False         
    return True","def check_Concat(string1, string2):
  if string1.endswith(string2):
    return True
  else:
    return False",True,True,0.3636,0.06287493080923418,0.34782608695652173,0.18181818181818182,0.30434782608695654,0.8228605389595032,0.47471437341635425
875, find the minimum difference in the tuple pairs of given tuples.,"def min_difference(test_list):
  temp = [abs(b - a) for a, b in test_list]
  res = min(temp)
  return (res) ","def min_difference(test_cases):
    result = []
    for test in test_cases:
        result.append(min(abs(test[0][0] - test[1][0]), abs(test[0][1] - test[1][1])))
    return result",True,False,0.7273,0.1440851880461664,0.4,0.16666666666666666,0.36000000000000004,0.8565614819526672,0.5983633708213836
876,Find lcm of two positive integers.,"def lcm(x, y):
   if x > y:
       z = x
   else:
       z = y
   while(True):
       if((z % x == 0) and (z % y == 0)):
           lcm = z
           break
       z += 1
   return lcm","def lcm(a,b):
  if (a > b):
    greater = a
  else:
    greater = b
  while (True):
    if ((greater % a == 0) and (greater % b == 0)):
      lcm = greater
      break
    greater += 1
  return lcm",True,True,1.0,0.4316666910276673,0.5172413793103449,0.25,0.5172413793103449,0.8646124601364136,0.7375913749780976
877,Sort the given string.,"def sort_String(str) : 
    str = ''.join(sorted(str)) 
    return (str) ","def sort_String(string):
    return ''.join(sorted(string))",True,True,0.9091,0.40763799321448413,0.6666666666666665,0.375,0.5555555555555556,0.9334072470664978,0.7634813357947228
878, check if the given tuple contains only k elements.,"def check_tuples(test_tuple, K):
  res = all(ele in K for ele in test_tuple)
  return (res) ","def check_tuples(tup1, tup2):
  if len(tup1) == len(tup2):
    return True
  else:
    return False",True,False,0.5455,0.15919612785658782,0.2424242424242424,0.12903225806451615,0.2424242424242424,0.7738264799118042,0.4901915542640766
879,"Write a function that matches a string that has an 'a' followed by anything, ending in 'b' by using regex.","import re
def text_match(text):
  patterns = 'a.*?b$'
  if re.search(patterns,  text):
    return ('Found a match!')
  else:
    return ('Not matched!')","import re
def text_match(text):
  match = re.search('a.*b$', text)
  if match:
    return 'Found a match!'
  else:
    return 'Not matched!'",True,True,1.0,0.4900117301348186,0.9090909090909091,0.6666666666666666,0.7727272727272727,0.9626684188842773,0.876086634774494
880,Find number of solutions in quadratic equation.,"def Check_Solution(a,b,c) : 
    if ((b*b) - (4*a*c)) > 0 : 
        return (""2 solutions"") 
    elif ((b*b) - (4*a*c)) == 0 : 
        return (""1 solution"") 
    else : 
        return (""No solutions"") ","def Check_Solution(a, b, c):
  if (b*b - 4*a*c) < 0:
    return ""No solutions""
  elif (b*b - 4*a*c) == 0:
    return ""1 solution""
  else:
    return ""2 solutions""",True,True,0.9394,0.5409685689264746,1.0,1.0,0.9333333333333333,0.9857518076896667,0.9239599895840308
881, find the sum of first even and odd number of a given list.,"def sum_even_odd(list1):
    first_even = next((el for el in list1 if el%2==0),-1)
    first_odd = next((el for el in list1 if el%2!=0),-1)
    return (first_even+first_odd)","def sum_even_odd(nums):
    even_sum = 0
    odd_sum = 0
    for num in nums:
        if num % 2 == 0:
            even_sum += num
        else:
            odd_sum += num
    return even_sum + odd_sum",True,False,0.6818,0.17694090013846145,0.44776119402985076,0.12307692307692307,0.44776119402985076,0.7719441652297974,0.5764186925055841
882, caluclate perimeter of a parallelogram.,"def parallelogram_perimeter(b,h):
  perimeter=2*(b*h)
  return perimeter","def parallelogram_perimeter(a, b):
  perimeter = 2*(a+b)
  return perimeter",True,False,0.9545,0.5338177723601815,0.8181818181818182,0.4000000000000001,0.8181818181818182,0.9615328907966614,0.8530887435603041
883, find numbers divisible by m and n from a list of numbers using lambda function.,"def div_of_nums(nums,m,n):
 result = list(filter(lambda x: (x % m == 0 and x % n == 0), nums)) 
 return result","def div_of_nums(nums, m, n):
  result = list(filter(lambda x: (x % m == 0 and x % n == 0), nums))
  return str(result)",True,False,0.9697,0.9172891018523623,0.9777777777777777,0.9302325581395349,0.9777777777777777,0.9782059788703918,0.9674820751412945
884,Check whether all the bits are within a given range or not.,"def all_Bits_Set_In_The_Given_Range(n,l,r): 
    num = ((1 << r) - 1) ^ ((1 << (l - 1)) - 1) 
    new_num = n & num 
    if (num == new_num): 
        return True
    return False","def all_Bits_Set_In_The_Given_Range(num, l, r):
  return (num & (2**l - 1) & (2**r - 1)) == 0",True,False,0.6727,0.3406953870027908,0.6666666666666665,0.4081632653061224,0.5490196078431372,0.9345709085464478,0.6987721277999791
885,Check whether the two given strings are isomorphic to each other or not.,"def is_Isomorphic(str1,str2):          
    dict_str1 = {}
    dict_str2 = {}
    for i, value in enumerate(str1):
        dict_str1[value] = dict_str1.get(value,[]) + [i]        
    for j, value in enumerate(str2):
        dict_str2[value] = dict_str2.get(value,[]) + [j]
    if sorted(dict_str1.values()) == sorted(dict_str2.values()):
        return True
    else:
        return False","def is_Isomorphic(str1, str2):
  if len(str1) != len(str2):
    return False
  for i in range(len(str1)):
    if str1[i] in str2[:i] or str2[i] in str1[:i]:
      return False
  return True",True,False,0.2727,0.13478853161914356,0.5176470588235293,0.1686746987951807,0.4470588235294118,0.802550196647644,0.4898036863401135
886, add all the numbers in a list and divide it with the length of the list.,"def sum_num(numbers):
    total = 0
    for x in numbers:
        total += x
    return total/len(numbers) ","def sum_num(nums):
  total = 0
  for num in nums:
    total += num
  return total / len(nums)",True,True,1.0,0.5322079816732274,0.6875,0.4000000000000001,0.6875,0.9485586285591125,0.8270913181630122
887,Check whether the given number is odd or not using bitwise operator.,"def is_odd(n) : 
    if (n^1 == n-1) :
        return True; 
    else :
        return False; ","def is_odd(num):
  return num & 1",True,True,0.6364,0.13598466352073388,0.4761904761904762,0.21052631578947367,0.38095238095238093,0.7880895733833313,0.5638180375876178
888, substract the elements of the given nested tuples.,"def substract_elements(test_tup1, test_tup2):
  res = tuple(tuple(a - b for a, b in zip(tup1, tup2))
   for tup1, tup2 in zip(test_tup1, test_tup2))
  return (res) ","def substract_elements(tup1, tup2):
  result = []
  for i in range(len(tup1)):
    result.append([tup1[i][0] - tup2[i][0], tup1[i][1] - tup2[i][1]])
  return result",True,True,0.7273,0.15040844723330973,0.4482758620689655,0.10714285714285715,0.4482758620689655,0.8509632349014282,0.612129085313215
889, reverse each list in a given list of lists.,"def reverse_list_lists(lists):
    for l in lists:
        l.sort(reverse = True)
    return lists ","def reverse_list_lists(lists):
    result = []
    for i in lists:
        result.append(i[::-1])
    return result",True,True,0.8182,0.3591791496404402,0.5806451612903225,0.3448275862068965,0.5806451612903225,0.8306320905685425,0.6935918162959595
890,Find the index of an extra element present in one sorted list.,"def find_Extra(arr1,arr2,n) : 
    for i in range(0, n) : 
        if (arr1[i] != arr2[i]) : 
            return i 
    return n ","def find_Extra(arr1, arr2, n): 
	for i in range(n): 
		if (arr1[i] != arr2[i]): 
			return i 
	return -1",True,False,1.0,0.8822461661218503,0.9268292682926829,0.8717948717948718,0.9268292682926829,0.9732663631439209,0.9541649043754716
891,Check whether the given two numbers have same number of digits or not.,"def same_Length(A,B): 
    while (A > 0 and B > 0): 
        A = A / 10; 
        B = B / 10; 
    if (A == 0 and B == 0): 
        return True; 
    return False; ","def same_Length(x, y):
  if len(str(x)) == len(str(y)):
    return True
  else:
    return False",True,True,0.5909,0.1358410087959048,0.3636363636363636,0.1904761904761905,0.3636363636363636,0.7642824053764343,0.5292408431942429
892, remove multiple spaces in a string.,"import re
def remove_spaces(text):
 return (re.sub(' +',' ',text))","def remove_spaces(string):
  return string.replace(""  "", "" "")",True,False,1.0,0.19406786950364166,0.47058823529411764,0.26666666666666666,0.47058823529411764,0.8284443616867065,0.6903427056975742
894, convert the given string of float type into tuple.,"def float_to_tuple(test_str):
  res = tuple(map(float, test_str.split(', ')))
  return (res) ","def float_to_tuple(float_str):
    return tuple(map(float, float_str.split(',')))",True,True,0.9091,0.6271660818283235,0.7857142857142856,0.4615384615384615,0.7142857142857142,0.9590118527412415,0.8344369654334757
895, find the maximum sum of subsequences of given list with no adjacent elements.,"def max_sum_subseq(A):
    n = len(A)
    if n == 1:
        return A[0]
    look_up = [None] * n
    look_up[0] = A[0]
    look_up[1] = max(A[0], A[1])
    for i in range(2, n):
        look_up[i] = max(look_up[i - 1], look_up[i - 2] + A[i])
        look_up[i] = max(look_up[i], A[i])
    return look_up[n - 1]","def max_sum_subseq(nums):
    n = len(nums)
    dp = [0] * n
    dp[0] = nums[0]
    for i in range(1, n):
        dp[i] = max(dp[i - 1] + nums[i], nums[i])
    return dp[n - 1]",True,False,0.6364,0.22123569954509362,0.5,0.22448979591836735,0.48,0.7782952785491943,0.5868514072426457
896, sort a list in increasing order by the last element in each tuple from a given list of non-empty tuples.,"def last(n):
   return n[-1]
def sort_list_last(tuples):
  return sorted(tuples, key=last)","def sort_list_last(test_list):
  return sorted(test_list, key=lambda x: x[-1])",True,True,0.8182,0.4002933389288744,0.5161290322580646,0.2758620689655172,0.45161290322580644,0.8622501492500305,0.6795148282883514
897,Check whether the word is present in a given sentence or not.,"def is_Word_Present(sentence,word): 
    s = sentence.split("" "") 
    for i in s:  
        if (i == word): 
            return True
    return False","def is_Word_Present(sentence, word):
  if word in sentence:
    return True
  else:
    return False",True,True,0.7273,0.3261758479890427,0.8,0.4242424242424242,0.6857142857142857,0.9334596395492554,0.7452227227104078
898," extract specified number of elements from a given list, which follow each other continuously.","from itertools import groupby 
def extract_elements(numbers, n):
    result = [i for i, j in groupby(numbers) if len(list(j)) == n] 
    return result","def extract_elements(nums, n):
  res = []
  for i in range(n):
    res.append(nums[i])
  return (str(res))",True,False,0.6364,0.2009316837698574,0.4761904761904762,0.15,0.42857142857142855,0.7246895432472229,0.5522392704182756
899,Check whether list can be sorted or not by picking only the corner elements.,"def check(arr,n): 
    g = 0 
    for i in range(1,n): 
        if (arr[i] - arr[i - 1] > 0 and g == 1): 
            return False
        if (arr[i] - arr[i] < 0): 
            g = 1
    return True","def check(arr, n): 
	for i in range(n): 
		if (arr[i] < arr[i - 1]): 
			return False
	return True",True,False,0.7576,0.3227092863145903,0.7169811320754718,0.5882352941176471,0.7169811320754718,0.8807270526885986,0.7385824447972189
900,Write a function where a string will start with a specific number.,"import re
def match_num(string):
    text = re.compile(r""^5"")
    if text.match(string):
        return True
    else:
        return False","def match_num(string):
  if string[0] == '5' or string[0] == '6' or string[0] == '7':
    return True
  else:
    return False",True,False,0.8182,0.32913544603363937,0.5853658536585366,0.358974358974359,0.5365853658536585,0.7847908735275269,0.6691134585306188
901, find the smallest multiple of the first n numbers.,"def smallest_multiple(n):
    if (n<=2):
      return n
    i = n * 2
    factors = [number  for number in range(n, 1, -1) if number * 2 > n]
    while True:
        for a in factors:
            if i % a != 0:
                i += n
                break
            if (a == factors[-1] and i % a == 0):
                return i","def smallest_multiple(n):
  for i in range(1, n+1):
    if (n % i == 0):
      return i",True,False,0.5076,0.11115715181832095,0.5230769230769231,0.31746031746031744,0.46153846153846156,0.8798835873603821,0.5833864481694432
902, combine two dictionaries by adding values for common keys.,"from collections import Counter
def add_dict(d1,d2):
   add_dict = Counter(d1) + Counter(d2)
   return add_dict","def add_dict(d1, d2):
  res = {key: d1.get(key, 0) + d2.get(key, 0) for key in d1.keys() | d2.keys()}
  return res",True,True,0.8636,0.21387605027624657,0.380952380952381,0.19999999999999998,0.380952380952381,0.7632461786270142,0.6096618627851749
903,Count the total unset bits from 1 to n.,"def count_Unset_Bits(n) :  
    cnt = 0;  
    for i in range(1,n + 1) : 
        temp = i;  
        while (temp) :  
            if (temp % 2 == 0) : 
                cnt += 1;  
            temp = temp // 2;  
    return cnt;  ","def count_Unset_Bits(n):
    count = 0
    while (n > 0):
        if (n & 1 == 0):
            count += 1
        n = n >> 1
    return count",True,False,0.5909,0.27619403091014755,0.56,0.25,0.44,0.9416235685348511,0.6394126520782125
904, return true if the given number is even else return false.,"def even_num(x):
  if x%2==0:
     return True
  else:
    return False","def even_num(num):
  if num % 2 == 0:
    return True
  else:
    return False",True,True,1.0,0.7389984311706962,0.8461538461538461,0.6666666666666666,0.8461538461538461,0.9776855707168579,0.9109615877397648
905,Find the sum of squares of binomial co-efficients.,"def factorial(start,end): 
    res = 1 
    for i in range(start,end + 1): 
        res *= i      
    return res 
def sum_of_square(n): 
   return int(factorial(n + 1, 2 * n)  /factorial(1, n)) ","def sum_of_square(n):
  if n == 1:
    return 1
  else:
    return sum_of_square(n-1) + (n-1)*(n-1)",True,False,0.4091,0.17189232364250498,0.5283018867924528,0.23529411764705882,0.4528301886792453,0.7170971632003784,0.5029676623478679
906," extract year, month and date from a url by using regex.","import re
def extract_date(url):
        return re.findall(r'/(\d{4})/(\d{1,2})/(\d{1,2})/', url)","import re
def extract_date(url):
  date = re.findall(r'(\d{4})/(\d{2})/(\d{2})', url)
  return date",True,True,0.9091,0.6919333938826604,0.8947368421052632,0.7222222222222222,0.8421052631578947,0.9782211780548096,0.8907463365027709
907, print the first n lucky numbers.,"def lucky_num(n):
 List=range(-1,n*n+9,2)
 i=2
 while List[i:]:List=sorted(set(List)-set(List[List[i]::List[i]]));i+=1
 return List[1:n+1]","def lucky_num(n):
  res = [1, 3, 7, 9, 13, 15, 21, 25]
  for i in range(n-8):
    res.append(res[-1]+res[-2]+res[-3]+res[-4]+res[-5]+res[-6]+res[-7]+res[-8])
  return res[:n]",True,False,0.5455,0.12416464664285262,0.35616438356164376,0.08450704225352113,0.27397260273972607,0.831048846244812,0.5205962417297688
908, find the fixed point in the given list.,"def find_fixed_point(arr, n): 
	for i in range(n): 
		if arr[i] is i: 
			return i 
	return -1","def find_fixed_point(arr, n): 
	for i in range(n): 
		if (arr[i] == i): 
			return i 
	return -1",True,True,0.9091,0.7611780896356989,0.9743589743589743,0.918918918918919,0.9743589743589743,0.9916093349456787,0.9399917657302469
909, find the previous palindrome of a specified number.,"def previous_palindrome(num):
    for x in range(num-1,0,-1):
        if str(x) == str(x)[::-1]:
            return x","def previous_palindrome(num):
    num = str(num)
    num = num[::-1]
    num = int(num)
    num = num - 1
    num = str(num)
    num = num[::-1]
    num = int(num)
    return num",True,False,0.5758,0.23844517803477938,0.46808510638297873,0.17777777777777778,0.425531914893617,0.9361886978149414,0.6149877487999367
911, compute maximum product of three numbers of a given list of integers using heap queue algorithm.,"def maximum_product(nums):
    import heapq
    a, b = heapq.nlargest(3, nums), heapq.nsmallest(2, nums)
    return max(a[0] * a[1] * a[2], a[0] * b[0] * b[1])","import heapq
def maximum_product(nums):
  heapq.heapify(nums)
  return heapq.nlargest(3, nums)[0] * heapq.nlargest(3, nums)[1] * heapq.nlargest(3, nums)[2]",True,True,0.7273,0.3480840312636386,0.5818181818181818,0.339622641509434,0.4727272727272728,0.884242057800293,0.6721901645228473
913, check for a number at the end of a string.,"import re
def end_num(string):
    text = re.compile(r"".*[0-9]$"")
    if text.match(string):
        return True
    else:
        return False","def end_num(s):
  return s[-1].isdigit()",True,True,0.7273,0.07429006562508816,0.27586206896551724,0.14814814814814817,0.27586206896551724,0.6919806003570557,0.5078201413362649
914,Check whether the given string is made up of two alternating characters or not.,"def is_Two_Alter(s):  
    for i in range (len( s) - 2) : 
        if (s[i] != s[i + 2]) : 
            return False
    if (s[0] == s[1]): 
        return False
    return True","def is_Two_Alter(s):
  if len(s) < 2:
    return False
  for i in range(0, len(s) - 1):
    if s[i] == s[i + 1]:
      return False
  return True",True,False,0.9394,0.5227762474414704,0.9310344827586207,0.7142857142857143,0.7241379310344829,0.9794648885726929,0.8673787593899096
915, rearrange positive and negative numbers in a given list using lambda function.,"def rearrange_numbs(array_nums):
  result = sorted(array_nums, key = lambda i: 0 if i == 0 else -1 / i)
  return result ","def rearrange_numbs(nums):
    positive = []
    negative = []
    for i in nums:
        if i >= 0:
            positive.append(i)
        else:
            negative.append(i)
    positive.sort()
    negative.sort(reverse=True)
    return positive + negative",True,False,0.3636,0.11594207385288217,0.48000000000000004,0.16666666666666666,0.44,0.8654530644416809,0.5277361132732099
916, find if there is a triplet in the list whose sum is equal to a given value.,"def find_triplet_array(A, arr_size, sum): 
	for i in range( 0, arr_size-2): 
		for j in range(i + 1, arr_size-1): 
			for k in range(j + 1, arr_size): 
				if A[i] + A[j] + A[k] == sum: 
					return  A[i],A[j],A[k] 
					return True
	return False","def find_triplet_array(arr, n, sum): 
	arr.sort() 
	for i in range(n - 1): 
		for j in range(i + 1, n): 
			if (arr[i] + arr[j] > sum): 
				break
			if (arr[i] + arr[j] == sum): 
				return [arr[i], arr[j], arr[j + 1]] 
	return []",True,False,0.5909,0.39149959793576455,0.6249999999999999,0.29787234042553196,0.5416666666666667,0.9325208067893982,0.6719008591911424
917, find the sequences of one upper case letter followed by lower case letters.,"import re
def text_uppercase_lowercase(text):
        patterns = '[A-Z]+[a-z]+$'
        if re.search(patterns, text):
                return 'Found a match!'
        else:
                return ('Not matched!')","def text_uppercase_lowercase(text):
  if text.isupper() and text.islower():
    return 'Found a match!'
  else:
    return 'Not matched!'",True,False,0.9091,0.41945110278009745,0.6818181818181819,0.5238095238095238,0.6818181818181819,0.8816553950309753,0.7744445201838728
918, count coin change.,"def coin_change(S, m, n): 
    table = [[0 for x in range(m)] for x in range(n+1)] 
    for i in range(m): 
        table[0][i] = 1
    for i in range(1, n+1): 
        for j in range(m): 
            x = table[i - S[j]][j] if i-S[j] >= 0 else 0
            y = table[i][j-1] if j >= 1 else 0 
            table[i][j] = x + y   
    return table[n][m-1] ","def coin_change(coins, m, n): 
	table = [[0 for x in range(n + 1)] 
				for x in range(m)] 
	for i in range(m): 
		table[i][0] = 1
	for i in range(m): 
		for j in range(1, n + 1): 
			table[i][j] = table[i][j - coins[i]] + table[i - 1][j] 
	return table[m - 1][n]",True,False,0.8182,0.6493663184986673,0.8461538461538461,0.640625,0.676923076923077,0.9560209512710571,0.8222790609485829
919,Multiply all items in the list.,"def multiply_list(items):
    tot = 1
    for x in items:
        tot *= x
    return tot","def multiply_list(l):
  product = 1
  for i in l:
    product *= i
  return product",True,True,1.0,0.2719326877457978,0.5,0.23076923076923078,0.5,0.8462657332420349,0.7099247369477535
921, perform chunking of tuples each of size n.,"def chunk_tuples(test_tup, N):
  res = [test_tup[i : i + N] for i in range(0, len(test_tup), N)]
  return (res) ","def chunk_tuples(test_list, n):
    res = [test_list[i:i + n] for i in range(0, len(test_list), n)]
    return (res)",True,True,1.0,0.6689092854838997,0.8695652173913043,0.7272727272727273,0.8695652173913043,0.9703660011291504,0.9102739696550551
922, find a pair with the highest product from a given list of integers.,"def max_product(arr): 
    arr_len = len(arr) 
    if (arr_len < 2): 
        return None     
    x = arr[0]; y = arr[1]    
    for i in range(0, arr_len): 
        for j in range(i + 1, arr_len): 
            if (arr[i] * arr[j] > x * y): 
                x = arr[i]; y = arr[j] 
    return x,y   ","def max_product(nums):
    if len(nums) == 0:
        return []
    if len(nums) == 1:
        return nums
    max_product = [nums[0], nums[1]]
    for i in range(2, len(nums)):
        if nums[i] * max_product[0] > nums[i] * max_product[1]:
            max_product[0] = nums[i]
        else:
            max_product[1] = nums[i]
    return max_product",True,False,0.4394,0.1701036373131185,0.4230769230769231,0.11764705882352941,0.3653846153846154,0.8179466128349304,0.5161394157800986
923, find the length of the shortest string that has both str1 and str2 as subsequences.,"def super_seq(X, Y, m, n):
	if (not m):
		return n
	if (not n):
		return m
	if (X[m - 1] == Y[n - 1]):
		return 1 + super_seq(X, Y, m - 1, n - 1)
	return 1 + min(super_seq(X, Y, m - 1, n),	super_seq(X, Y, m, n - 1))","def super_seq(str1, str2, m, n): 
    dp = [[0 for i in range(n + 1)] for j in range(m + 1)] 
    for i in range(m + 1): 
        for j in range(n + 1): 
            if i == 0 or j == 0: 
                dp[i][j] = 0
            elif str1[i - 1] == str2[j - 1]: 
                dp[i][j] = dp[i - 1][j - 1] + 1
            else: 
                dp[i][j] = max(dp[i][j - 1], dp[i - 1][j]) 
    return dp[m][n]",True,False,0.4545,0.12330742371655844,0.33070866141732286,0.128,0.28346456692913385,0.7429286241531372,0.4679713120063562
924, find maximum of two numbers.,"def max_of_two( x, y ):
    if x > y:
        return x
    return y","def max_of_two(num1, num2):
  if (num1 > num2):
    return num1
  else:
    return num2",True,True,1.0,0.3214110553053944,0.5185185185185186,0.24000000000000002,0.5185185185185186,0.8218920230865479,0.7114329432404608
925,Calculate the product of all the numbers of a given tuple.,"def mutiple_tuple(nums):
    temp = list(nums)
    product = 1 
    for x in temp:
        product *= x
    return product","def mutiple_tuple(nums):
  product = 1
  for num in nums:
    product *= num
  return product",True,True,0.8182,0.4400618044067915,0.7741935483870968,0.4827586206896552,0.7096774193548386,0.95470130443573,0.7907105357696029
926, find n-th rencontres number.,"def binomial_coeffi(n, k): 
	if (k == 0 or k == n): 
		return 1
	return (binomial_coeffi(n - 1, k - 1) 
		+ binomial_coeffi(n - 1, k)) 
def rencontres_number(n, m): 
	if (n == 0 and m == 0): 
		return 1
	if (n == 1 and m == 0): 
		return 0
	if (m == 0): 
		return ((n - 1) * (rencontres_number(n - 1, 0)+ rencontres_number(n - 2, 0))) 
	return (binomial_coeffi(n, m) * rencontres_number(n - m, 0))","def rencontres_number(n, m):
    if n == 0:
        return 0
    if n == 1:
        return 1
    if m == 0:
        return 2
    return rencontres_number(n - 1, m) + rencontres_number(n - 1, m - 1)",True,False,0.6515,0.1345056935349077,0.6153846153846153,0.49019607843137253,0.5,0.7963731288909912,0.6161044299253678
928, convert a date of yyyy-mm-dd format to dd-mm-yyyy format.,"import re
def change_date_format(dt):
        return re.sub(r'(\d{4})-(\d{1,2})-(\d{1,2})', '\\3-\\2-\\1', dt)
        return change_date_format(dt)","def change_date_format(date):
  return date.split('-')[2] + '-' + date.split('-')[1] + '-' + date.split('-')[0]",True,True,0.6364,0.10845699504785157,0.37209302325581395,0.14634146341463417,0.37209302325581395,0.7339794635772705,0.527178840741515
929, count repeated items of a tuple.,"def count_tuplex(tuplex,value):  
  count = tuplex.count(value)
  return count","def count_tuplex(tuplex, n):
  count = 0
  for i in tuplex:
    if (i == n):
      count += 1
  return count",True,True,0.7273,0.2881519150515533,0.6206896551724137,0.29629629629629634,0.6206896551724137,0.9082968831062317,0.6985313292002546
930,Write a function that matches a string that has an a followed by zero or more b's by using regex.,"import re
def text_match(text):
        patterns = 'ab*?'
        if re.search(patterns,  text):
                return ('Found a match!')
        else:
                return ('Not matched!')","def text_match(text):
  if re.search('ab*c',text):
    return 'Found a match!'
  else:
    return 'Not matched!'",True,False,0.9091,0.4783489548361948,0.8717948717948718,0.7027027027027027,0.8205128205128205,0.9325860738754272,0.8469065667315644
931, calculate the sum of series 1³+2³+3³+….+n³.,"import math 
def sum_series(number):
 total = 0
 total = math.pow((number * (number + 1)) /2, 2)
 return total","def sum_series(n):
  sum = 0
  for i in range(1, n + 1):
    sum += i**3
  return sum",True,True,0.6591,0.17156724795475659,0.3333333333333333,0.11764705882352941,0.3333333333333333,0.7672116756439209,0.5396714975453578
932, remove duplicate words from a given list of strings.,"def remove_duplic_list(l):
    temp = []
    for x in l:
        if x not in temp:
            temp.append(x)
    return temp","def remove_duplic_list(l):
  return list(set(l))",True,False,0.4545,0.24196046347679678,0.48275862068965514,0.2962962962962963,0.41379310344827586,0.8305704593658447,0.553680349526747
933, convert camel case string to snake case string by using regex.,"import re
def camel_to_snake(text):
  str1 = re.sub('(.)([A-Z][a-z]+)', r'\1_\2', text)
  return re.sub('([a-z0-9])([A-Z])', r'\1_\2', str1).lower()","import re
def camel_to_snake(text):
  return re.sub(r'(?<!^)(?=[A-Z])', '_', text).lower()",True,True,0.9091,0.28004894073586273,0.6521739130434783,0.4545454545454545,0.5652173913043478,0.9424047470092773,0.7578488282541059
934, find the nth delannoy number.,"def dealnnoy_num(n, m): 
	if (m == 0 or n == 0) : 
		return 1
	return dealnnoy_num(m - 1, n) + dealnnoy_num(m - 1, n - 1) + dealnnoy_num(m, n - 1)","def dealnnoy_num(n, m):
  if n == 0 and m == 0:
    return 1
  if n == 0:
    return 1
  if m == 0:
    return 0
  if n == 1 and m == 1:
    return 1
  return dealnnoy_num(n - 1, m) + dealnnoy_num(n - 1, m - 1)",True,False,0.8182,0.4187065144250298,0.7397260273972602,0.5070422535211268,0.6301369863013698,0.9813231229782104,0.7837290078458645
935, calculate the sum of series 1²+2²+3²+….+n².,"def series_sum(number):
 total = 0
 total = (number * (number + 1) * (2 * number + 1)) / 6
 return total","def series_sum(n):
  sum = 0
  for i in range(1, n+1):
    sum += i*i
  return sum",True,True,0.697,0.17940100725233848,0.411764705882353,0.125,0.411764705882353,0.7982614040374756,0.5807727686089385
936, re-arrange the given tuples based on the given ordered list.,"def re_arrange_tuples(test_list, ord_list):
  temp = dict(test_list)
  res = [(key, temp[key]) for key in ord_list]
  return (res) ","def re_arrange_tuples(test_list, order_list):
    result = [test_list[i] for i in order_list]
    return result",True,False,0.7273,0.3573578934095852,0.6190476190476191,0.35000000000000003,0.6190476190476191,0.8374212980270386,0.6829201484123267
937, count the most common character in a given string.,"from collections import Counter 
def max_char(str1):
    temp = Counter(str1) 
    max_char = max(temp, key = temp.get)
    return max_char","def max_char(str1):
  d = {}
  for i in str1:
    if i in d:
      d[i] += 1
    else:
      d[i] = 1
  return max(d, key=d.get)",True,True,0.5909,0.21723558841710366,0.3829787234042554,0.17777777777777778,0.3404255319148936,0.8051718473434448,0.5495092964284645
938, find three closest elements from three sorted lists.,"import sys 

def find_closet(A, B, C, p, q, r): 
	diff = sys.maxsize 
	res_i = 0
	res_j = 0
	res_k = 0
	i = 0
	j = 0
	k = 0
	while(i < p and j < q and k < r): 
		minimum = min(A[i], min(B[j], C[k])) 
		maximum = max(A[i], max(B[j], C[k])); 
		if maximum-minimum < diff: 
			res_i = i 
			res_j = j 
			res_k = k 
			diff = maximum - minimum; 
		if diff == 0: 
			break
		if A[i] == minimum: 
			i = i+1
		elif B[j] == minimum: 
			j = j+1
		else: 
			k = k+1
	return A[res_i],B[res_j],C[res_k]","def find_closet(arr1, arr2, arr3, n1, n2, n3): 
	min_diff = 10000000000000000000000000000000000000000000000000000000000000000000000000000000000000000000000000000000000000000000000000000000000000000000000000000000000000000000000000000000000000000000000000000000000000000000000000000000000000000000000000000000000000000000000000000000000000000000000000000000000000000000000000000000000000000000000000000000000000000000000000000000000000000000000000000000000000000000000000000000000000000000000000000000000000000000000000000000000000000000000000000000000000000000000000000000000000000000000000000000000000000000000000000000000000000000000000000000000000000000000000000000000000000000000000000000000000000000000000000000000000000000000000000000000000000000000000000000000000000000000000000000000000000",True,False,0.2727,0.00011319862010652668,0.08620689655172414,0.03508771929824561,0.08620689655172414,0.7106660604476929,0.34022555112154645
940, sort the given list by using heap sort.,"def heap_sort(arr):
    heapify(arr)  
    end = len(arr) - 1
    while end > 0:
        arr[end], arr[0] = arr[0], arr[end]
        shift_down(arr, 0, end - 1)
        end -= 1
    return arr

def heapify(arr):
    start = len(arr) // 2
    while start >= 0:
        shift_down(arr, start, len(arr) - 1)
        start -= 1
def shift_down(arr, start, end):
    root = start
    while root * 2 + 1 <= end:
        child = root * 2 + 1
        if child + 1 <= end and arr[child] < arr[child + 1]:
            child += 1
        if child <= end and arr[root] < arr[child]:
            arr[root], arr[child] = arr[child], arr[root]
            root = child
        else:
            return
","def heap_sort(arr):
  heapify(arr)
  for i in range(len(arr) - 1, 0, -1):
    arr[i], arr[0] = arr[0], arr[i]
    heapify(arr, 0, i)
  return arr
def heapify(arr, start, end):
  root = start
  while True:
    child = 2 * root + 1
    if child > end:
      break
    if child + 1 <= end and arr[child] < arr[child + 1]:
      child += 1
    if arr[root] < arr[child]:
      arr[root], arr[child] = arr[child], arr[root]
      root = child
    else:
      break",True,False,0.3636,0.5265439805003862,0.7241379310344828,0.5813953488372092,0.6781609195402297,0.950178861618042,0.6793246980926965
942, check if any list element is present in the given list.,"def check_element(test_tup, check_list):
  res = False
  for ele in check_list:
    if ele in test_tup:
      res = True
      break
  return (res) ","def check_element(l1, l2):
  for i in l1:
    if i in l2:
      return True
  return False",True,True,0.8182,0.1184700416189735,0.48780487804878053,0.10256410256410256,0.4390243902439025,0.8077043294906616,0.6188558709532975
943, combine two given sorted lists using heapq module.,"from heapq import merge
def combine_lists(num1,num2):
  combine_lists=list(merge(num1, num2))
  return combine_lists","def combine_lists(l1, l2):
  import heapq
  heap = []
  for i in l1:
    heapq.heappush(heap, i)
  for i in l2:
    heapq.heappush(heap, i)
  result = []
  while heap:
    result.append(heapq.heappop(heap))
  return result",True,True,0.5455,0.09182861633600257,0.23076923076923078,0.08,0.15384615384615383,0.8668735027313232,0.49911743374340944
944, separate and print the numbers and their position of a given string.,"import re
def num_position(text):
 for m in re.finditer(""\d+"", text):
    return m.start()","def num_position(string):
  num_pos = []
  for i in range(len(string)):
    if string[i].isdigit():
      num_pos.append(i)
  return num_pos",True,False,0.6364,0.11364342994664077,0.30769230769230765,0.10810810810810811,0.30769230769230765,0.7223842144012451,0.5056273003635822
945, convert the given tuples into set.,"def tuple_to_set(t):
  s = set(t)
  return (s) ","def tuple_to_set(test_tuple):
  return set(test_tuple)",True,True,0.9091,0.36686769991558776,0.6,0.3333333333333333,0.5,0.9018048644065857,0.7312601392005303
947,Find the length of the shortest word.,"def len_log(list1):
    min=len(list1[0])
    for i in list1:
        if len(i)<min:
            min=len(i)
    return min","def len_log(words):
  return min(map(len, words))",True,True,0.5455,0.09474908894548965,0.4,0.21428571428571425,0.33333333333333326,0.7081632614135742,0.49442133610358563
949, sort the given tuple list basis the total digits in tuple.,"def count_digs(tup):
  return sum([len(str(ele)) for ele in tup ]) 
def sort_list(test_list):
  test_list.sort(key = count_digs)
  return (str(test_list))","def sort_list(test_list):
    return sorted(test_list, key=lambda x: sum(map(int, str(x))))",True,False,0.7636,0.2357221134783311,0.4888888888888888,0.2325581395348837,0.39999999999999997,0.7389753460884094,0.5936303783444095
950, display sign of the chinese zodiac for given year.,"def chinese_zodiac(year):
 if (year - 2000) % 12 == 0:
     sign = 'Dragon'
 elif (year - 2000) % 12 == 1:
     sign = 'Snake'
 elif (year - 2000) % 12 == 2:
     sign = 'Horse'
 elif (year - 2000) % 12 == 3:
     sign = 'sheep'
 elif (year - 2000) % 12 == 4:
     sign = 'Monkey'
 elif (year - 2000) % 12 == 5:
     sign = 'Rooster'
 elif (year - 2000) % 12 == 6:
     sign = 'Dog'
 elif (year - 2000) % 12 == 7:
     sign = 'Pig'
 elif (year - 2000) % 12 == 8:
     sign = 'Rat'
 elif (year - 2000) % 12 == 9:
     sign = 'Ox'
 elif (year - 2000) % 12 == 10:
     sign = 'Tiger'
 else:
     sign = 'Hare'
 return sign","def chinese_zodiac(year):
  if year % 12 == 0:
    return 'Ox'
  elif year % 12 == 1:
    return 'Tiger'
  elif year % 12 == 2:
    return 'Rabbit'
  elif year % 12 == 3:
    return 'Dragon'
  elif year % 12 == 4:
    return 'Snake'
  elif year % 12 == 5:
    return 'Horse'
  elif year % 12 == 6:
    return 'Goat'
  elif year % 12 == 7:
    return 'Monkey'
  elif year % 12 == 8:
    return 'Rooster'
  elif year % 12 == 9:
    return 'Dog'
  elif year % 12 == 10:
    return 'Pig'
  elif year % 12 == 11:
    return 'Rat'",True,False,0.6818,0.33060982734979244,0.7283950617283951,0.42500000000000004,0.6049382716049383,0.9333675503730774,0.7150198722791365
951, find the maximum of similar indices in two lists of tuples.,"def max_similar_indices(test_list1, test_list2):
  res = [(max(x[0], y[0]), max(x[1], y[1]))
   for x, y in zip(test_list1, test_list2)]
  return (res) ","def max_similar_indices(a, b):
    res = []
    for i in range(len(a)):
        for j in range(len(b)):
            if a[i][0] == b[j][0]:
                res.append(a[i])
                break
    return max(res, key=lambda x: x[1])",True,False,0.5682,0.22279577148586063,0.4347826086956522,0.11940298507462686,0.2898550724637681,0.7861384153366089,0.5324046935092609
952, compute the value of ncr mod p.,"def nCr_mod_p(n, r, p): 
	if (r > n- r): 
		r = n - r 
	C = [0 for i in range(r + 1)] 
	C[0] = 1 
	for i in range(1, n + 1): 
		for j in range(min(i, r), 0, -1): 
			C[j] = (C[j] + C[j-1]) % p 
	return C[r] ","def nCr_mod_p(n, r, p): 
    res = 1
    for i in range(r): 
        res = (res * (n - i)) % p 
    for i in range(r): 
        res = (res * pow(i + 1, p - 2, p)) % p 
    return res",True,False,0.6439,0.29177295606646647,0.528735632183908,0.3764705882352941,0.4597701149425288,0.9401244521141052,0.6598584637181182
953,Find the minimun number of subsets with distinct elements.,"def subset(ar, n): 
    res = 0
    ar.sort() 
    for i in range(0, n) : 
        count = 1
        for i in range(n - 1): 
            if ar[i] == ar[i + 1]: 
                count+=1
            else: 
                break 
        res = max(res, count)  
    return res ","def subset(nums, n): 
	dp = [[0 for i in range(n + 1)] for j in range(n + 1)] 
	for i in range(n + 1): 
		dp[i][0] = 1
	for i in range(1, n + 1): 
		for j in range(1, n + 1): 
			dp[i][j] = dp[i - 1][j] 
			if nums[i - 1] == nums[j - 1]: 
				dp[i][j] += dp[i - 1][j - 1] 
	return dp[n][n]",True,False,0.8636,0.1574913607736207,0.4339622641509434,0.21153846153846156,0.4150943396226416,0.7007574439048767,0.5931515418794825
954,Write a function that gives profit amount if the given amount has profit else return none.,"def profit_amount(actual_cost,sale_amount): 
 if(actual_cost > sale_amount):
    amount = actual_cost - sale_amount
    return amount
 else:
    return None","def profit_amount(amount, cost):
    if amount > cost:
        return amount - cost
    else:
        return None",True,True,0.9091,0.178402059750006,0.7777777777777778,0.35294117647058826,0.6666666666666665,0.9161720275878906,0.7612002522320696
955," find out, if the given number is abundant.","def is_abundant(n):
    fctrsum = sum([fctr for fctr in range(1, n) if n % fctr == 0])
    return fctrsum > n","def is_abundant(n):
  if n <= 1:
    return False
  sum = 0
  for i in range(1, n):
    if n % i == 0:
      sum += i
  if sum > n:
    return True
  else:
    return False",True,True,0.6515,0.3058585545168829,0.5882352941176471,0.326530612244898,0.5490196078431372,0.9184489250183105,0.672420980408577
956, split the given string at uppercase letters by using regex.,"import re
def split_list(text):
  return (re.findall('[A-Z][^A-Z]*', text))","def split_list(string):
  return re.findall('[A-Z][^A-Z]*', string)",True,False,1.0,0.644060855164929,0.7692307692307692,0.6666666666666667,0.7692307692307692,0.9428723454475403,0.8700524320641576
957,Get the position of rightmost set bit.,"import math
def get_First_Set_Bit_Pos(n):
     return math.log2(n&-n)+1","def get_First_Set_Bit_Pos(n):
  if (n == 0):
    return -1
  while (n != 1):
    if (n & 1):
      return 1
    n = n >> 1
  return 0",True,False,0.4848,0.3137577218852443,0.5499999999999999,0.4210526315789474,0.5499999999999999,0.8195950984954834,0.597986688240891
958, convert an integer into a roman numeral.,"def int_to_roman( num):
        val = [1000, 900, 500, 400,100, 90, 50, 40,10, 9, 5, 4,1]
        syb = [""M"", ""CM"", ""D"", ""CD"",""C"", ""XC"", ""L"", ""XL"",""X"", ""IX"", ""V"", ""IV"",""I""]
        roman_num = ''
        i = 0
        while  num > 0:
            for _ in range(num // val[i]):
                roman_num += syb[i]
                num -= val[i]
            i += 1
        return roman_num","def int_to_roman(num):
    roman = {1: 'I', 4: 'IV', 5: 'V', 9: 'IX', 10: 'X', 40: 'XL', 50: 'L', 90: 'XC', 100: 'C', 400: 'CD', 500: 'D', 900: 'CM', 1000: 'M'}
    result = ''
    for key in sorted(roman.keys()):
        while num >= key:
            result += roman[key]
            num -= key
    return result",True,False,0.5455,0.12860873937927372,0.7476635514018692,0.09523809523809523,0.2429906542056075,0.8295903205871582,0.5555693441763655
959,Find the average of a list.,"def Average(lst): 
    return sum(lst) / len(lst) ","def average(nums):
  return sum(nums)/len(nums)",True,False,1.0,0.41211837513230276,0.625,0.2857142857142857,0.625,0.7992264628410339,0.7414768137933064
960, solve tiling problem.,"def get_noOfways(n):
    if (n == 0):
        return 0;
    if (n == 1):
        return 1; 
    return get_noOfways(n - 1) + get_noOfways(n - 2);","def get_noOfways(n):
    if n == 4:
        return 3
    if n == 3:
        return 2
    if n == 5:
        return 5
    return get_noOfways(n - 1) + get_noOfways(n - 2) + get_noOfways(n - 3)",True,True,0.8182,0.49803125226260186,0.6909090909090908,0.5283018867924528,0.6909090909090908,0.9579915404319763,0.7887925314443472
961, convert a roman numeral to an integer.,"def roman_to_int(s):
        rom_val = {'I': 1, 'V': 5, 'X': 10, 'L': 50, 'C': 100, 'D': 500, 'M': 1000}
        int_val = 0
        for i in range(len(s)):
            if i > 0 and rom_val[s[i]] > rom_val[s[i - 1]]:
                int_val += rom_val[s[i]] - 2 * rom_val[s[i - 1]]
            else:
                int_val += rom_val[s[i]]
        return int_val","def roman_to_int(s):
    rom_val = {'I': 1, 'V': 5, 'X': 10, 'L': 50, 'C': 100, 'D': 500, 'M': 1000}
    int_val = 0
    for i in range(len(s)):
        if i > 0 and rom_val[s[i]] > rom_val[s[i - 1]]:
            int_val += rom_val[s[i]] - 2 * rom_val[s[i - 1]]
        else:
            int_val += rom_val[s[i]]
    return int_val",True,True,1.0,1.0,1.0,1.0,1.0,1.0,1.0
962,Find the sum of all even natural numbers within the range l and r.,"def sum_Natural(n): 
    sum = (n * (n + 1)) 
    return int(sum) 
def sum_Even(l,r): 
    return (sum_Natural(int(r / 2)) - sum_Natural(int((l - 1) / 2))) ","def sum_Even(l, r):
    sum = 0
    for i in range(l, r + 1):
        if i % 2 == 0:
            sum += i
    return sum",True,True,0.2909,0.1854997958661376,0.52,0.20833333333333334,0.36000000000000004,0.8042037487030029,0.48916295829933143
964,Check whether the length of the word is even or not.,"def word_len(s): 
    s = s.split(' ')   
    for word in s:    
        if len(word)%2==0: 
            return True  
        else:
          return False","def word_len(word):
  if len(word)%2==0:
    return True
  else:
    return False",True,True,0.8182,0.49958679573006104,0.8,0.6666666666666667,0.8,0.9115244746208191,0.8068755790236262
965, convert camel case string to snake case string.,"def camel_to_snake(text):
        import re
        str1 = re.sub('(.)([A-Z][a-z]+)', r'\1_\2', text)
        return re.sub('([a-z0-9])([A-Z])', r'\1_\2', str1).lower()","def camel_to_snake(text):
    return '_'.join(x.lower() for x in re.findall('[A-Z][^A-Z]*', text))",True,False,0.9091,0.19612457170684405,0.5200000000000001,0.33333333333333337,0.44000000000000006,0.9000182151794434,0.6965604991501563
967,Accept the strings which contains all vowels.,"def check(string): 
  if len(set(string).intersection(""AEIOUaeiou""))>=5: 
    return ('accepted') 
  else: 
    return (""not accepted"") ","def check(string):
  vowels = 'aeiou'
  if any(char not in vowels for char in string):
    return 'not accepted'
  else:
    return 'accepted'",True,False,0.7273,0.18734721303828966,0.5945945945945946,0.4,0.5405405405405405,0.7785189151763916,0.6335818821561066
968,Find maximum possible value for the given periodic function.,"def floor_Max(A,B,N):
    x = min(B - 1,N)
    return (A*x) // B","def floor_Max(a, b, c):
    if (a > b and a > c):
        return a
    elif (b > a and b > c):
        return b
    else:
        return c",True,False,0.4545,0.11182087498320196,0.45,0.2631578947368421,0.45,0.8218945264816284,0.5381280665037322
969, join the tuples if they have similar initial elements.,"def join_tuples(test_list):
  res = []
  for sub in test_list:
    if res and res[-1][0] == sub[0]:
      res[-1].extend(sub[1:])
    else:
      res.append([ele for ele in sub])
  res = list(map(tuple, res))
  return (res) ","def join_tuples(test_cases):
  result = []
  for test_case in test_cases:
    result.append(eval(test_case))
  return result",True,False,0.6364,0.10056111727555761,0.3103448275862069,0.14285714285714285,0.3103448275862069,0.790867805480957,0.5306889076852995
970, find minimum of two numbers.,"def min_of_two( x, y ):
    if x < y:
        return x
    return y","def min_of_two(a,b):
  if (a < b):
    return a
  else:
    return b",True,True,1.0,0.3214110553053944,0.5185185185185186,0.24000000000000002,0.5185185185185186,0.9339801073074341,0.750663772717771
971," find the maximum number of segments of lengths a, b and c that can be formed from n.","def maximum_segments(n, a, b, c) : 
	dp = [-1] * (n + 10) 
	dp[0] = 0
	for i in range(0, n) : 
		if (dp[i] != -1) : 
			if(i + a <= n ): 
				dp[i + a] = max(dp[i] + 1, 
							dp[i + a]) 
			if(i + b <= n ): 
				dp[i + b] = max(dp[i] + 1, 
							dp[i + b]) 
			if(i + c <= n ): 
				dp[i + c] = max(dp[i] + 1, 
							dp[i + c]) 
	return dp[n]","def maximum_segments(a, b, c, n):
    if (a + b + c) % n != 0:
        return -1
    if (a + b + c) == 0:
        return 0
    if (a + b + c) == n:
        return 1
    if (a + b + c) == 2 * n:
        return 2
    if (a + b + c) == 3 * n:
        return 3
    if (a + b + c) == 4 * n:
        return 4
    if (a + b + c) == 5 * n:
        return 5
    if (a + b + c) == 6 * n:
        return 6
    if (a + b + c) == 7 * n:
        return 7
    if (a + b + c) == 8 * n:
        return 8
    if (a + b + c) == 9 * n:
        return 9
    if (a + b + c) == 10 * n:
        return 10
    if (a + b + c) == 11 * n:
        return 11
    if (a + b + c) == 12 * n:
        return 12
    if (a + b + c) == 13 * n:
        return 13
    if (a + b + c) == 14 * n:
        return 14
    if (a + b + c) == 15 * n:
        return 15
    if (a + b + c) == 16 * n:
        return 16
    if (a + b + c) == 17 * n:
        return 17
    if (a + b + c) == 18 * n:
        return 18
    if (a + b + c) == 19 * n:
        return 19
    if (a + b + c) == 20 * n:
        return 20
    if (a + b + c) == 21 * n:
        return 21
    if (a + b + c) == 22 * n:
        return 22
    if (a + b + c) == 23 * n:
        return 23
    if (a + b + c) == 24 * n:
        return 24
    if (a + b + c) == 25 * n:
        return 25
    if (a + b + c) == 26 * n:
        return 26
    if (a + b + c) == 27 * n:
        return 27
    if (a + b + c) == 28 * n:
        return 28
    if (a + b + c) == 29 * n:
        return 29
    if (a + b + c) == 30 * n:
        return 30
    if (a + b + c) == 31 * n:
        return 31
    if (a + b + c) == 32 * n:
        return 32
    if (a + b + c) == 33 * n:
        return 33
    if (a + b + c) == 34 * n:
        return 34
    if (a + b + c) == 35 * n:
        return 35
    if (a +",True,False,0.0,0.03299910018498155,0.1774193548387097,0.03783783783783784,0.16129032258064516,0.7967944145202637,0.32600533086345
972, concatenate the given two tuples to a nested tuple.,"def concatenate_nested(test_tup1, test_tup2):
  res = test_tup1 + test_tup2
  return (res) ","def concatenate_nested(tup1, tup2):
  return (tup1 + tup2)",True,True,0.9091,0.20263525442899905,0.7272727272727273,0.3,0.6363636363636364,0.910906195640564,0.7495375120989155
973,Left rotate the string.,"def left_rotate(s,d):
    tmp = s[d : ] + s[0 : d]
    return tmp  ","def left_rotate(string, k):
    return string[k:] + string[:k]",True,True,0.9091,0.2228476077324822,0.34782608695652173,0.1904761904761905,0.34782608695652173,0.751105546951294,0.6089270334691411
974, find the minimum total path sum in the given triangle.,"def min_sum_path(A): 
	memo = [None] * len(A) 
	n = len(A) - 1
	for i in range(len(A[n])): 
		memo[i] = A[n][i] 
	for i in range(len(A) - 2, -1,-1): 
		for j in range( len(A[i])): 
			memo[j] = A[i][j] + min(memo[j], 
									memo[j + 1]) 
	return memo[0]","def min_sum_path(arr):
    for i in range(len(arr)-2, -1, -1):
        for j in range(len(arr[i])):
            arr[i][j] += min(arr[i+1][j], arr[i+1][j+1])
    return arr[0][0]",True,True,0.697,0.36098327841842137,0.6236559139784946,0.3956043956043956,0.5591397849462365,0.8656597137451172,0.679346006572638
